{
"type": "FeatureCollection",
"name": "gemarkungen",
"crs": { "type": "name", "properties": { "name": "urn:ogc:def:crs:OGC:1.3:CRS84" } },
"features": [
{ "type": "Feature", "properties": { "Gemarkung": "Aichhalden", "Schluessel": "085830", "Ebene": "Gemarkung" }, "geometry": { "type": "Polygon", "coordinates": [ [ [ 8.394304171064963, 48.24503349858464 ], [ 8.392496149083007, 48.244452929599809 ], [ 8.390983226733111, 48.244137863369993 ], [ 8.389293785414967, 48.244124494171565 ], [ 8.386988861259692, 48.24382369956399 ], [ 8.383108075636745, 48.243062682327526 ], [ 8.382115627854615, 48.242786727770827 ], [ 8.381678663631673, 48.242085052524423 ], [ 8.38104623175678, 48.242280570508328 ], [ 8.381170655304741, 48.242740800055536 ], [ 8.381048107176211, 48.24314104068425 ], [ 8.379910073805171, 48.243644671230498 ], [ 8.378869828923671, 48.244591374422733 ], [ 8.378411926455918, 48.244675269808717 ], [ 8.377465398222657, 48.245043518780477 ], [ 8.377639540272106, 48.245400467266158 ], [ 8.377760249354118, 48.246886771945881 ], [ 8.377895328660722, 48.247366495567064 ], [ 8.37824340141171, 48.247655288020617 ], [ 8.379967691082827, 48.248583987623661 ], [ 8.3802694325055, 48.249018722904729 ], [ 8.38117703538288, 48.24959239212221 ], [ 8.38406173899253, 48.250024794940963 ], [ 8.383394473971041, 48.251070971301125 ], [ 8.384037892529939, 48.251471990623806 ], [ 8.386458789665951, 48.253321550104154 ], [ 8.386932859453779, 48.253817645629859 ], [ 8.386729000037271, 48.25439460585519 ], [ 8.386972711805885, 48.25534111384507 ], [ 8.387103474538444, 48.256596780436041 ], [ 8.386697689075433, 48.257508246021821 ], [ 8.386287525710504, 48.258086353799769 ], [ 8.386252503529999, 48.258513426753247 ], [ 8.385935294979411, 48.259203859982641 ], [ 8.385585318800402, 48.259873334491367 ], [ 8.384184900464495, 48.260645688979629 ], [ 8.382618240971023, 48.262855637648968 ], [ 8.383753679765505, 48.26476464784492 ], [ 8.383860685661054, 48.265279030141009 ], [ 8.383891631219157, 48.265529577676965 ], [ 8.383243167761709, 48.266182959882435 ], [ 8.382523932333614, 48.267195111667789 ], [ 8.382637790580755, 48.26757628870989 ], [ 8.382547108239887, 48.268369861561993 ], [ 8.383517626273211, 48.269950142336526 ], [ 8.383850386162406, 48.270743286114268 ], [ 8.38380877517581, 48.271794341471725 ], [ 8.383948508286439, 48.272233235169857 ], [ 8.384341579968568, 48.272786755178018 ], [ 8.386888462381577, 48.273867024785908 ], [ 8.387326701163028, 48.274129638292983 ], [ 8.387764053128956, 48.274692469052496 ], [ 8.38739935863728, 48.27628170301724 ], [ 8.387552590084345, 48.276891603241985 ], [ 8.388660516399154, 48.278730058267683 ], [ 8.388611781870571, 48.278781710755652 ], [ 8.389944926922244, 48.279529947532282 ], [ 8.38963500369878, 48.279963928302621 ], [ 8.391282361063482, 48.280533070862354 ], [ 8.392072337428589, 48.282613981379455 ], [ 8.39215048571719, 48.28335519092942 ], [ 8.394583158876085, 48.285830986350142 ], [ 8.396109789215586, 48.286667347797014 ], [ 8.398251611830675, 48.286997601048981 ], [ 8.401089253782617, 48.287634811932016 ], [ 8.402405366221863, 48.2876827737648 ], [ 8.404114512798731, 48.287284807521495 ], [ 8.405083173088597, 48.286826127952985 ], [ 8.406584193573442, 48.285584948424919 ], [ 8.408291198002027, 48.28434822791484 ], [ 8.410098086084519, 48.282893642048691 ], [ 8.410508451355073, 48.282655261939162 ], [ 8.411628157658782, 48.282177238327293 ], [ 8.414871089583292, 48.281062437009368 ], [ 8.416388160804319, 48.28073114662439 ], [ 8.418515810217116, 48.280589608739177 ], [ 8.420125090806433, 48.280646767180841 ], [ 8.423523710760303, 48.280943564564659 ], [ 8.424127668925495, 48.280934984653463 ], [ 8.424975344908205, 48.28080481419498 ], [ 8.425828574042018, 48.280515511877546 ], [ 8.42628707241362, 48.280195444909943 ], [ 8.427971796857415, 48.278553374680989 ], [ 8.429765393480681, 48.277437142563961 ], [ 8.430567562158064, 48.276726051634284 ], [ 8.434333433558791, 48.272379567544803 ], [ 8.436150143906973, 48.269142260467234 ], [ 8.436647175891347, 48.268501154416604 ], [ 8.437225642242147, 48.268125131006741 ], [ 8.437653795140193, 48.267962673828464 ], [ 8.43861753637816, 48.267793744175457 ], [ 8.442608129688084, 48.265197692008904 ], [ 8.441665782550604, 48.264781336033366 ], [ 8.439622987795607, 48.264215665774351 ], [ 8.439319315359439, 48.262240192898375 ], [ 8.438840385549584, 48.26089148195873 ], [ 8.437178756159705, 48.260760374525383 ], [ 8.437286272701103, 48.26029423534132 ], [ 8.436376776484163, 48.260272147281526 ], [ 8.437012139603548, 48.257724658840957 ], [ 8.438233039353944, 48.255094647963674 ], [ 8.434743075162388, 48.2550069198345 ], [ 8.434047921682081, 48.254932425502524 ], [ 8.434215769114525, 48.253041216703004 ], [ 8.434098214700747, 48.252523589901521 ], [ 8.433411912642685, 48.251651025540177 ], [ 8.433100358638342, 48.251635364914868 ], [ 8.432794844908331, 48.250878663415655 ], [ 8.432950747493623, 48.250850552486824 ], [ 8.432493792637437, 48.249719554205818 ], [ 8.432900110129458, 48.249752777900483 ], [ 8.433505583907699, 48.248305111216879 ], [ 8.430350080869083, 48.248090781384789 ], [ 8.43012450389182, 48.24751620458165 ], [ 8.429379067997925, 48.247672831525506 ], [ 8.426840679104206, 48.247483868286835 ], [ 8.424967261441708, 48.247805958539224 ], [ 8.423648846571783, 48.247776415673066 ], [ 8.423143742465236, 48.247414098782073 ], [ 8.42178631467149, 48.247333236713253 ], [ 8.421196821808609, 48.246894733353464 ], [ 8.421169555542997, 48.246613264585058 ], [ 8.420407717307288, 48.247147348637647 ], [ 8.416462324415987, 48.246908680223363 ], [ 8.415904280159227, 48.248586458368095 ], [ 8.414922810383617, 48.246484842535907 ], [ 8.414380783965568, 48.244572860945702 ], [ 8.413996313560503, 48.243940582451415 ], [ 8.412904807610499, 48.244289400609723 ], [ 8.411406617995414, 48.244311610731145 ], [ 8.411809221119944, 48.245227751430363 ], [ 8.411170199325843, 48.245440765145908 ], [ 8.410653243853709, 48.245545179214716 ], [ 8.410569854699755, 48.245358606856335 ], [ 8.409739602616302, 48.245520699631776 ], [ 8.408770198293386, 48.24543771642427 ], [ 8.408832051385186, 48.245622379998807 ], [ 8.40752721357352, 48.245950706832176 ], [ 8.406796217317771, 48.244749816361747 ], [ 8.405973533066, 48.244991003367907 ], [ 8.402669861839877, 48.245579196889672 ], [ 8.401260571201085, 48.245240152986113 ], [ 8.400758696041496, 48.246427372669913 ], [ 8.400653163360156, 48.246455792505024 ], [ 8.399685476756614, 48.245247414950313 ], [ 8.399106702451297, 48.244797427906697 ], [ 8.397572484513892, 48.244020438443243 ], [ 8.396213379155796, 48.243532337523803 ], [ 8.395696956685422, 48.243213204980101 ], [ 8.395244268697917, 48.242778165879876 ], [ 8.394820453354608, 48.243766850235005 ], [ 8.394681127544446, 48.244467691935029 ], [ 8.394304171064963, 48.24503349858464 ] ] ] } },
{ "type": "Feature", "properties": { "Gemarkung": "Aistaig", "Schluessel": "085811", "Ebene": "Gemarkung" }, "geometry": { "type": "Polygon", "coordinates": [ [ [ 8.570984392507922, 48.308077260272604 ], [ 8.568615940411775, 48.307694587123706 ], [ 8.567799491761432, 48.307694850769465 ], [ 8.566968835843053, 48.307509362566805 ], [ 8.565513522267311, 48.307593211638562 ], [ 8.564689083038319, 48.307486631794681 ], [ 8.564574281631883, 48.307554212535194 ], [ 8.564554974311825, 48.307715360894129 ], [ 8.564655891598656, 48.307932474212691 ], [ 8.563569724813222, 48.307836861040073 ], [ 8.562111807429442, 48.307923806050397 ], [ 8.562089640966752, 48.308087192288909 ], [ 8.561655339100634, 48.308250178099911 ], [ 8.559873647464931, 48.308551422025836 ], [ 8.556293404160577, 48.308804598865812 ], [ 8.553779374521115, 48.309211061558699 ], [ 8.552763966565196, 48.309274143282735 ], [ 8.552682973171303, 48.310131396746634 ], [ 8.552292890571403, 48.311740203595136 ], [ 8.552388358162217, 48.312775828593217 ], [ 8.552674891953583, 48.313139151542302 ], [ 8.554340538841977, 48.313610658266668 ], [ 8.555851638177639, 48.314425039028677 ], [ 8.555068479580367, 48.315687851023696 ], [ 8.554630330789783, 48.316763242701342 ], [ 8.557316665803945, 48.318044759602216 ], [ 8.557246383608911, 48.318559821047884 ], [ 8.557702936538217, 48.318690140667087 ], [ 8.558179813921445, 48.318685225926686 ], [ 8.559041183015697, 48.318642468252577 ], [ 8.560175704235851, 48.318442496716223 ], [ 8.560303840012269, 48.319212655683238 ], [ 8.560251660376609, 48.319586629584222 ], [ 8.560822929325425, 48.320796531125467 ], [ 8.561454073039513, 48.321886011961197 ], [ 8.562121854855357, 48.322512208074166 ], [ 8.564977243850389, 48.322500281197243 ], [ 8.56731160492863, 48.321807702782642 ], [ 8.569217520356084, 48.320757023405655 ], [ 8.571154571023463, 48.321325386719202 ], [ 8.571138281747029, 48.321401887992408 ], [ 8.574990328522466, 48.32217298922253 ], [ 8.580618132603046, 48.322424592012403 ], [ 8.58165211512792, 48.322526241556353 ], [ 8.582874155074533, 48.322925365301998 ], [ 8.584382704275825, 48.323562035032317 ], [ 8.584502341980903, 48.323547982568762 ], [ 8.585737599843364, 48.324919397321985 ], [ 8.585076036976385, 48.326081635873877 ], [ 8.585123780387475, 48.327380841656435 ], [ 8.586367491225422, 48.328421110710458 ], [ 8.584778102974806, 48.328614571121939 ], [ 8.583355195717745, 48.32865818794216 ], [ 8.583509360085662, 48.32891218322105 ], [ 8.583463330711151, 48.329494822559468 ], [ 8.586887653572335, 48.329482251122009 ], [ 8.587093111434958, 48.329384744920155 ], [ 8.587474402588313, 48.329449989553524 ], [ 8.587443464773054, 48.329772949932241 ], [ 8.58760006941883, 48.330480201885401 ], [ 8.587583756310377, 48.331716828848556 ], [ 8.587696853442802, 48.331746473542182 ], [ 8.589345661445968, 48.331825964694005 ], [ 8.589325785535179, 48.331545556808088 ], [ 8.589501542898374, 48.331164904342906 ], [ 8.593429117385595, 48.33135401939321 ], [ 8.593007114870099, 48.330772960074462 ], [ 8.59308392757239, 48.33019105579762 ], [ 8.59399201307629, 48.329178897714449 ], [ 8.594778486559283, 48.328526621645182 ], [ 8.595253144952228, 48.327670907624544 ], [ 8.595780958827023, 48.326505801924661 ], [ 8.595504416052975, 48.325445108440313 ], [ 8.595769122458977, 48.325101375386353 ], [ 8.595613757809723, 48.324498050239178 ], [ 8.595968310125485, 48.323999889217212 ], [ 8.596424088007064, 48.323392052585348 ], [ 8.597253613986837, 48.323304633221078 ], [ 8.59801943734813, 48.323787106382639 ], [ 8.598474084220811, 48.32387002458006 ], [ 8.599571302625797, 48.322863969564395 ], [ 8.598705382241006, 48.32172808659292 ], [ 8.597742899590848, 48.320096680339027 ], [ 8.598600171728448, 48.318631951946614 ], [ 8.598450183870929, 48.318699533522036 ], [ 8.597871163603642, 48.318125409730328 ], [ 8.597663976470656, 48.318108131231767 ], [ 8.595675615492553, 48.31713212282709 ], [ 8.594555888802917, 48.316728907041501 ], [ 8.593573850158133, 48.316569168207458 ], [ 8.592690288791935, 48.316764510236531 ], [ 8.592020899326268, 48.316640772135557 ], [ 8.592228704016739, 48.317375101157026 ], [ 8.592048539772566, 48.317927940116661 ], [ 8.590791453128562, 48.317548671521912 ], [ 8.588864535745858, 48.316717071067643 ], [ 8.587853572912655, 48.316583630330385 ], [ 8.58731748289328, 48.316122875582117 ], [ 8.58553266589349, 48.314929700832216 ], [ 8.584684112125752, 48.314151752492329 ], [ 8.583995645033514, 48.313992181720039 ], [ 8.58323196826208, 48.313528694985308 ], [ 8.581057711774148, 48.315232421997308 ], [ 8.580084679816126, 48.314953484135906 ], [ 8.578523892940087, 48.314260605838435 ], [ 8.577328016765504, 48.313825544354906 ], [ 8.576958444031543, 48.313598367920235 ], [ 8.576836379404128, 48.312995048520811 ], [ 8.577065474194539, 48.312414432931888 ], [ 8.577710843380125, 48.311466210333286 ], [ 8.577777912112687, 48.310774968218894 ], [ 8.578330455574028, 48.308975940365571 ], [ 8.578872309576992, 48.30881562464468 ], [ 8.579480785353724, 48.308490819854093 ], [ 8.579538415800039, 48.308042183689814 ], [ 8.578940089899916, 48.307215804290728 ], [ 8.580744757139584, 48.307103100235381 ], [ 8.579949098909946, 48.306575957532878 ], [ 8.579116647534665, 48.305884034404343 ], [ 8.576425161785686, 48.304453749081119 ], [ 8.575698475999236, 48.305328432189242 ], [ 8.574637690614347, 48.305996300085091 ], [ 8.573889233343925, 48.30619136776906 ], [ 8.572999639130471, 48.306233232107658 ], [ 8.57231444764828, 48.306425015679359 ], [ 8.571976607078206, 48.30663743133033 ], [ 8.57185922822077, 48.306595339569981 ], [ 8.571323784642113, 48.307423563655057 ], [ 8.571172435215075, 48.308023531310397 ], [ 8.571004221518852, 48.308012377833784 ], [ 8.570984392507922, 48.308077260272604 ] ] ] } },
{ "type": "Feature", "properties": { "Gemarkung": "Aixheim", "Schluessel": "086261", "Ebene": "Gemarkung" }, "geometry": { "type": "Polygon", "coordinates": [ [ [ 8.675870462405223, 48.093821977823033 ], [ 8.674212549591605, 48.092903998462496 ], [ 8.672477938446194, 48.094260592172482 ], [ 8.671279871288037, 48.093517523412494 ], [ 8.670597809345537, 48.093531495124431 ], [ 8.670034609461442, 48.09337638957858 ], [ 8.669872288669199, 48.094019482780872 ], [ 8.66906198725065, 48.09492954342732 ], [ 8.667955474115983, 48.095511969772552 ], [ 8.668049550079379, 48.095669150163545 ], [ 8.667974384244278, 48.095766461066368 ], [ 8.666833292049127, 48.095979627573975 ], [ 8.665573855720242, 48.095945919172941 ], [ 8.665092789130354, 48.09606741792912 ], [ 8.6647226366384, 48.095923555359413 ], [ 8.664107816081192, 48.095939394164439 ], [ 8.663526524456509, 48.096085965062308 ], [ 8.663049654774259, 48.096612514842761 ], [ 8.661533701526164, 48.097537005450647 ], [ 8.660968790518973, 48.097823515760005 ], [ 8.660340914930451, 48.097941772304651 ], [ 8.659257031153102, 48.099018119542819 ], [ 8.658287722282131, 48.098708981832395 ], [ 8.656758912727007, 48.099020492044119 ], [ 8.655612233584097, 48.099408882859592 ], [ 8.65485293819024, 48.099451050316326 ], [ 8.653819885955244, 48.099396389914048 ], [ 8.651674672584191, 48.0984923620234 ], [ 8.648405104392516, 48.097704430216076 ], [ 8.646291045104268, 48.097647649216682 ], [ 8.645581185503776, 48.097691077179412 ], [ 8.643946978976933, 48.098359994625184 ], [ 8.643692193036927, 48.098320517614688 ], [ 8.642996902453239, 48.098488943825195 ], [ 8.642733552555605, 48.098774411559134 ], [ 8.642279031692151, 48.099007460745248 ], [ 8.641528446522001, 48.099109757546458 ], [ 8.64102273161269, 48.09905509633213 ], [ 8.640441590176577, 48.099165652674763 ], [ 8.640264251817621, 48.099903485538988 ], [ 8.639673992622095, 48.100971205400761 ], [ 8.639812335212996, 48.101010506331335 ], [ 8.639469953047739, 48.102278736005488 ], [ 8.639331326657643, 48.102145144745577 ], [ 8.639111007382231, 48.102264743574445 ], [ 8.638447113820034, 48.102179344153392 ], [ 8.638133720721923, 48.102258701366956 ], [ 8.638106092183715, 48.102042235415766 ], [ 8.637603175207262, 48.101968134387533 ], [ 8.637341666312823, 48.10179411628728 ], [ 8.637065808479862, 48.10238030266256 ], [ 8.635592634153845, 48.103756866992654 ], [ 8.635208373819651, 48.104585535112115 ], [ 8.634721616445065, 48.105185351247279 ], [ 8.633993685686621, 48.105695776569796 ], [ 8.637995614783852, 48.105743630829345 ], [ 8.63960702157992, 48.105613739891609 ], [ 8.641503477254812, 48.105656649357336 ], [ 8.642806735746422, 48.105601686893834 ], [ 8.64345008733094, 48.105712368967978 ], [ 8.643935272228847, 48.106415372384838 ], [ 8.644453776130613, 48.106885993298931 ], [ 8.644711803268896, 48.107806288464403 ], [ 8.644303197182643, 48.108734058395115 ], [ 8.643646845095059, 48.10869099857026 ], [ 8.642051501036633, 48.108816857532311 ], [ 8.64031392863461, 48.109109504165659 ], [ 8.639758974842554, 48.109377856903095 ], [ 8.639661548240586, 48.109631897617497 ], [ 8.639794126807102, 48.109903393860002 ], [ 8.642857496396955, 48.110528981420558 ], [ 8.643824829603389, 48.111220526300862 ], [ 8.646710699600556, 48.112593743587254 ], [ 8.647744238585711, 48.11328311945033 ], [ 8.648411311124523, 48.11475725555583 ], [ 8.651160285822447, 48.116353967045789 ], [ 8.654752970847632, 48.118069751253067 ], [ 8.656997713898297, 48.1193313767033 ], [ 8.660414775582961, 48.120312931931373 ], [ 8.661246088472589, 48.120501443520595 ], [ 8.66407233402135, 48.120721169032969 ], [ 8.664853076869695, 48.120899250087149 ], [ 8.665979038827651, 48.121013011354087 ], [ 8.668232728198621, 48.121177346845535 ], [ 8.669442054688504, 48.121138185636255 ], [ 8.670320148371285, 48.120826892046949 ], [ 8.671042579649175, 48.120439481408233 ], [ 8.672548378311765, 48.119902611177032 ], [ 8.673315440360458, 48.119507216044568 ], [ 8.675911256757988, 48.11872048881289 ], [ 8.677762853497025, 48.11834800055523 ], [ 8.679077279390503, 48.117925939645986 ], [ 8.680088883044428, 48.117733704668922 ], [ 8.682396212149955, 48.118073533623516 ], [ 8.683803821963219, 48.119143471311048 ], [ 8.685687783308724, 48.117907860753682 ], [ 8.686747345784608, 48.117315061172867 ], [ 8.687282809632407, 48.117176705774526 ], [ 8.687623447094607, 48.11699409299235 ], [ 8.688628002858866, 48.117226153002107 ], [ 8.689644732540572, 48.117000019017176 ], [ 8.689840373818535, 48.116886375020812 ], [ 8.690326546083714, 48.116317994879417 ], [ 8.691563770203221, 48.115816139365123 ], [ 8.69271985068948, 48.115083639893747 ], [ 8.693664542786658, 48.114127979145458 ], [ 8.695286401506204, 48.112046241036211 ], [ 8.696810603110725, 48.111219486928007 ], [ 8.698193048019693, 48.109356062666038 ], [ 8.698664000160074, 48.107594510423226 ], [ 8.698279819819341, 48.107017152574663 ], [ 8.699035043469843, 48.105706555702696 ], [ 8.698883372098893, 48.105662522779241 ], [ 8.6988771980335, 48.10538566784939 ], [ 8.698247550828022, 48.105117254207222 ], [ 8.696628262707902, 48.105107772712337 ], [ 8.695693038497138, 48.104610733025837 ], [ 8.694951926892251, 48.104024230723581 ], [ 8.693370464784701, 48.103442502127507 ], [ 8.692618449127584, 48.102957352172155 ], [ 8.691779029250942, 48.101928631590525 ], [ 8.691346109486432, 48.100515383929768 ], [ 8.690934251693562, 48.100118677013661 ], [ 8.690775128471039, 48.100089278473973 ], [ 8.691790098958116, 48.098773488172334 ], [ 8.691283649391648, 48.098631324998671 ], [ 8.691455544686004, 48.098298805965868 ], [ 8.687907671202296, 48.097326451448907 ], [ 8.687979189630681, 48.097071399387325 ], [ 8.686632770707231, 48.096647213671055 ], [ 8.686607783256767, 48.096780841685323 ], [ 8.683771891231263, 48.096098564079966 ], [ 8.681996028703198, 48.095847954100158 ], [ 8.682039603653696, 48.095729313596834 ], [ 8.681236240570838, 48.095438642513493 ], [ 8.679372565009418, 48.094563712732651 ], [ 8.677980977322751, 48.09375962365116 ], [ 8.677468515667019, 48.093347201001642 ], [ 8.676228041878524, 48.093617942958595 ], [ 8.675870462405223, 48.093821977823033 ] ] ] } },
{ "type": "Feature", "properties": { "Gemarkung": "Alpirsbach", "Schluessel": "084530", "Ebene": "Gemarkung" }, "geometry": { "type": "Polygon", "coordinates": [ [ [ 8.431043897450039, 48.32245735363491 ], [ 8.430698969566322, 48.322965491620515 ], [ 8.43002711617525, 48.323320683959679 ], [ 8.429035425596632, 48.323661329837677 ], [ 8.427620760778712, 48.323788260012037 ], [ 8.426178465182321, 48.323780084004703 ], [ 8.424735653684799, 48.323517909638802 ], [ 8.422467797964106, 48.322885140576922 ], [ 8.421374383944576, 48.322733718199011 ], [ 8.420612024274432, 48.322975131423227 ], [ 8.419780098834771, 48.323378579692424 ], [ 8.418776904663964, 48.324001306602533 ], [ 8.418015406623859, 48.324152379774581 ], [ 8.417015500504645, 48.324211102896342 ], [ 8.415489956782634, 48.324120410670211 ], [ 8.410221792915626, 48.323489837579366 ], [ 8.408185634797114, 48.323449419819049 ], [ 8.405857891792614, 48.322961492061907 ], [ 8.404817276118873, 48.323006763609357 ], [ 8.405175335877207, 48.322539975940721 ], [ 8.40405555212099, 48.321912684992689 ], [ 8.403072275084082, 48.322386842332257 ], [ 8.40200583190912, 48.323061366024227 ], [ 8.39962818354379, 48.32293562106446 ], [ 8.397864335412937, 48.322673232573393 ], [ 8.397211443240199, 48.322670982361288 ], [ 8.396175645800183, 48.322799330823791 ], [ 8.394478707896395, 48.32317708955452 ], [ 8.392361828696863, 48.323994705116242 ], [ 8.390511362686102, 48.324593723526306 ], [ 8.389056499852572, 48.325263549163047 ], [ 8.387152059677261, 48.32586762482515 ], [ 8.38540894421503, 48.326313108943182 ], [ 8.383799397455306, 48.327147491296039 ], [ 8.381493452515917, 48.329124111978153 ], [ 8.380641783485888, 48.329564327483176 ], [ 8.379233775404964, 48.331598184745054 ], [ 8.378621058780825, 48.332100042536553 ], [ 8.377204764151116, 48.332796556445452 ], [ 8.377409588434148, 48.333771470687736 ], [ 8.377334922370084, 48.334163413610632 ], [ 8.377273761958842, 48.334432354418418 ], [ 8.376476781160354, 48.33550080602128 ], [ 8.376247402759011, 48.336108370458597 ], [ 8.376195571844464, 48.337658134044787 ], [ 8.376642171881693, 48.339632545298308 ], [ 8.377204079501904, 48.340906914564329 ], [ 8.377660508919064, 48.341724576930396 ], [ 8.379171576732546, 48.343511841582625 ], [ 8.379030341982938, 48.344162080976318 ], [ 8.379246260441464, 48.345963577088099 ], [ 8.379931791016938, 48.3467709499552 ], [ 8.380177648106869, 48.347275730423377 ], [ 8.381071717798836, 48.348296361944747 ], [ 8.381597628185, 48.350141984147619 ], [ 8.382234255039856, 48.351306698336955 ], [ 8.382714606796547, 48.352448888220891 ], [ 8.382772672861611, 48.353027957041277 ], [ 8.382607287970108, 48.35376812703408 ], [ 8.382313442211551, 48.354392539325403 ], [ 8.3821532889481, 48.355558729810994 ], [ 8.382330334411355, 48.357830444297598 ], [ 8.382125936833384, 48.358758434219538 ], [ 8.38217897325211, 48.359965534073574 ], [ 8.382589369133083, 48.360915177874837 ], [ 8.382454948939591, 48.362430666663599 ], [ 8.382793751107641, 48.363162115421481 ], [ 8.384199602472856, 48.364717347503039 ], [ 8.384620598222119, 48.365409735099753 ], [ 8.384301971519154, 48.36575656133531 ], [ 8.386469773808068, 48.365778039367228 ], [ 8.387110080832544, 48.365569760765716 ], [ 8.390633043448119, 48.364241673949628 ], [ 8.391876432492444, 48.363259698954899 ], [ 8.392681047019815, 48.362853521212429 ], [ 8.393657372006817, 48.362538659589639 ], [ 8.394217952167132, 48.362444538780956 ], [ 8.394971209041419, 48.362587591481834 ], [ 8.3966746210504, 48.363144165257651 ], [ 8.398456970516508, 48.361781326202014 ], [ 8.398079527743443, 48.361125833350172 ], [ 8.397943899946885, 48.360663414146345 ], [ 8.397957000331715, 48.360181800572825 ], [ 8.39937244363098, 48.359208021712455 ], [ 8.400780004657609, 48.358867190694795 ], [ 8.401576099684267, 48.358761485278954 ], [ 8.402157592472527, 48.358375132428463 ], [ 8.404876192502375, 48.358670015120971 ], [ 8.406463926923173, 48.358712045530694 ], [ 8.406834119753249, 48.358871846661948 ], [ 8.408998133537185, 48.359313025795146 ], [ 8.409784456958782, 48.359129122227039 ], [ 8.410382713589298, 48.359098272635023 ], [ 8.410610278832845, 48.357919704333327 ], [ 8.411531787214757, 48.35561866260209 ], [ 8.411950157707675, 48.355169078568601 ], [ 8.412719773632094, 48.354905538790838 ], [ 8.412740528948884, 48.354967092098448 ], [ 8.413450647824448, 48.354500278487585 ], [ 8.414360072420044, 48.354438426431422 ], [ 8.41412171072027, 48.353777305874097 ], [ 8.415139069003041, 48.353541911467673 ], [ 8.415584368359486, 48.354345059467605 ], [ 8.415673814631559, 48.354750634515149 ], [ 8.415468173310247, 48.355770623280257 ], [ 8.416234114773196, 48.355804291724084 ], [ 8.416275348503831, 48.356590540983312 ], [ 8.417683583515128, 48.356032146778936 ], [ 8.421213226407712, 48.3552965777358 ], [ 8.421848153353965, 48.355074313692342 ], [ 8.421617190736855, 48.353619468652241 ], [ 8.421075385435595, 48.352116995798127 ], [ 8.42102435944374, 48.35125953463961 ], [ 8.421645203606944, 48.351084613277507 ], [ 8.423824000330097, 48.350759340750628 ], [ 8.425888716734544, 48.350121632444335 ], [ 8.42680647367842, 48.349994497627378 ], [ 8.42786042519357, 48.348877587411543 ], [ 8.429047768455767, 48.348187502801032 ], [ 8.431146230054432, 48.347958677158537 ], [ 8.432579808588823, 48.347938227632675 ], [ 8.433534925132808, 48.347686619248059 ], [ 8.434198710368539, 48.347721374497461 ], [ 8.43527836820274, 48.348290052616818 ], [ 8.435726229944613, 48.347687582850995 ], [ 8.437616512956254, 48.347803180702797 ], [ 8.437436383282114, 48.346976943501126 ], [ 8.437516082848727, 48.346271452785103 ], [ 8.437770651284051, 48.345790294622184 ], [ 8.43818349435386, 48.345373155747382 ], [ 8.439182071993358, 48.34549561528889 ], [ 8.440409266120955, 48.344817843016465 ], [ 8.441788174928856, 48.344221494289009 ], [ 8.443668845741261, 48.343672090453417 ], [ 8.446631914072613, 48.343487106023538 ], [ 8.450759035141118, 48.343921903524745 ], [ 8.450964225081066, 48.343690498461406 ], [ 8.451531502848502, 48.343722803779031 ], [ 8.451971290357228, 48.34387703395042 ], [ 8.452837168334931, 48.344368956614957 ], [ 8.454227597125804, 48.344069314583798 ], [ 8.454600685694139, 48.343354587448012 ], [ 8.45496940769274, 48.343288949857673 ], [ 8.454753717259285, 48.342811192835327 ], [ 8.453906572752997, 48.342562374145594 ], [ 8.453485796579534, 48.342321873378111 ], [ 8.452951275830522, 48.342168188098661 ], [ 8.452665382339079, 48.341695311241132 ], [ 8.451712052456459, 48.341208188287666 ], [ 8.451004685055915, 48.341217319852042 ], [ 8.450266834514069, 48.340861035429846 ], [ 8.44970044888035, 48.34112498938368 ], [ 8.44947056616663, 48.341143502198619 ], [ 8.449280967310495, 48.341080427436069 ], [ 8.448718036494187, 48.340572746224325 ], [ 8.448357454727295, 48.340622928509816 ], [ 8.44811898859925, 48.340774188743012 ], [ 8.447786824859483, 48.340841869208617 ], [ 8.446410596389576, 48.340694635783983 ], [ 8.445619625098328, 48.340486871240621 ], [ 8.445034256771921, 48.340620528517334 ], [ 8.441978740622499, 48.340932236624333 ], [ 8.441266251237069, 48.340903947144177 ], [ 8.440634360940372, 48.341119226025221 ], [ 8.440171306179954, 48.341184898428402 ], [ 8.43942164769267, 48.341493972806781 ], [ 8.438816375384681, 48.341643425601774 ], [ 8.437089935334722, 48.342319189001302 ], [ 8.436492448454979, 48.342311765233632 ], [ 8.435375427322535, 48.342729132589248 ], [ 8.435386627283116, 48.342362662055102 ], [ 8.4349236587812, 48.341552035205616 ], [ 8.43439969433298, 48.340193747099569 ], [ 8.434291882753772, 48.339107314823671 ], [ 8.433227672045483, 48.339184305990749 ], [ 8.43183177083047, 48.339102926849485 ], [ 8.430351410323937, 48.339274909575934 ], [ 8.429341293066949, 48.340477170495525 ], [ 8.426482851168883, 48.340572084224569 ], [ 8.425350918826432, 48.340307149990529 ], [ 8.42377108516372, 48.34005651566271 ], [ 8.423010074366116, 48.339391173151192 ], [ 8.422060162771718, 48.338809445605023 ], [ 8.421706238914812, 48.338019195361355 ], [ 8.418730909636421, 48.33875650332228 ], [ 8.414625739044197, 48.338857051013854 ], [ 8.41218181487255, 48.338466906108337 ], [ 8.410133079570306, 48.336716094533365 ], [ 8.410598720544639, 48.336519564126533 ], [ 8.41051856939805, 48.336039538626864 ], [ 8.411185211517429, 48.335671118899235 ], [ 8.412071384568732, 48.335290682382904 ], [ 8.413703150823064, 48.334913052162371 ], [ 8.414845501974613, 48.334994711459032 ], [ 8.416935541699832, 48.335580934554585 ], [ 8.418026915569049, 48.336005708321167 ], [ 8.418205672998292, 48.335712060240432 ], [ 8.419075168919537, 48.33561920034002 ], [ 8.420218399051905, 48.33508993388871 ], [ 8.420843097407964, 48.334593313518653 ], [ 8.421513311541551, 48.333471467021219 ], [ 8.421726919073505, 48.332384298308007 ], [ 8.422326212959314, 48.331851015304544 ], [ 8.424568520746925, 48.332283211119439 ], [ 8.425548393208617, 48.332375646984488 ], [ 8.426379593360508, 48.332322576010633 ], [ 8.427052367399916, 48.331030941648287 ], [ 8.424863589182365, 48.330676793450543 ], [ 8.424351956649575, 48.329970420684617 ], [ 8.426780900675579, 48.328900425387474 ], [ 8.429649941898569, 48.327965803267993 ], [ 8.431925161428342, 48.327356378753507 ], [ 8.432664050437014, 48.327054856770786 ], [ 8.434683942635147, 48.326591934173642 ], [ 8.43484374078532, 48.32641521408479 ], [ 8.435188152202215, 48.326599809216873 ], [ 8.435558946225319, 48.326618903099728 ], [ 8.436058561807567, 48.326835475763239 ], [ 8.436440352947034, 48.326897445120366 ], [ 8.4365985668445, 48.327145810001824 ], [ 8.437386387533303, 48.327532116856958 ], [ 8.437944709597792, 48.327159143330839 ], [ 8.43484137620138, 48.326055333495361 ], [ 8.43395191488041, 48.325494872113119 ], [ 8.433544325494173, 48.325083604481996 ], [ 8.43382890736825, 48.324907230322289 ], [ 8.433946758154409, 48.32471734965781 ], [ 8.433975152441104, 48.324309217914696 ], [ 8.434222469570146, 48.323744810432757 ], [ 8.433699120620261, 48.323616100797075 ], [ 8.433917512408916, 48.323251818679303 ], [ 8.4339713381869, 48.322849479934511 ], [ 8.433756724185344, 48.322372946406013 ], [ 8.433802814925771, 48.321779748928854 ], [ 8.433558179306109, 48.321383587899092 ], [ 8.433431489984073, 48.321385483001691 ], [ 8.433607882422532, 48.321767993109276 ], [ 8.433338345525716, 48.322085599634455 ], [ 8.433411136234662, 48.32240723147995 ], [ 8.432740654797451, 48.322385573401881 ], [ 8.432671693790047, 48.321864952319778 ], [ 8.431721416017636, 48.321979108026859 ], [ 8.430995530575357, 48.32216067208504 ], [ 8.431043897450039, 48.32245735363491 ] ] ] } },
{ "type": "Feature", "properties": { "Gemarkung": "Altoberndorf", "Schluessel": "085812", "Ebene": "Gemarkung" }, "geometry": { "type": "Polygon", "coordinates": [ [ [ 8.59165421268213, 48.260982641681302 ], [ 8.588194993293932, 48.260575526019629 ], [ 8.585020862078697, 48.260825922149188 ], [ 8.582283129179533, 48.261372372079215 ], [ 8.578492294311909, 48.26225255147461 ], [ 8.574629441301942, 48.263871876492779 ], [ 8.572355563538963, 48.26468557032203 ], [ 8.568219484294167, 48.264718247404943 ], [ 8.567050967088079, 48.266471648375287 ], [ 8.570500264536674, 48.267977871135415 ], [ 8.570442860359881, 48.268443960544502 ], [ 8.570592234812262, 48.270479232865604 ], [ 8.57089951052752, 48.271217666758574 ], [ 8.571690481964701, 48.27168080120537 ], [ 8.57233901622465, 48.27219270294156 ], [ 8.572553214688449, 48.273398169012403 ], [ 8.574224276366932, 48.274447275428763 ], [ 8.576308385420161, 48.275085737268938 ], [ 8.578066490720628, 48.27597352592786 ], [ 8.57984412847655, 48.275818002328286 ], [ 8.581889240205948, 48.275932427772432 ], [ 8.581574577814349, 48.277264246117468 ], [ 8.581443442756665, 48.278764971128545 ], [ 8.582958338006208, 48.278510108061802 ], [ 8.583191061407154, 48.279062813996369 ], [ 8.585053098459625, 48.279398289822531 ], [ 8.58694057600753, 48.279339768141419 ], [ 8.586698975961321, 48.279915773251474 ], [ 8.588265769079291, 48.279828996577329 ], [ 8.588310629257046, 48.280150701848996 ], [ 8.587888827964399, 48.280223864301021 ], [ 8.587923864068335, 48.280476349318718 ], [ 8.587762467866821, 48.280583552220037 ], [ 8.58789488747961, 48.281179793041623 ], [ 8.586379171315455, 48.281596390081276 ], [ 8.586549229702038, 48.282070141749116 ], [ 8.586314023807892, 48.282185984015634 ], [ 8.586399664162776, 48.282564246338694 ], [ 8.585982461411897, 48.282699406062093 ], [ 8.586257476995806, 48.283596473939546 ], [ 8.585723253084224, 48.283982671290566 ], [ 8.585518112748918, 48.28431310312105 ], [ 8.585388905324587, 48.284821404508214 ], [ 8.585173148233336, 48.285063899004648 ], [ 8.58431514541121, 48.285229310347624 ], [ 8.583382250735397, 48.285585805200682 ], [ 8.583617247584291, 48.285780356613451 ], [ 8.583608891492323, 48.285979154853841 ], [ 8.584387737732477, 48.285652780539507 ], [ 8.584504543811418, 48.285794091937881 ], [ 8.58483154543462, 48.285731305892128 ], [ 8.586687671988612, 48.287331858123281 ], [ 8.588814503957181, 48.287048616695031 ], [ 8.589101373645486, 48.287518913086934 ], [ 8.592113825400727, 48.286937829783525 ], [ 8.594054277085799, 48.286981942179018 ], [ 8.597941826071329, 48.287238061491365 ], [ 8.599680873883237, 48.287439807594488 ], [ 8.599666548201407, 48.286944216166034 ], [ 8.600267726326571, 48.286726876305224 ], [ 8.60042256983674, 48.286888546391459 ], [ 8.600836846824567, 48.286747746236536 ], [ 8.601007792408188, 48.286988462977412 ], [ 8.604556291447244, 48.286010715644444 ], [ 8.604604819052144, 48.286080787333987 ], [ 8.607265658062699, 48.285436829805342 ], [ 8.607303601256751, 48.2856219328009 ], [ 8.607660862943797, 48.285828548228793 ], [ 8.608637964348961, 48.286210281243299 ], [ 8.609091274868584, 48.284678054992185 ], [ 8.614466478261914, 48.285351434345309 ], [ 8.614616084556111, 48.285426249028149 ], [ 8.614883513089897, 48.284872854390841 ], [ 8.617372660463868, 48.285063797173031 ], [ 8.618137954247057, 48.285059953114235 ], [ 8.618117314875118, 48.284772617979932 ], [ 8.619284205138953, 48.284474375569069 ], [ 8.619886623236138, 48.283329910752613 ], [ 8.620453308219208, 48.282565617918891 ], [ 8.62082989050327, 48.281113072694247 ], [ 8.620583569354586, 48.28104820330983 ], [ 8.619741744656542, 48.27967584478457 ], [ 8.619301764616852, 48.279281590147228 ], [ 8.620502801989673, 48.278777242221651 ], [ 8.619659428359959, 48.277310141390295 ], [ 8.618708893745458, 48.278061103273139 ], [ 8.617394693203366, 48.277168037208057 ], [ 8.616040142460912, 48.275766323468865 ], [ 8.615432665097581, 48.274604249167083 ], [ 8.614802715841657, 48.27308258479119 ], [ 8.614446806268587, 48.272650446280885 ], [ 8.614688600346041, 48.272361020514246 ], [ 8.612945321171987, 48.270905784530449 ], [ 8.612950504498297, 48.270487091622172 ], [ 8.61272744951318, 48.27034743030228 ], [ 8.612402023651107, 48.26952438756134 ], [ 8.611156869006223, 48.267975165636145 ], [ 8.609051399317547, 48.267079504025773 ], [ 8.607672103668401, 48.266299193191067 ], [ 8.607010421182295, 48.265761084865481 ], [ 8.604990872555092, 48.26372115968833 ], [ 8.602789862303901, 48.26333247373789 ], [ 8.602681550493532, 48.263381761878541 ], [ 8.601818769574935, 48.26317553996526 ], [ 8.601548236725952, 48.262980721895971 ], [ 8.599077719129914, 48.262343978539398 ], [ 8.595045327389107, 48.261865074262509 ], [ 8.59165421268213, 48.260982641681302 ] ] ] } },
{ "type": "Feature", "properties": { "Gemarkung": "Beffendorf", "Schluessel": "085813", "Ebene": "Gemarkung" }, "geometry": { "type": "Polygon", "coordinates": [ [ [ 8.543019723285003, 48.291944632134125 ], [ 8.545258175645836, 48.290906641752052 ], [ 8.547895345999684, 48.289956904590717 ], [ 8.547686260507092, 48.289299228755986 ], [ 8.547627602304871, 48.288140844497732 ], [ 8.548156467661487, 48.288002304125442 ], [ 8.548050420351114, 48.287920556661959 ], [ 8.549885924889827, 48.287573372618546 ], [ 8.551076556341094, 48.285957168814875 ], [ 8.551133402891374, 48.28573103199907 ], [ 8.551621544458881, 48.285651695382761 ], [ 8.552809778835217, 48.285209722320445 ], [ 8.553664667173663, 48.284268562424884 ], [ 8.555087447864537, 48.284814421561229 ], [ 8.555987192351031, 48.283933516332077 ], [ 8.556351699277821, 48.284056559415745 ], [ 8.557445714969013, 48.283027675320696 ], [ 8.557967281034434, 48.282288617048827 ], [ 8.559128104558273, 48.282588617027109 ], [ 8.55931342800791, 48.281211831277631 ], [ 8.558825011761362, 48.280343209256387 ], [ 8.5599119147496, 48.280378412638285 ], [ 8.562768709367225, 48.28027406085274 ], [ 8.561233700255658, 48.278515642285491 ], [ 8.560749202531426, 48.277362024976547 ], [ 8.560846217026535, 48.277349530092984 ], [ 8.559970928469095, 48.276112185665703 ], [ 8.557958246780508, 48.27438356186768 ], [ 8.557687866800723, 48.273683831804675 ], [ 8.557883042027767, 48.27296214029483 ], [ 8.557691937785256, 48.272244001494812 ], [ 8.559659517992175, 48.271415390821296 ], [ 8.559313419074861, 48.27088505374428 ], [ 8.561762710132028, 48.270038728901056 ], [ 8.560599707402192, 48.269128223940385 ], [ 8.562976515915599, 48.268567874087033 ], [ 8.56287392744761, 48.268082466970462 ], [ 8.560566994871305, 48.268872769930034 ], [ 8.560445237447363, 48.268205282240132 ], [ 8.560484556104161, 48.267548756407301 ], [ 8.562426247352999, 48.267737446647971 ], [ 8.562965831256987, 48.267608325293594 ], [ 8.558015562100909, 48.266878208687977 ], [ 8.55119508119429, 48.265732949848022 ], [ 8.548934121969605, 48.265455548947905 ], [ 8.547086853737643, 48.264310192705103 ], [ 8.545112097967589, 48.263343428638457 ], [ 8.539732031135282, 48.26272904091558 ], [ 8.535285768045702, 48.262465185715264 ], [ 8.535057248907261, 48.262271730297492 ], [ 8.533965860908726, 48.26250716727256 ], [ 8.532473784837421, 48.263180819415105 ], [ 8.531359017532163, 48.263567732772152 ], [ 8.530376001078146, 48.264000247443853 ], [ 8.530575321647593, 48.264217524427444 ], [ 8.528788338785667, 48.264845390202531 ], [ 8.528682802980704, 48.264672578914279 ], [ 8.528009424665878, 48.264809177520696 ], [ 8.527076863905062, 48.264879029885677 ], [ 8.522338151492045, 48.264766236905942 ], [ 8.521174582191632, 48.264884024236345 ], [ 8.521283400317332, 48.265063423762328 ], [ 8.523025603239418, 48.265160631372439 ], [ 8.523084634963675, 48.265478013585238 ], [ 8.522940897703798, 48.266212096399805 ], [ 8.523093361863612, 48.267552622601073 ], [ 8.52283417039459, 48.267486410547626 ], [ 8.522571091180755, 48.267794268772313 ], [ 8.522124721064563, 48.268985840255453 ], [ 8.522228811807269, 48.269370076215019 ], [ 8.522941761191039, 48.269565297668294 ], [ 8.522151455637449, 48.270584682375656 ], [ 8.520617515247974, 48.270044338173356 ], [ 8.520461912060977, 48.270500276885862 ], [ 8.519857074261413, 48.270401937210522 ], [ 8.519547374951621, 48.271222950944889 ], [ 8.521042166463399, 48.271902776504341 ], [ 8.521322666658202, 48.272113749688408 ], [ 8.521197208410738, 48.272112687590131 ], [ 8.518731852833712, 48.273554298981338 ], [ 8.518011009558084, 48.274237195422231 ], [ 8.51729819890128, 48.274737756043997 ], [ 8.518714623140092, 48.275374547660995 ], [ 8.518372646400861, 48.275896189275471 ], [ 8.51794502411126, 48.275950807420735 ], [ 8.517352980657309, 48.275689756427056 ], [ 8.515790784100254, 48.275205009911886 ], [ 8.515630383974083, 48.275406492305734 ], [ 8.515953576431148, 48.278787946234658 ], [ 8.516442820795456, 48.27903327752751 ], [ 8.515676546159954, 48.279890955175141 ], [ 8.514656127112902, 48.280781293248488 ], [ 8.516582827833144, 48.281351257435041 ], [ 8.51652400883208, 48.282356400347105 ], [ 8.518476378237221, 48.282555863190638 ], [ 8.519226887802393, 48.2841530522048 ], [ 8.521522071892262, 48.28454642683937 ], [ 8.521335868586613, 48.285171557592705 ], [ 8.520383243691414, 48.285630472674541 ], [ 8.520557527649457, 48.286813195381448 ], [ 8.520487582451116, 48.286883168551505 ], [ 8.521450628905098, 48.2875188432591 ], [ 8.520996374141406, 48.287874213893772 ], [ 8.523004774984475, 48.289058799068506 ], [ 8.521906046851759, 48.289681221468349 ], [ 8.522954846618356, 48.290019266771452 ], [ 8.523108390183527, 48.290816657145704 ], [ 8.523622389547187, 48.290242814454004 ], [ 8.52460940825461, 48.290529037223941 ], [ 8.524254985776928, 48.291152306986461 ], [ 8.527011801720185, 48.292312114853047 ], [ 8.528111598218466, 48.292260852802052 ], [ 8.529037961582896, 48.292347240341762 ], [ 8.529559897553513, 48.293105374371116 ], [ 8.530044949779409, 48.293520938535643 ], [ 8.530640418261724, 48.29374666983351 ], [ 8.531667862799775, 48.293884730147951 ], [ 8.531979877500826, 48.293896076676816 ], [ 8.53230425430341, 48.293351023063543 ], [ 8.533252398394227, 48.293624507817654 ], [ 8.533948532295486, 48.293738710786528 ], [ 8.536039282498788, 48.293690214765689 ], [ 8.536275908079979, 48.293465800301604 ], [ 8.539656171994364, 48.293018566275158 ], [ 8.540099630602768, 48.292129571269726 ], [ 8.5430161151676, 48.292016591880625 ], [ 8.543019723285003, 48.291944632134125 ] ] ] } },
{ "type": "Feature", "properties": { "Gemarkung": "Betra", "Schluessel": "084473", "Ebene": "Gemarkung" }, "geometry": { "type": "Polygon", "coordinates": [ [ [ 8.651359529823008, 48.395246305498603 ], [ 8.649894997708115, 48.395049781349471 ], [ 8.648695936425135, 48.395382148987537 ], [ 8.648328635861104, 48.395634820593827 ], [ 8.647829854390523, 48.396166072736463 ], [ 8.647346868354854, 48.396482352742794 ], [ 8.645904982375093, 48.396874133874675 ], [ 8.644777536345439, 48.39756330552229 ], [ 8.643645515534548, 48.3981100360064 ], [ 8.643194072287988, 48.398488022769818 ], [ 8.642717764719697, 48.399541123859237 ], [ 8.64051718895935, 48.401192428975065 ], [ 8.640189429612265, 48.401593101646604 ], [ 8.639856131778711, 48.402318262507698 ], [ 8.640055285946609, 48.402318076000299 ], [ 8.641862395276842, 48.403048479019184 ], [ 8.641138314127213, 48.404663806779148 ], [ 8.641381451447911, 48.405173860722094 ], [ 8.641265621484017, 48.40598562003786 ], [ 8.641929463539091, 48.406197847655065 ], [ 8.644652742590143, 48.406752381831005 ], [ 8.647455526216428, 48.407523012679057 ], [ 8.646240633653299, 48.40752162305769 ], [ 8.645493032155615, 48.40809897091205 ], [ 8.645087886038647, 48.408784249852843 ], [ 8.644508478667014, 48.410332389194728 ], [ 8.644219633650355, 48.41198875296044 ], [ 8.644714781085353, 48.412685806862456 ], [ 8.644959177115759, 48.413336202671118 ], [ 8.642978192902202, 48.414007783903187 ], [ 8.642630565899132, 48.414206788204041 ], [ 8.642129721087572, 48.41461241574892 ], [ 8.641493013037088, 48.415349860649876 ], [ 8.641555378665904, 48.415725301228576 ], [ 8.642159862795761, 48.417038250336681 ], [ 8.642553921796729, 48.417448368382672 ], [ 8.643298132551189, 48.417979045205108 ], [ 8.645644627781506, 48.418642143645485 ], [ 8.648058383343139, 48.419438368830789 ], [ 8.64868789084211, 48.419719995119962 ], [ 8.649873324962197, 48.420471401121581 ], [ 8.649713941069091, 48.420712113439208 ], [ 8.650705640192436, 48.420844948148876 ], [ 8.653111301954734, 48.4208115609663 ], [ 8.654628733192407, 48.420891966247055 ], [ 8.65535489031091, 48.421020185023757 ], [ 8.656578557756132, 48.421030770834648 ], [ 8.657651591667182, 48.421192037516747 ], [ 8.658815658771196, 48.421868976083601 ], [ 8.660461008909719, 48.422515386173423 ], [ 8.661600665719993, 48.423540390436358 ], [ 8.663242892527309, 48.424591235677809 ], [ 8.664230471887434, 48.425366294357559 ], [ 8.665308973242713, 48.426421131264554 ], [ 8.666660900346745, 48.427302487363995 ], [ 8.66841074669399, 48.427387971920517 ], [ 8.66815695922695, 48.42633833446753 ], [ 8.668369165473596, 48.425759209503994 ], [ 8.66952089307326, 48.42497892463949 ], [ 8.671660347831464, 48.424919644269657 ], [ 8.672077729924602, 48.424208938468901 ], [ 8.671357782835939, 48.423900642429246 ], [ 8.671640551923554, 48.423753996400592 ], [ 8.669896844848335, 48.422947595794284 ], [ 8.67140241748619, 48.422407254413287 ], [ 8.670819681806943, 48.421974654572658 ], [ 8.671621325742727, 48.421282951796805 ], [ 8.67394315538076, 48.421741720379323 ], [ 8.674259239088546, 48.421222255612079 ], [ 8.675280434567624, 48.420194587902785 ], [ 8.675383562218151, 48.419642311148188 ], [ 8.675918375281693, 48.418409132761447 ], [ 8.676444573461195, 48.417890523186671 ], [ 8.678258240389427, 48.417194597657385 ], [ 8.677769078528195, 48.416925221712312 ], [ 8.678315535677418, 48.416510390408313 ], [ 8.678599825445144, 48.41606990407422 ], [ 8.68010178493156, 48.416683065833197 ], [ 8.680255315002976, 48.416079374293062 ], [ 8.681040533202774, 48.416163422128413 ], [ 8.681759044046522, 48.415524407374178 ], [ 8.682085512405951, 48.415336202330955 ], [ 8.682368586394361, 48.415518534454847 ], [ 8.682673544892401, 48.414421346814173 ], [ 8.68295442721047, 48.413955829777123 ], [ 8.683756939320942, 48.413404030423436 ], [ 8.684127559128154, 48.412869663509042 ], [ 8.684521929442168, 48.412776371576427 ], [ 8.685385862342175, 48.411791455048601 ], [ 8.688029752896499, 48.411973996462855 ], [ 8.690227220923724, 48.411658936216845 ], [ 8.691392291792956, 48.411825894105583 ], [ 8.691635677699098, 48.41106489821864 ], [ 8.691561890763268, 48.410909149996314 ], [ 8.689820949327139, 48.410334898145017 ], [ 8.690290873455504, 48.410056101108914 ], [ 8.690712501879792, 48.409673981813782 ], [ 8.691087078716709, 48.40896057129828 ], [ 8.6909063137059, 48.407304538743091 ], [ 8.688808485552283, 48.406468501513721 ], [ 8.687731298686391, 48.405894481307598 ], [ 8.687095420939903, 48.405718850252896 ], [ 8.685313358232435, 48.405429698819873 ], [ 8.684691523806615, 48.405432674695 ], [ 8.683423688489352, 48.405282999252002 ], [ 8.680818618668726, 48.404827863299559 ], [ 8.68119523823432, 48.404236393487835 ], [ 8.681718886455229, 48.403704526609289 ], [ 8.683093150199523, 48.402527070277976 ], [ 8.682136446339841, 48.401765390612525 ], [ 8.682228439807083, 48.400314587490655 ], [ 8.682148366928892, 48.399006264322601 ], [ 8.681557618839312, 48.399582480920252 ], [ 8.681268665315333, 48.399707093101135 ], [ 8.680571385820093, 48.399838218779053 ], [ 8.679370862062049, 48.399901274362286 ], [ 8.678357213909253, 48.400645430816688 ], [ 8.676260919830559, 48.400068898980358 ], [ 8.675890809259824, 48.400907687235076 ], [ 8.672204060737718, 48.399534172047709 ], [ 8.670214452423169, 48.399045010591159 ], [ 8.669690537222591, 48.398751388878047 ], [ 8.669167140221075, 48.398274595916028 ], [ 8.667403232134875, 48.39844746291427 ], [ 8.666850894195916, 48.398641090721348 ], [ 8.666489830722636, 48.39890049564633 ], [ 8.665687696134048, 48.398493861572732 ], [ 8.665156269074856, 48.398093947739916 ], [ 8.664662981404868, 48.397298383020853 ], [ 8.663934583554575, 48.397434985083628 ], [ 8.662898724344952, 48.397465512117115 ], [ 8.662492572293521, 48.39743202372668 ], [ 8.66041932135585, 48.396951533767869 ], [ 8.65831284924591, 48.395748752014953 ], [ 8.657253681380315, 48.395271751652956 ], [ 8.655346534133606, 48.394780059112335 ], [ 8.654649902863014, 48.394655796621009 ], [ 8.653600733651347, 48.394704283113107 ], [ 8.652759918063825, 48.394845244172139 ], [ 8.651359529823008, 48.395246305498603 ] ] ] } },
{ "type": "Feature", "properties": { "Gemarkung": "Bettenhausen", "Schluessel": "085771", "Ebene": "Gemarkung" }, "geometry": { "type": "Polygon", "coordinates": [ [ [ 8.545573084564339, 48.361979796449205 ], [ 8.544886752244025, 48.361688740622185 ], [ 8.545141887655703, 48.361342299003958 ], [ 8.544641624172991, 48.361230110935139 ], [ 8.543527624013958, 48.362404617225039 ], [ 8.543204456312745, 48.363216091806912 ], [ 8.543387847042053, 48.363844785926425 ], [ 8.543772896109189, 48.364146711655799 ], [ 8.542712953125966, 48.365833872823032 ], [ 8.542860985971592, 48.365887811255362 ], [ 8.542351622733884, 48.366395086148358 ], [ 8.542121412946587, 48.366817732124993 ], [ 8.54262230787776, 48.367015671525714 ], [ 8.541414215961812, 48.367988437350967 ], [ 8.540173112440822, 48.36806355348547 ], [ 8.538733203576072, 48.367994902649208 ], [ 8.537350132399535, 48.368225420801181 ], [ 8.536662942227956, 48.368411854581744 ], [ 8.536398321600693, 48.367948451068131 ], [ 8.536031125185035, 48.367986735914592 ], [ 8.535929954370037, 48.367694026918812 ], [ 8.535549942168517, 48.367760957823528 ], [ 8.535385532668075, 48.367325666107163 ], [ 8.535176837351575, 48.367365487907911 ], [ 8.534923679659714, 48.366905635908317 ], [ 8.534600969823021, 48.367470849541256 ], [ 8.533671494539842, 48.367294260124424 ], [ 8.533342496406744, 48.367777485291541 ], [ 8.533608957143482, 48.368568561049486 ], [ 8.532144273232662, 48.368653929761088 ], [ 8.531566379675967, 48.368094595995395 ], [ 8.530912860027218, 48.368082306728454 ], [ 8.529473706173301, 48.3674786026058 ], [ 8.528215334016343, 48.367273903394256 ], [ 8.52668425197753, 48.366819851269945 ], [ 8.525477362607921, 48.366642683669269 ], [ 8.524709767989085, 48.366732630257587 ], [ 8.522692635682779, 48.368320373804401 ], [ 8.522687113147386, 48.368405639078048 ], [ 8.524986599423547, 48.370589375096671 ], [ 8.525071407493838, 48.370820489053152 ], [ 8.525170052234603, 48.371248146651595 ], [ 8.524493804929866, 48.371801885640224 ], [ 8.524259449113883, 48.371708881145196 ], [ 8.524040981921123, 48.372663960270302 ], [ 8.524125871294469, 48.373103617216053 ], [ 8.524885472717424, 48.373273644320477 ], [ 8.526436361151688, 48.371450752437305 ], [ 8.526673171993149, 48.371512274365003 ], [ 8.52671146246154, 48.372028479064014 ], [ 8.527355888020468, 48.372124153617357 ], [ 8.527282587594748, 48.37234067141295 ], [ 8.526507712736722, 48.372857400518598 ], [ 8.525875195853009, 48.373601696260778 ], [ 8.526308410516132, 48.373540954183092 ], [ 8.526398513636964, 48.374075905195781 ], [ 8.526054267473112, 48.37424020555909 ], [ 8.526843843228079, 48.374996113972237 ], [ 8.528014671384975, 48.37487434069039 ], [ 8.529677123596093, 48.374947814033753 ], [ 8.529703855672325, 48.375212334346159 ], [ 8.531469327416026, 48.375303656325158 ], [ 8.53217369370214, 48.375568774528077 ], [ 8.532442614527245, 48.375857580017218 ], [ 8.532164572695679, 48.376048437807803 ], [ 8.53215221388445, 48.376527728015134 ], [ 8.531884346256581, 48.37693400579505 ], [ 8.531927200512722, 48.377503576800642 ], [ 8.531604842806409, 48.379447335595536 ], [ 8.532472032430087, 48.381936180109882 ], [ 8.533082516882139, 48.382420428364469 ], [ 8.534690826135808, 48.38300893558759 ], [ 8.535600545882263, 48.383651910981953 ], [ 8.536947702767968, 48.384226466882673 ], [ 8.53717716378622, 48.384436201657827 ], [ 8.5372346679546, 48.384916582390396 ], [ 8.540038413837213, 48.383274427299106 ], [ 8.541110423335857, 48.38196322244027 ], [ 8.540626430037157, 48.381447314028591 ], [ 8.540994575834054, 48.381253736632686 ], [ 8.541347010479885, 48.381260270247786 ], [ 8.541489178729949, 48.381175009155022 ], [ 8.54139731139875, 48.381133258538966 ], [ 8.541452559273012, 48.380966681387292 ], [ 8.541802967928465, 48.381033212998375 ], [ 8.543435938142196, 48.379202684485684 ], [ 8.543711779547792, 48.379361039800614 ], [ 8.547932694491388, 48.380040034025974 ], [ 8.547181810003909, 48.379613340174537 ], [ 8.544920230023042, 48.379176537245385 ], [ 8.544556918673813, 48.37948251421561 ], [ 8.544374018168954, 48.379275407476385 ], [ 8.543813654858482, 48.378932484756561 ], [ 8.54423363746745, 48.378632042630372 ], [ 8.545403468143078, 48.378824160635808 ], [ 8.546358122835837, 48.378490105587282 ], [ 8.544822872650693, 48.377675335097948 ], [ 8.546188569766652, 48.376112258233967 ], [ 8.545128392806433, 48.374986821471069 ], [ 8.545594456524933, 48.374207665709569 ], [ 8.545155720579048, 48.374086726601796 ], [ 8.545268720877326, 48.373573915431123 ], [ 8.545648163923866, 48.372739627362598 ], [ 8.54469871131972, 48.372986430010592 ], [ 8.544904739670034, 48.372671823212904 ], [ 8.545749880976764, 48.372295145467398 ], [ 8.546412341693078, 48.372280215807471 ], [ 8.547127486718683, 48.372415013797237 ], [ 8.548571128614967, 48.373008527612562 ], [ 8.550600412340653, 48.374143300566914 ], [ 8.550740021674962, 48.374053249755605 ], [ 8.551434122772994, 48.374128201094699 ], [ 8.552559796112389, 48.374481204014103 ], [ 8.553878515047007, 48.374610838582868 ], [ 8.553890724845669, 48.373738752570155 ], [ 8.553430120907594, 48.371067214652221 ], [ 8.55265807498948, 48.371123862906593 ], [ 8.551183278753253, 48.370634369726773 ], [ 8.549107705408405, 48.370122981824515 ], [ 8.549792268237153, 48.369267023648568 ], [ 8.549663321807236, 48.368439997702815 ], [ 8.549422122855589, 48.368170323635276 ], [ 8.549570333002, 48.367868886788813 ], [ 8.549242892400573, 48.367794461602394 ], [ 8.550198675747358, 48.36701459505209 ], [ 8.548896847219703, 48.366065839830092 ], [ 8.549750293674551, 48.365481702320899 ], [ 8.548942592409286, 48.364830150097994 ], [ 8.5497652389379, 48.364429423192 ], [ 8.54903927201255, 48.363590071467684 ], [ 8.548916716156539, 48.363158381643302 ], [ 8.548904961832543, 48.362440762832335 ], [ 8.548022828775956, 48.361694087175927 ], [ 8.546188541767803, 48.361374772066974 ], [ 8.545573084564339, 48.361979796449205 ] ], [ [ 8.540951862324874, 48.381122575406579 ], [ 8.541342236305207, 48.381160298752526 ], [ 8.540848990235494, 48.381253335641581 ], [ 8.540690653125324, 48.380958963933253 ], [ 8.540951862324874, 48.381122575406579 ] ] ] } },
{ "type": "Feature", "properties": { "Gemarkung": "Betzweiler", "Schluessel": "084520", "Ebene": "Gemarkung" }, "geometry": { "type": "Polygon", "coordinates": [ [ [ 8.454808864973977, 48.345574338589707 ], [ 8.455900911202958, 48.346670087869988 ], [ 8.456381289845515, 48.346881801956862 ], [ 8.457063060801023, 48.347383798223355 ], [ 8.456865409020306, 48.347859599615383 ], [ 8.457053551728068, 48.348012171926769 ], [ 8.457009323342513, 48.348211599633167 ], [ 8.45761018048443, 48.348594994105767 ], [ 8.458432396696088, 48.348698191388557 ], [ 8.458699947740698, 48.348936333403998 ], [ 8.459161652383175, 48.348989876144195 ], [ 8.459293653698239, 48.349742529498918 ], [ 8.459881131223039, 48.350743921151761 ], [ 8.458338603317861, 48.351155193816759 ], [ 8.458584198251465, 48.351619589089786 ], [ 8.458016016453174, 48.352592963315907 ], [ 8.455252039631075, 48.35217550693865 ], [ 8.455322420224357, 48.353854530538179 ], [ 8.455052064245134, 48.353739262213338 ], [ 8.455049330157996, 48.353577938824159 ], [ 8.454512006287766, 48.35349838056802 ], [ 8.45436948368514, 48.353724241007065 ], [ 8.454494089405966, 48.353912322730544 ], [ 8.453996180899852, 48.354527312537833 ], [ 8.454028264277149, 48.354796645378656 ], [ 8.45388751690143, 48.35509583651065 ], [ 8.453992139617686, 48.355650888220765 ], [ 8.453716580701792, 48.355908054451255 ], [ 8.453782319820856, 48.356059600713941 ], [ 8.453588003547289, 48.356520387214857 ], [ 8.45371701064137, 48.356524418648057 ], [ 8.453780075528773, 48.356661017717634 ], [ 8.453613667150668, 48.357490980235447 ], [ 8.453721221270145, 48.357734131276004 ], [ 8.454139681770284, 48.358456031297273 ], [ 8.455508383213699, 48.35985052387209 ], [ 8.455705521826021, 48.360873118344706 ], [ 8.456063405563615, 48.361291986493207 ], [ 8.45623473536185, 48.361836285023848 ], [ 8.456797756786138, 48.362491293063066 ], [ 8.458118700539881, 48.362499322132095 ], [ 8.460008131281363, 48.362253960845244 ], [ 8.462330276509851, 48.362286609396598 ], [ 8.462919889897385, 48.363014134751587 ], [ 8.463157485960265, 48.363632324774088 ], [ 8.46415441485825, 48.363887259782615 ], [ 8.465352935879356, 48.36446349425065 ], [ 8.465930839570268, 48.364587093681571 ], [ 8.465094196685538, 48.36510087433544 ], [ 8.464547494060207, 48.365027167466906 ], [ 8.464260050415991, 48.365503731709467 ], [ 8.463887732519144, 48.365679141440779 ], [ 8.463782470407512, 48.365944592052145 ], [ 8.463564946635389, 48.366126030160821 ], [ 8.463399115305515, 48.366154855777346 ], [ 8.464392899009752, 48.366869053188083 ], [ 8.464957418671606, 48.368027840183316 ], [ 8.4656618680236, 48.368526470035306 ], [ 8.468608943130569, 48.369010285580636 ], [ 8.469313980697292, 48.368768291302992 ], [ 8.470037996665148, 48.368921782984749 ], [ 8.4707399186206, 48.368328176449999 ], [ 8.472013286012643, 48.368342664381238 ], [ 8.472066312584992, 48.367575493244694 ], [ 8.473275983522615, 48.367571951488465 ], [ 8.473410747875967, 48.367675220243427 ], [ 8.474597301921094, 48.367110257573749 ], [ 8.475415100497415, 48.366466410424984 ], [ 8.475604326931466, 48.366630652376912 ], [ 8.479099286078688, 48.367816365119531 ], [ 8.478970053502801, 48.368241771348679 ], [ 8.48027358261518, 48.368344021791067 ], [ 8.482369514256691, 48.368210604625823 ], [ 8.48244826257941, 48.367527933159096 ], [ 8.483006986331876, 48.367606377121689 ], [ 8.483053278542039, 48.368035185611781 ], [ 8.483346921354419, 48.368625065596007 ], [ 8.483731858222702, 48.36841231354888 ], [ 8.483585691770173, 48.368045673774219 ], [ 8.483594818260871, 48.367116270671687 ], [ 8.483755351374436, 48.366729145474586 ], [ 8.484187213203489, 48.366199920214669 ], [ 8.486024607281495, 48.366578446094813 ], [ 8.48578472997081, 48.36737852601172 ], [ 8.48572075021643, 48.368301926153812 ], [ 8.48660478676315, 48.368215818221778 ], [ 8.486644896783449, 48.367126772687755 ], [ 8.486828838920296, 48.366705380468048 ], [ 8.488206185426186, 48.366499015256565 ], [ 8.489083399518892, 48.366848475826792 ], [ 8.490360309692472, 48.366031035943145 ], [ 8.490477399576839, 48.366163175625459 ], [ 8.491294512023707, 48.365539455116256 ], [ 8.491612688098266, 48.365096876764234 ], [ 8.492350037696816, 48.365445334475432 ], [ 8.49265061293365, 48.365129078573183 ], [ 8.494642304800353, 48.365962658118541 ], [ 8.495289098628396, 48.365271945589633 ], [ 8.496728829158005, 48.364029517402685 ], [ 8.49686114676201, 48.364097211223452 ], [ 8.497062879395186, 48.363792656898646 ], [ 8.497154306880789, 48.363831112417799 ], [ 8.497425093608033, 48.363286378652958 ], [ 8.497623956196941, 48.362545382948838 ], [ 8.497345836805243, 48.362559912226629 ], [ 8.498295118556147, 48.361426788558219 ], [ 8.498476489559616, 48.360567768662222 ], [ 8.498971018056151, 48.359835886003239 ], [ 8.498510676895746, 48.35967050078898 ], [ 8.498971828112326, 48.359092495374369 ], [ 8.499144393492749, 48.359019564155538 ], [ 8.499615088171669, 48.359188770489254 ], [ 8.500580404033576, 48.358005675694834 ], [ 8.499757993086405, 48.3579536103694 ], [ 8.499413480515946, 48.356783355005099 ], [ 8.500155089242961, 48.356496437255316 ], [ 8.499192497044948, 48.35579213008559 ], [ 8.498163314177226, 48.356922934356426 ], [ 8.49679841231873, 48.356636186092636 ], [ 8.495888120296444, 48.356628062183937 ], [ 8.495446817655093, 48.357122293626283 ], [ 8.495254629337909, 48.357541954681892 ], [ 8.493289170803786, 48.356272971123737 ], [ 8.493394418525527, 48.355923374320412 ], [ 8.493082039909002, 48.355843367347305 ], [ 8.493335143766759, 48.355557308730191 ], [ 8.492863730701766, 48.355057895614024 ], [ 8.491997051603592, 48.355282227151037 ], [ 8.491045363127158, 48.354458963698683 ], [ 8.490470852330706, 48.354108789083476 ], [ 8.490937166964837, 48.353788862709116 ], [ 8.491288371808285, 48.353329786728928 ], [ 8.491413054454966, 48.35235725785595 ], [ 8.49032606787058, 48.352222265121938 ], [ 8.490423860736993, 48.351904036145811 ], [ 8.485594105030367, 48.350401327269338 ], [ 8.485745421491577, 48.350118518491755 ], [ 8.484123303727593, 48.349772350554019 ], [ 8.484310919146326, 48.3491966845435 ], [ 8.483163214038703, 48.348908228252185 ], [ 8.481531701322822, 48.3486954022177 ], [ 8.481431534431456, 48.348777180377276 ], [ 8.478169051960204, 48.348090374726972 ], [ 8.477888326266646, 48.349146750851986 ], [ 8.477346099640371, 48.350194471040055 ], [ 8.476631969218468, 48.350153798002687 ], [ 8.473846000394879, 48.349694313828259 ], [ 8.472170588898898, 48.349054711512579 ], [ 8.472311124688407, 48.347940397331065 ], [ 8.472056799187442, 48.347879672336589 ], [ 8.472032829744554, 48.347573854990493 ], [ 8.466861702683588, 48.345804647492777 ], [ 8.464881425552996, 48.345378096044399 ], [ 8.461205383744314, 48.345146995322288 ], [ 8.461183284838629, 48.345233350003852 ], [ 8.458956097835941, 48.344985743343557 ], [ 8.457166485436517, 48.34505423377518 ], [ 8.456113636131869, 48.345374221030667 ], [ 8.454808864973977, 48.345574338589707 ] ] ] } },
{ "type": "Feature", "properties": { "Gemarkung": "Bochingen", "Schluessel": "085814", "Ebene": "Gemarkung" }, "geometry": { "type": "Polygon", "coordinates": [ [ [ 8.621419908753671, 48.285157172650436 ], [ 8.619284205138953, 48.284474375569069 ], [ 8.618117314875118, 48.284772617979932 ], [ 8.618137954247057, 48.285059953114235 ], [ 8.617372660463868, 48.285063797173031 ], [ 8.614883513089897, 48.284872854390841 ], [ 8.614616084556111, 48.285426249028149 ], [ 8.614466478261914, 48.285351434345309 ], [ 8.609091274868584, 48.284678054992185 ], [ 8.608637964348961, 48.286210281243299 ], [ 8.607660862943797, 48.285828548228793 ], [ 8.607303601256751, 48.2856219328009 ], [ 8.607265658062699, 48.285436829805342 ], [ 8.604604819052144, 48.286080787333987 ], [ 8.604556291447244, 48.286010715644444 ], [ 8.601007792408188, 48.286988462977412 ], [ 8.600836846824567, 48.286747746236536 ], [ 8.60042256983674, 48.286888546391459 ], [ 8.600267726326571, 48.286726876305224 ], [ 8.599666548201407, 48.286944216166034 ], [ 8.599591316027064, 48.289428859046438 ], [ 8.599193426847956, 48.290211450401493 ], [ 8.598950788620837, 48.29134419564425 ], [ 8.599155571785284, 48.291913234494494 ], [ 8.59983494922094, 48.292807358463087 ], [ 8.60015794026555, 48.293900507441599 ], [ 8.600832753382106, 48.294780394444814 ], [ 8.600942872231199, 48.295234662524074 ], [ 8.600440634267507, 48.296323864287871 ], [ 8.600144615746805, 48.297713552329007 ], [ 8.600073820857673, 48.298387702055273 ], [ 8.600313066778305, 48.299469942117796 ], [ 8.600434722191942, 48.299604236337011 ], [ 8.602087027558829, 48.300074646458789 ], [ 8.602635311343217, 48.301287952983799 ], [ 8.602889058174279, 48.302195700507802 ], [ 8.604303807156692, 48.304122099233119 ], [ 8.605057562865026, 48.30547608915397 ], [ 8.605655167871115, 48.307498445262944 ], [ 8.606694633274179, 48.309521499641839 ], [ 8.607078545275153, 48.310476644472629 ], [ 8.607094761118679, 48.311017132995275 ], [ 8.606313981217056, 48.31200176335895 ], [ 8.606430511644716, 48.312299773680074 ], [ 8.609968945535327, 48.313125220563997 ], [ 8.613658530549124, 48.313846794252342 ], [ 8.613737006308954, 48.313814039871829 ], [ 8.61374886635104, 48.313958207105067 ], [ 8.615646839554469, 48.314624924137405 ], [ 8.616693248596619, 48.314874476290406 ], [ 8.619069284237714, 48.315907455627645 ], [ 8.619117212964094, 48.315720122849079 ], [ 8.619316969550871, 48.315738687625306 ], [ 8.619779381629543, 48.315897029871316 ], [ 8.620139979316075, 48.316125478306596 ], [ 8.621466908689467, 48.314709631744513 ], [ 8.622921966902991, 48.315297668203328 ], [ 8.623042647914922, 48.315211155527756 ], [ 8.623330191635391, 48.312483663552122 ], [ 8.623239887153511, 48.310276922279485 ], [ 8.626403059718895, 48.310979897929393 ], [ 8.626664666671227, 48.311077732022888 ], [ 8.626851397504419, 48.311271407587135 ], [ 8.626137782900519, 48.30699024880618 ], [ 8.626878036482211, 48.307173306919566 ], [ 8.631105341011406, 48.308893621655699 ], [ 8.631186849096281, 48.308718177055304 ], [ 8.632064987000557, 48.309181171924443 ], [ 8.632221597988247, 48.308970069908518 ], [ 8.632616741533983, 48.308708088652693 ], [ 8.633987006750584, 48.308134597873874 ], [ 8.632645614793752, 48.306958767868892 ], [ 8.632870338282666, 48.306876715535715 ], [ 8.632546071119375, 48.306604338758682 ], [ 8.634206416111962, 48.305512930332085 ], [ 8.634922558626048, 48.305655284784663 ], [ 8.63578312878893, 48.305988103093455 ], [ 8.636264685450332, 48.306863119154471 ], [ 8.636222456901649, 48.30697949318921 ], [ 8.637065508731922, 48.306496873202434 ], [ 8.63837726130766, 48.306173074368644 ], [ 8.638470537458977, 48.306351232876672 ], [ 8.640349674668267, 48.305443416765627 ], [ 8.641965958876231, 48.304915403457542 ], [ 8.641165718939233, 48.304341257446609 ], [ 8.644430046691769, 48.303219067262717 ], [ 8.644665718659002, 48.303128208903338 ], [ 8.644901213361328, 48.302907256791777 ], [ 8.645783696141365, 48.303194094781276 ], [ 8.646787304496755, 48.30338017478789 ], [ 8.649049240838757, 48.303698295949495 ], [ 8.649908793841176, 48.303734923204331 ], [ 8.652323684459386, 48.303199475931855 ], [ 8.651749983048965, 48.302137115733444 ], [ 8.652953630167932, 48.303189502803974 ], [ 8.653602460629921, 48.303477554764228 ], [ 8.654599285801172, 48.303314922912705 ], [ 8.65465754050622, 48.302995084194038 ], [ 8.654960176323684, 48.302709536635554 ], [ 8.655303294171508, 48.302459376783389 ], [ 8.655635945233424, 48.302341436495347 ], [ 8.657014696989799, 48.30238955041343 ], [ 8.657929208056116, 48.302533522642861 ], [ 8.658535014493753, 48.30189565532649 ], [ 8.65863515536428, 48.301478324347102 ], [ 8.658811139982168, 48.301354961557387 ], [ 8.659492021513961, 48.301387208422682 ], [ 8.659997317140053, 48.301036661198765 ], [ 8.660565326356618, 48.300927319293038 ], [ 8.661212408771219, 48.30068694521114 ], [ 8.660848954572199, 48.300145620225095 ], [ 8.661414031355969, 48.299927404998087 ], [ 8.662609758376901, 48.299707530025778 ], [ 8.662586792926225, 48.298772791927099 ], [ 8.663109176256826, 48.29780582467815 ], [ 8.663252367245263, 48.297211739648894 ], [ 8.662399031199529, 48.295327030174114 ], [ 8.660467394125051, 48.295320624048792 ], [ 8.658762199553477, 48.29485917262479 ], [ 8.657654702998681, 48.294783007689134 ], [ 8.656491020375304, 48.294802389617359 ], [ 8.656308512988016, 48.294453760404707 ], [ 8.655395162239586, 48.293358012973265 ], [ 8.654776615566162, 48.2932550345244 ], [ 8.653844203079325, 48.293232169160213 ], [ 8.650593789328113, 48.293446628880268 ], [ 8.649551930434356, 48.293320653331321 ], [ 8.645399170552313, 48.293080126665274 ], [ 8.640690932964635, 48.292366646249853 ], [ 8.63930418026982, 48.291217019294649 ], [ 8.639987219623704, 48.289329481936022 ], [ 8.638297330675352, 48.288931201379086 ], [ 8.638232277301142, 48.289018085332543 ], [ 8.637304782758742, 48.288902794586093 ], [ 8.636181195986007, 48.288628173454313 ], [ 8.636088816580045, 48.288424284634893 ], [ 8.633683207110492, 48.287396415408715 ], [ 8.632330040849922, 48.286378432718109 ], [ 8.630143259334915, 48.286058873420757 ], [ 8.628985642123688, 48.285750604395268 ], [ 8.628042701241704, 48.285694297709789 ], [ 8.626894436785902, 48.285789002713443 ], [ 8.622726420702612, 48.285392592887042 ], [ 8.621419908753671, 48.285157172650436 ] ] ] } },
{ "type": "Feature", "properties": { "Gemarkung": "Boll", "Schluessel": "085815", "Ebene": "Gemarkung" }, "geometry": { "type": "Polygon", "coordinates": [ [ [ 8.598963789232149, 48.291199033367988 ], [ 8.599193426847956, 48.290211450401493 ], [ 8.599591316027064, 48.289428859046438 ], [ 8.599560591864174, 48.288582247154011 ], [ 8.599680873883237, 48.287439807594488 ], [ 8.597941826071329, 48.287238061491365 ], [ 8.594054277085799, 48.286981942179018 ], [ 8.592113825400727, 48.286937829783525 ], [ 8.589101373645486, 48.287518913086934 ], [ 8.588814503957181, 48.287048616695031 ], [ 8.586687671988612, 48.287331858123281 ], [ 8.586721996798863, 48.287388301205418 ], [ 8.586348552223649, 48.287558796748606 ], [ 8.585490308562953, 48.288215708999921 ], [ 8.585349012100698, 48.288384248772438 ], [ 8.585200181926025, 48.289383072122583 ], [ 8.584870563225969, 48.290281558603922 ], [ 8.584368017262159, 48.291073617330987 ], [ 8.584276500653482, 48.291402837727638 ], [ 8.584340618923992, 48.292406297626641 ], [ 8.584119617070494, 48.292758801196207 ], [ 8.585367407542833, 48.293255968778304 ], [ 8.586057493399029, 48.293848551617579 ], [ 8.588202497195924, 48.294944408990759 ], [ 8.589626530672584, 48.295332580620041 ], [ 8.590686089750104, 48.29527193972676 ], [ 8.592821230250541, 48.295508576040611 ], [ 8.594451739420846, 48.295896608962728 ], [ 8.59327368923325, 48.297260224227514 ], [ 8.592271384675939, 48.298067371945471 ], [ 8.590856433003918, 48.298437421286025 ], [ 8.588935241230082, 48.298795748527226 ], [ 8.585521603721245, 48.298491552658916 ], [ 8.583626084955037, 48.298440441912398 ], [ 8.583257481642208, 48.298485350128203 ], [ 8.583062234395781, 48.298618334105804 ], [ 8.582964021993629, 48.29875706769252 ], [ 8.583014336531749, 48.29915193728899 ], [ 8.583310890977311, 48.300388984625634 ], [ 8.583330988252607, 48.302194253397495 ], [ 8.582403525844441, 48.304672819502869 ], [ 8.582190952046076, 48.30454627312124 ], [ 8.582127274392709, 48.306201620803186 ], [ 8.582236526612707, 48.306876862582541 ], [ 8.580352635936311, 48.307146473913811 ], [ 8.578940089899916, 48.307215804290728 ], [ 8.579538415800039, 48.308042183689814 ], [ 8.579480785353724, 48.308490819854093 ], [ 8.578872309576992, 48.30881562464468 ], [ 8.578330455574028, 48.308975940365571 ], [ 8.577777912112687, 48.310774968218894 ], [ 8.577710843380125, 48.311466210333286 ], [ 8.577065474194539, 48.312414432931888 ], [ 8.576836379404128, 48.312995048520811 ], [ 8.576958444031543, 48.313598367920235 ], [ 8.577328016765504, 48.313825544354906 ], [ 8.578523892940087, 48.314260605838435 ], [ 8.580084679816126, 48.314953484135906 ], [ 8.581057711774148, 48.315232421997308 ], [ 8.58323196826208, 48.313528694985308 ], [ 8.583995645033514, 48.313992181720039 ], [ 8.584684112125752, 48.314151752492329 ], [ 8.58553266589349, 48.314929700832216 ], [ 8.58731748289328, 48.316122875582117 ], [ 8.587853572912655, 48.316583630330385 ], [ 8.588864535745858, 48.316717071067643 ], [ 8.590791453128562, 48.317548671521912 ], [ 8.592048539772566, 48.317927940116661 ], [ 8.592228704016739, 48.317375101157026 ], [ 8.592020899326268, 48.316640772135557 ], [ 8.592690288791935, 48.316764510236531 ], [ 8.593573850158133, 48.316569168207458 ], [ 8.594555888802917, 48.316728907041501 ], [ 8.595675615492553, 48.31713212282709 ], [ 8.597663976470656, 48.318108131231767 ], [ 8.597871163603642, 48.318125409730328 ], [ 8.598450183870929, 48.318699533522036 ], [ 8.598764184338814, 48.318461586687583 ], [ 8.598975817271532, 48.317602059131453 ], [ 8.60093968029631, 48.317993768870721 ], [ 8.602174848539095, 48.317958911948942 ], [ 8.602109926657233, 48.317062164967396 ], [ 8.602804564838324, 48.317256015908313 ], [ 8.605107026750371, 48.317628040878652 ], [ 8.605865674199894, 48.316641634381085 ], [ 8.606002013099015, 48.315822050995216 ], [ 8.606278507054604, 48.315087606283939 ], [ 8.606101831550774, 48.314752413492094 ], [ 8.606106549249132, 48.313999314464468 ], [ 8.606688786571267, 48.313265825228605 ], [ 8.607652348797675, 48.312648342549529 ], [ 8.608636794329806, 48.312859610665313 ], [ 8.608665679250368, 48.312803839320864 ], [ 8.606501668595557, 48.312324578191593 ], [ 8.606335018415306, 48.312212538559976 ], [ 8.606313981217056, 48.31200176335895 ], [ 8.607094761118679, 48.311017132995275 ], [ 8.607111262448601, 48.31064202603681 ], [ 8.606694633274179, 48.309521499641839 ], [ 8.605655167871115, 48.307498445262944 ], [ 8.605057562865026, 48.30547608915397 ], [ 8.604303807156692, 48.304122099233119 ], [ 8.602889058174279, 48.302195700507802 ], [ 8.602635311343217, 48.301287952983799 ], [ 8.602087027558829, 48.300074646458789 ], [ 8.600434722191942, 48.299604236337011 ], [ 8.600313066778305, 48.299469942117796 ], [ 8.600073820857673, 48.298387702055273 ], [ 8.600144615746805, 48.297713552329007 ], [ 8.600440634267507, 48.296323864287871 ], [ 8.600942872231199, 48.295234662524074 ], [ 8.600832753382106, 48.294780394444814 ], [ 8.60015794026555, 48.293900507441599 ], [ 8.59983494922094, 48.292807358463087 ], [ 8.599096330770912, 48.291799758879456 ], [ 8.598963789232149, 48.291199033367988 ] ] ] } },
{ "type": "Feature", "properties": { "Gemarkung": "Brigach", "Schluessel": "086021", "Ebene": "Gemarkung" }, "geometry": { "type": "MultiPolygon", "coordinates": [ [ [ [ 8.369789627436125, 48.106984317625624 ], [ 8.369185161033229, 48.107189463441642 ], [ 8.367867563466536, 48.107246912292183 ], [ 8.366440711849823, 48.107799122814619 ], [ 8.364726637628333, 48.108000551665192 ], [ 8.363107881175509, 48.108869166583965 ], [ 8.360284932361413, 48.109155428794836 ], [ 8.359883810425291, 48.109337725215795 ], [ 8.359358921469116, 48.109739038910185 ], [ 8.358415337510216, 48.109854785519545 ], [ 8.357503177415712, 48.110294504785699 ], [ 8.356361080985957, 48.110502064291374 ], [ 8.357029256043004, 48.111518695137555 ], [ 8.357928053057455, 48.112574308349309 ], [ 8.357626257781416, 48.113375610311017 ], [ 8.357663463758776, 48.114292619582194 ], [ 8.358196492428648, 48.114580264842083 ], [ 8.358899768886838, 48.115212455448109 ], [ 8.361362218765681, 48.116939387004024 ], [ 8.362498650873501, 48.117579719630683 ], [ 8.363997135526596, 48.118227173457456 ], [ 8.364745914590248, 48.118633213539759 ], [ 8.365898270163191, 48.118957803519862 ], [ 8.366718286980566, 48.119320318062627 ], [ 8.368054502711187, 48.120059853965529 ], [ 8.369295600716029, 48.119209432141936 ], [ 8.372273750503171, 48.118687893497643 ], [ 8.373921759140075, 48.118144913710744 ], [ 8.378142944190278, 48.116486191800114 ], [ 8.376147503750811, 48.116014007697757 ], [ 8.374057854528109, 48.115259217852575 ], [ 8.37391096149352, 48.114930834592641 ], [ 8.37394184893194, 48.114688711921467 ], [ 8.374110310192986, 48.114513377024238 ], [ 8.373969935009423, 48.113891904901607 ], [ 8.374193026990762, 48.113145193852361 ], [ 8.374218991567949, 48.11226821113496 ], [ 8.373938146392282, 48.112140092754174 ], [ 8.37352181051614, 48.111608706286539 ], [ 8.372906387211208, 48.109277087643598 ], [ 8.372065783978574, 48.107592383885446 ], [ 8.37207767466661, 48.106792698735369 ], [ 8.37122657918224, 48.106733612834283 ], [ 8.369789627436125, 48.106984317625624 ] ] ], [ [ [ 8.285423112180995, 48.100746755175606 ], [ 8.283787914050054, 48.101026911877952 ], [ 8.281934179835952, 48.101141572797566 ], [ 8.280961693866759, 48.101604420958324 ], [ 8.279772509406532, 48.101914751600113 ], [ 8.279067767920832, 48.101354221527785 ], [ 8.277803941470046, 48.101833838860131 ], [ 8.276491653299271, 48.102510713551382 ], [ 8.274952906200003, 48.103747653725243 ], [ 8.274293629333338, 48.104043455554049 ], [ 8.27467361527429, 48.104952402362827 ], [ 8.274671746559745, 48.105810803739217 ], [ 8.275136127166286, 48.10630803439485 ], [ 8.275417978469008, 48.106994760836962 ], [ 8.275571543159646, 48.108532342793879 ], [ 8.275772931436618, 48.108980767669209 ], [ 8.276123260850051, 48.110417831107981 ], [ 8.277552659241717, 48.110678474637155 ], [ 8.27836600766161, 48.111051026062135 ], [ 8.279996282625483, 48.111638684911597 ], [ 8.281979847139951, 48.111914260191419 ], [ 8.281851589791883, 48.112807679163716 ], [ 8.282222008342382, 48.113819556223092 ], [ 8.28240138263793, 48.115719420692166 ], [ 8.282114136452995, 48.117165256839094 ], [ 8.282514943148767, 48.117724589037302 ], [ 8.282709481839744, 48.118440261318128 ], [ 8.282060604937676, 48.119522246548229 ], [ 8.283027312204629, 48.119971567489017 ], [ 8.285038136597551, 48.120505025383011 ], [ 8.287720817709637, 48.120934829094821 ], [ 8.288427166508827, 48.12089907782012 ], [ 8.290626243997588, 48.120121920153906 ], [ 8.291193327748477, 48.120001529435164 ], [ 8.29177494611868, 48.119977044311398 ], [ 8.292081610616806, 48.121646900734056 ], [ 8.291956183402613, 48.122267015797192 ], [ 8.291744984253882, 48.122459691215916 ], [ 8.291152239784108, 48.123964665002354 ], [ 8.291168933060961, 48.124343364500234 ], [ 8.292184092039262, 48.125445103849756 ], [ 8.292140719450966, 48.125736071661933 ], [ 8.291897117171548, 48.126056036060149 ], [ 8.29122693284115, 48.126574094366845 ], [ 8.291090780238488, 48.126780546917814 ], [ 8.291395198933401, 48.127950512705929 ], [ 8.291492588932197, 48.128891575750508 ], [ 8.293175374692403, 48.131619768210861 ], [ 8.293390373215354, 48.132151736492439 ], [ 8.295496497512664, 48.133709549832922 ], [ 8.295905918520527, 48.134101091235252 ], [ 8.297052905193469, 48.13558065916272 ], [ 8.297401373126183, 48.136323696730955 ], [ 8.297421689635097, 48.136598050878732 ], [ 8.297712414555653, 48.136579044549435 ], [ 8.29870141024684, 48.136767453665271 ], [ 8.300334115320682, 48.137183711187042 ], [ 8.302114929168605, 48.137533726949599 ], [ 8.303098350623934, 48.137937903351556 ], [ 8.304527667358331, 48.138370591850681 ], [ 8.304160348896547, 48.138894515508461 ], [ 8.308406530354995, 48.139732757473332 ], [ 8.309576412170257, 48.13956101999247 ], [ 8.311213447324203, 48.138993502381417 ], [ 8.313238057438957, 48.138480010970312 ], [ 8.314145682460241, 48.137558825654153 ], [ 8.31499911819466, 48.13710155743582 ], [ 8.315566915242101, 48.136188951341069 ], [ 8.316088932120444, 48.135199954919315 ], [ 8.316336141285714, 48.134326912993366 ], [ 8.317410906227844, 48.132000996817446 ], [ 8.317709817422033, 48.13104701519773 ], [ 8.318030181111032, 48.130694882711943 ], [ 8.315794683219417, 48.129819948239827 ], [ 8.315281560051396, 48.129547250643938 ], [ 8.316022436841788, 48.128720244565734 ], [ 8.315026455732159, 48.128457626843591 ], [ 8.315661403747843, 48.127975928336426 ], [ 8.315584753396038, 48.12732210572036 ], [ 8.315690576802513, 48.127317607550182 ], [ 8.315674739254678, 48.127174460054903 ], [ 8.31654715256434, 48.127065568794386 ], [ 8.317278768966634, 48.12681134187298 ], [ 8.318793336531124, 48.125457814800605 ], [ 8.319162379285114, 48.12537452959296 ], [ 8.319719626936882, 48.125489482936523 ], [ 8.319652893866682, 48.125098615572291 ], [ 8.319820456480988, 48.124407463634071 ], [ 8.320229852774601, 48.123770554790021 ], [ 8.320627868816231, 48.123445595241989 ], [ 8.320203417389887, 48.123054862148678 ], [ 8.319248752435804, 48.121797539835562 ], [ 8.318759703921936, 48.122035943189843 ], [ 8.31877135017116, 48.121927507636599 ], [ 8.31996216053613, 48.121338144747966 ], [ 8.319851566533375, 48.121287646544268 ], [ 8.320290237511305, 48.1206094339502 ], [ 8.320737946655878, 48.120223227836327 ], [ 8.320841532161104, 48.120234456572852 ], [ 8.321095172915189, 48.119820110813166 ], [ 8.319629890245309, 48.119442925541925 ], [ 8.320212641604698, 48.118159793291632 ], [ 8.317931454459339, 48.11763812255824 ], [ 8.318406142559533, 48.11667438349366 ], [ 8.318996105572374, 48.115841783044203 ], [ 8.319642542470939, 48.114291997095116 ], [ 8.317774076228822, 48.113256782973842 ], [ 8.315107569804669, 48.112510809432365 ], [ 8.314140085330502, 48.111846903043883 ], [ 8.313809752911942, 48.110724614536032 ], [ 8.312452365746624, 48.109342196993715 ], [ 8.310426840151413, 48.1076093678832 ], [ 8.309374189450647, 48.10630485661293 ], [ 8.309288952129974, 48.105738607284444 ], [ 8.306694565915327, 48.104811938883479 ], [ 8.304793411887518, 48.103655393133586 ], [ 8.304067931374275, 48.103355537309568 ], [ 8.302140898079152, 48.103097060692164 ], [ 8.300601099447782, 48.103059538611042 ], [ 8.300836587114974, 48.102374942927568 ], [ 8.300970401728675, 48.101184001312419 ], [ 8.297126106142349, 48.099768790499269 ], [ 8.295831532024133, 48.099515334005289 ], [ 8.295148270782539, 48.100497587432137 ], [ 8.294405875259823, 48.101087739817061 ], [ 8.292460732256751, 48.100768708819679 ], [ 8.290698326601859, 48.101081379827242 ], [ 8.28836170333337, 48.10077911616672 ], [ 8.287088399011852, 48.100708064191842 ], [ 8.287138398954189, 48.10062794026959 ], [ 8.285423112180995, 48.100746755175606 ] ] ] ] } },
{ "type": "Feature", "properties": { "Gemarkung": "Brittheim", "Schluessel": "087952", "Ebene": "Gemarkung" }, "geometry": { "type": "Polygon", "coordinates": [ [ [ 8.681943590862753, 48.281534134801745 ], [ 8.679380373740289, 48.28310972717528 ], [ 8.678199094002798, 48.284300297472676 ], [ 8.67535821040264, 48.2834064924226 ], [ 8.67462049732262, 48.283338371380175 ], [ 8.673795318971889, 48.283352497816139 ], [ 8.670824525140247, 48.28318721938362 ], [ 8.670865324576477, 48.283256971067829 ], [ 8.670745216782583, 48.283341556662627 ], [ 8.669768050643412, 48.283764031651458 ], [ 8.667326242565959, 48.284130269600254 ], [ 8.666239220393798, 48.284090053381007 ], [ 8.664495617998128, 48.283861500475162 ], [ 8.662330444127056, 48.283787687882914 ], [ 8.660696097061482, 48.283430654457419 ], [ 8.658671997401841, 48.283308336696834 ], [ 8.657770539454818, 48.283824050934804 ], [ 8.657883318129507, 48.284032931355654 ], [ 8.658613874646127, 48.284505632763938 ], [ 8.658231972261017, 48.28497268972535 ], [ 8.657684162467847, 48.285272271872849 ], [ 8.656129120524156, 48.285870595329555 ], [ 8.655804795759083, 48.286069533037754 ], [ 8.655332215217474, 48.285963305488899 ], [ 8.654778975760548, 48.285984317934201 ], [ 8.6535616554686, 48.286150606067103 ], [ 8.652856810760326, 48.286323107678207 ], [ 8.652380502452189, 48.286687297090893 ], [ 8.65204300628726, 48.286758430441687 ], [ 8.651151161375346, 48.287664940637278 ], [ 8.650469101410438, 48.288148964293903 ], [ 8.650548698411617, 48.288199498029734 ], [ 8.648451454227272, 48.288869932024163 ], [ 8.649885840334155, 48.289323875352252 ], [ 8.649918821993801, 48.289429417676516 ], [ 8.649398478776694, 48.290606316872392 ], [ 8.649042922041989, 48.29199055168737 ], [ 8.648743923954578, 48.292575776924053 ], [ 8.648612557455531, 48.293290616912543 ], [ 8.650593789328113, 48.293446628880268 ], [ 8.653844203079325, 48.293232169160213 ], [ 8.654776615566162, 48.2932550345244 ], [ 8.655395162239586, 48.293358012973265 ], [ 8.656308512988016, 48.294453760404707 ], [ 8.656491020375304, 48.294802389617359 ], [ 8.657654702998681, 48.294783007689134 ], [ 8.658762199553477, 48.29485917262479 ], [ 8.660467394125051, 48.295320624048792 ], [ 8.662399031199529, 48.295327030174114 ], [ 8.663252367245263, 48.297211739648894 ], [ 8.663109176256826, 48.29780582467815 ], [ 8.662586792926225, 48.298772791927099 ], [ 8.662609758376901, 48.299707530025778 ], [ 8.661414031355969, 48.299927404998087 ], [ 8.663156834912959, 48.300645333604166 ], [ 8.665319022772604, 48.30221338828116 ], [ 8.665441199147446, 48.302150586702595 ], [ 8.667449183520654, 48.303355494114051 ], [ 8.667333697216494, 48.303405541810697 ], [ 8.667142135170065, 48.30462017540205 ], [ 8.667132365022196, 48.304982085377475 ], [ 8.667221063420175, 48.304945995281003 ], [ 8.667391620490239, 48.305137759007422 ], [ 8.667710204994579, 48.304899996770899 ], [ 8.668234128123569, 48.304897100860636 ], [ 8.668352712767863, 48.304972835418511 ], [ 8.668965132622054, 48.304839828785454 ], [ 8.669623331451554, 48.304863583379124 ], [ 8.670094426986157, 48.304750587258859 ], [ 8.671203030572386, 48.304900768308833 ], [ 8.67198019373218, 48.304689585092888 ], [ 8.672399639970694, 48.304723168797118 ], [ 8.672881654431949, 48.304609652558703 ], [ 8.673672289209126, 48.304166110806165 ], [ 8.674005618897763, 48.304190807431915 ], [ 8.674350877548724, 48.304078606706987 ], [ 8.67476035970668, 48.304194203729757 ], [ 8.674899736737778, 48.304076110907097 ], [ 8.675296901188359, 48.304092887156941 ], [ 8.675590086387686, 48.303962182368004 ], [ 8.675798387974949, 48.303990209731815 ], [ 8.676411886481016, 48.303873630489676 ], [ 8.677253495746955, 48.304022102078207 ], [ 8.677571696724401, 48.303794027897112 ], [ 8.677886015699157, 48.303903858972845 ], [ 8.678115707530528, 48.303811475890384 ], [ 8.678211614236739, 48.303892804757318 ], [ 8.678472791064273, 48.303854399432844 ], [ 8.678984063628061, 48.303974674328963 ], [ 8.679310598231829, 48.303857278322212 ], [ 8.679451801708293, 48.303984075938821 ], [ 8.679620571851768, 48.303929486226615 ], [ 8.680119224065955, 48.304149314661885 ], [ 8.680321681470948, 48.304077184029104 ], [ 8.680507905884422, 48.304121155666103 ], [ 8.680697657416705, 48.304226674389938 ], [ 8.680779286492566, 48.304392620645423 ], [ 8.681014412770203, 48.30431491152757 ], [ 8.681301558475711, 48.30437238691772 ], [ 8.681424925660847, 48.304332603305838 ], [ 8.681949052025669, 48.304534680829519 ], [ 8.682098889564303, 48.304749127141413 ], [ 8.68224764490531, 48.304725337020969 ], [ 8.682620676135773, 48.305264461015582 ], [ 8.682808960089911, 48.305390574675272 ], [ 8.68450203287223, 48.304387958301007 ], [ 8.685171012384791, 48.303886874561499 ], [ 8.684758332644204, 48.303564471135616 ], [ 8.685546511174243, 48.302447615972014 ], [ 8.686554912965942, 48.30273088652639 ], [ 8.688068626344583, 48.303430628714722 ], [ 8.688939702659596, 48.302772988097246 ], [ 8.689166278216842, 48.302434604012852 ], [ 8.689250399325404, 48.302060747423063 ], [ 8.689548090995871, 48.302068568808494 ], [ 8.689551781677658, 48.300992929972111 ], [ 8.689717865346022, 48.300910968118522 ], [ 8.689929180555881, 48.300507404936454 ], [ 8.68985472549773, 48.299954625026267 ], [ 8.689778285516182, 48.299952259654674 ], [ 8.689885120931905, 48.299522324107009 ], [ 8.690217886652505, 48.29847762070704 ], [ 8.690963048993167, 48.296971232992426 ], [ 8.690853523314249, 48.296933512223355 ], [ 8.691155208884464, 48.296453087376769 ], [ 8.692442970364599, 48.296880914286618 ], [ 8.692913180225737, 48.295433516299603 ], [ 8.691586798843561, 48.295222412353546 ], [ 8.691504988087859, 48.295105595216675 ], [ 8.691696684657906, 48.293520164084441 ], [ 8.691842336079448, 48.293401077726138 ], [ 8.691841733826426, 48.293254699142416 ], [ 8.689195631053469, 48.293289773357387 ], [ 8.689303392022481, 48.292372396876274 ], [ 8.689035213249792, 48.292331546603208 ], [ 8.689295366643863, 48.290117341276854 ], [ 8.689229246597739, 48.290082974992657 ], [ 8.689439992920732, 48.290055474427902 ], [ 8.688895023419802, 48.289864170181538 ], [ 8.688822644950472, 48.289750525395576 ], [ 8.689777168236105, 48.288251636903787 ], [ 8.689709743583153, 48.288143673958395 ], [ 8.690507930819905, 48.286517682845393 ], [ 8.688201575599845, 48.286093913809601 ], [ 8.689716112976576, 48.283397814136833 ], [ 8.690226981993776, 48.283020427885837 ], [ 8.690294864024445, 48.282873423766745 ], [ 8.690066632671639, 48.2825207657935 ], [ 8.689957081972603, 48.281801899416742 ], [ 8.690949921941389, 48.281696790606333 ], [ 8.690519642668516, 48.281232030494813 ], [ 8.687471460901136, 48.281280016994586 ], [ 8.687167581291781, 48.280870557926903 ], [ 8.686865705834352, 48.280641218639367 ], [ 8.686868926884399, 48.280775818952662 ], [ 8.685814615415515, 48.281257329011197 ], [ 8.685257813753873, 48.281056708187499 ], [ 8.684721515232571, 48.279737213611178 ], [ 8.68381963497785, 48.279456737595979 ], [ 8.68325599686673, 48.279516094665709 ], [ 8.683649519894857, 48.280768987328734 ], [ 8.681943590862753, 48.281534134801745 ] ] ] } },
{ "type": "Feature", "properties": { "Gemarkung": "Buchenberg", "Schluessel": "086001", "Ebene": "Gemarkung" }, "geometry": { "type": "Polygon", "coordinates": [ [ [ 8.400702301976416, 48.129788609857066 ], [ 8.398969017529474, 48.129442889499153 ], [ 8.398725852704628, 48.129320247564735 ], [ 8.397896008060055, 48.128547016220494 ], [ 8.396616886748809, 48.130220684568755 ], [ 8.395495607418134, 48.132329005547625 ], [ 8.395278428717607, 48.134124930154393 ], [ 8.393560652675134, 48.135717260352777 ], [ 8.38998271198186, 48.138583222226259 ], [ 8.387951355750186, 48.139886887865359 ], [ 8.386744722411358, 48.1404684113594 ], [ 8.385026982857983, 48.143897084340665 ], [ 8.384629156914736, 48.144496765490722 ], [ 8.383097744636284, 48.146085706190917 ], [ 8.377670932075185, 48.145739935624 ], [ 8.376804116105328, 48.146348295550204 ], [ 8.374990438371661, 48.147331807681361 ], [ 8.373967575371136, 48.148119957458903 ], [ 8.371900762822944, 48.14764848430049 ], [ 8.369965067716313, 48.147715174328965 ], [ 8.368108114127518, 48.148036700237121 ], [ 8.365847485319636, 48.148646303254274 ], [ 8.365683916531072, 48.148707749970598 ], [ 8.364814071369732, 48.149622260931743 ], [ 8.36462193132545, 48.14956910624251 ], [ 8.364174793573131, 48.149163927320636 ], [ 8.357278804591099, 48.150877650719536 ], [ 8.356684797285533, 48.150910585529104 ], [ 8.356037245975701, 48.150849378462283 ], [ 8.3546877818228, 48.1496799357068 ], [ 8.353883528105822, 48.149454540764594 ], [ 8.351672274476474, 48.149562828988884 ], [ 8.34977682052801, 48.149565167377702 ], [ 8.346185160432313, 48.150342557918535 ], [ 8.344501168599479, 48.151094113734516 ], [ 8.343493831644512, 48.15168711565979 ], [ 8.342345666777602, 48.15222999939634 ], [ 8.340683016151155, 48.154507514167683 ], [ 8.340960288320108, 48.156910495444492 ], [ 8.34088543556841, 48.159038037492252 ], [ 8.340778723549679, 48.159936135964045 ], [ 8.340256159569766, 48.161792367613522 ], [ 8.340674788817918, 48.162390640790214 ], [ 8.34144560155427, 48.162959981029822 ], [ 8.342634495472291, 48.163469538560371 ], [ 8.343995518898478, 48.163580959573359 ], [ 8.344577443615446, 48.163695751992186 ], [ 8.346801921337187, 48.164321469743122 ], [ 8.347936875398508, 48.164753651427141 ], [ 8.351785459625823, 48.165597024535174 ], [ 8.35518214537821, 48.166172323219492 ], [ 8.355773070717268, 48.165100226601844 ], [ 8.357286837093579, 48.165499979815777 ], [ 8.358267508386225, 48.165835378584724 ], [ 8.362830964737224, 48.167802134986317 ], [ 8.364417849596162, 48.168281822533835 ], [ 8.364372866656971, 48.168330337444907 ], [ 8.364556875989498, 48.168383177445605 ], [ 8.364590869833169, 48.168331452773444 ], [ 8.367043113818225, 48.169097309892329 ], [ 8.367788221635767, 48.169393362446648 ], [ 8.368853329854204, 48.169961886751125 ], [ 8.368892657184295, 48.169836954695263 ], [ 8.370787925602771, 48.170823247113418 ], [ 8.373825336236926, 48.172218889927649 ], [ 8.376038903492772, 48.172827786137411 ], [ 8.37868750907605, 48.173927797328304 ], [ 8.383240445214104, 48.175012069273386 ], [ 8.390769891553608, 48.17210868301207 ], [ 8.39537381151646, 48.171335500074861 ], [ 8.396913627213685, 48.171000804507891 ], [ 8.398373996580284, 48.170775615536087 ], [ 8.399278994458596, 48.170781068387228 ], [ 8.400359845190977, 48.170850680318068 ], [ 8.402902160755078, 48.17143324281102 ], [ 8.404321110552978, 48.171542990279313 ], [ 8.405165245841584, 48.171474036289439 ], [ 8.405905221563073, 48.171083525902525 ], [ 8.406351285042243, 48.1705661653939 ], [ 8.406498412991857, 48.169471903621812 ], [ 8.407042834760599, 48.168494223083073 ], [ 8.407241935326022, 48.167241341473343 ], [ 8.411576799383282, 48.167320114791785 ], [ 8.413310401749532, 48.167462221389698 ], [ 8.414918028596233, 48.167211032688073 ], [ 8.416085608364044, 48.167313057459083 ], [ 8.417053360179629, 48.167424853490886 ], [ 8.420341725773945, 48.168473705941629 ], [ 8.424278487226802, 48.167517589255951 ], [ 8.425065186135356, 48.165876699949237 ], [ 8.427309063253107, 48.164457292181389 ], [ 8.429106238763968, 48.15933831276314 ], [ 8.424652593257962, 48.159080745228813 ], [ 8.424326419417129, 48.156347626394719 ], [ 8.42438681944536, 48.155636086943439 ], [ 8.423900432133692, 48.154078070053551 ], [ 8.424078799918739, 48.152989877666997 ], [ 8.42390355486001, 48.151276690929095 ], [ 8.423532166449531, 48.150055465510867 ], [ 8.424235132529606, 48.14768099135474 ], [ 8.424490121271342, 48.147781325414257 ], [ 8.42464230874282, 48.147697155618367 ], [ 8.425061303339943, 48.147714457197708 ], [ 8.424985675964143, 48.147576424710131 ], [ 8.425058272624764, 48.146926574347617 ], [ 8.424864950925151, 48.146685746986492 ], [ 8.426208991079799, 48.145353889946556 ], [ 8.423950756190925, 48.144968858431582 ], [ 8.421285810497199, 48.143778122444374 ], [ 8.420083500918285, 48.143583485065164 ], [ 8.419776165671466, 48.143359257943224 ], [ 8.419013072914739, 48.143270021496178 ], [ 8.417456525599139, 48.142900462900094 ], [ 8.417050893763891, 48.142917659876254 ], [ 8.416948329391822, 48.143107156536061 ], [ 8.41626133028762, 48.142946941480368 ], [ 8.415050718443887, 48.142989460458267 ], [ 8.412594088503447, 48.143479054831928 ], [ 8.412476724865396, 48.144209912046648 ], [ 8.410975463286567, 48.143380710985817 ], [ 8.411293981278474, 48.141295215418516 ], [ 8.41166150861765, 48.139764995234053 ], [ 8.411199966600146, 48.139748146513242 ], [ 8.411105745490667, 48.138818991434782 ], [ 8.410274625394639, 48.138796645951224 ], [ 8.409914466243364, 48.137182621089224 ], [ 8.40874657617513, 48.137495923355253 ], [ 8.409136868880504, 48.13923372579643 ], [ 8.409070947005636, 48.139273783499583 ], [ 8.408298228345883, 48.139104982587085 ], [ 8.408232214090589, 48.138310925531371 ], [ 8.408107875289483, 48.138007175607434 ], [ 8.407270748114138, 48.137106668015605 ], [ 8.40700072926232, 48.136404766864644 ], [ 8.407162988554502, 48.136367636488743 ], [ 8.407485517377484, 48.136431199209767 ], [ 8.407601250823483, 48.135799844755972 ], [ 8.406635048554342, 48.135828509450775 ], [ 8.405444449939345, 48.135629910156851 ], [ 8.405469474010028, 48.135581275724014 ], [ 8.40415516195602, 48.134807652814793 ], [ 8.400417274733337, 48.134485283632166 ], [ 8.399566437077617, 48.134327532403944 ], [ 8.399905126491289, 48.133682864727334 ], [ 8.401046039150279, 48.132126931538153 ], [ 8.401856999941328, 48.130554154922685 ], [ 8.401647291681915, 48.130269206869606 ], [ 8.40116938918624, 48.129956320073092 ], [ 8.400702301976416, 48.129788609857066 ] ] ] } },
{ "type": "Feature", "properties": { "Gemarkung": "Burgberg", "Schluessel": "086002", "Ebene": "Gemarkung" }, "geometry": { "type": "MultiPolygon", "coordinates": [ [ [ [ 8.431127836301219, 48.144964748248526 ], [ 8.430468141876741, 48.145027879156579 ], [ 8.430091764862231, 48.145291515207028 ], [ 8.429761624043996, 48.145361493924213 ], [ 8.429375388191463, 48.145422466116827 ], [ 8.428765184055106, 48.145386326049021 ], [ 8.428056324230429, 48.145529991877318 ], [ 8.426208991079799, 48.145353889946556 ], [ 8.424864950925151, 48.146685746986492 ], [ 8.425058272624764, 48.146926574347617 ], [ 8.424985675964143, 48.147576424710131 ], [ 8.425061303339943, 48.147714457197708 ], [ 8.42464230874282, 48.147697155618367 ], [ 8.424490121271342, 48.147781325414257 ], [ 8.424235132529606, 48.14768099135474 ], [ 8.424138523000167, 48.147928554762579 ], [ 8.426096606284654, 48.14775328008141 ], [ 8.427475342237681, 48.147846437313547 ], [ 8.427192946212056, 48.145726235622256 ], [ 8.42774382286137, 48.145730059321309 ], [ 8.428149958029712, 48.145874953155783 ], [ 8.428874045691115, 48.145692045504653 ], [ 8.431421881036838, 48.145290005504997 ], [ 8.431390867852912, 48.14501850235564 ], [ 8.431147191764603, 48.145074517562193 ], [ 8.431127836301219, 48.144964748248526 ] ] ], [ [ [ 8.436417470155197, 48.143572069104863 ], [ 8.435429128991668, 48.142334718242338 ], [ 8.435194500744229, 48.141457256594535 ], [ 8.434477836720474, 48.14175504251795 ], [ 8.433542521977241, 48.142523009992367 ], [ 8.43337578267554, 48.142808383003057 ], [ 8.434071989352431, 48.143334089544027 ], [ 8.434528645212893, 48.143566840510303 ], [ 8.433952866727997, 48.144093750174207 ], [ 8.43397021458598, 48.144313272631805 ], [ 8.433734361371352, 48.144343060587204 ], [ 8.433618190676848, 48.144516040459877 ], [ 8.433401761766568, 48.144600805194997 ], [ 8.433159982235582, 48.144509373066242 ], [ 8.433230542442685, 48.144962720343372 ], [ 8.433773688042368, 48.145045380774135 ], [ 8.434119997053923, 48.14517934230706 ], [ 8.434534196139653, 48.145423580229668 ], [ 8.434957340822951, 48.14586975342236 ], [ 8.435321615543822, 48.146106995271886 ], [ 8.434120795345947, 48.146831106400157 ], [ 8.433583062208436, 48.147525455541235 ], [ 8.430623923416935, 48.149284413748788 ], [ 8.430693351569943, 48.149328123198686 ], [ 8.429345958203818, 48.150551151418981 ], [ 8.428866865923204, 48.150301354336094 ], [ 8.42985625847682, 48.150945593088601 ], [ 8.430319246240277, 48.151108665102626 ], [ 8.430562168649306, 48.154234345379727 ], [ 8.43153940919755, 48.15416153859438 ], [ 8.431637163289981, 48.154368233083396 ], [ 8.43271733762111, 48.154398670878209 ], [ 8.4337343703955, 48.154302109817166 ], [ 8.43363052628621, 48.153902761495331 ], [ 8.435323317285555, 48.153782793108576 ], [ 8.436585555490321, 48.153565861824461 ], [ 8.438445445237086, 48.152769282799092 ], [ 8.439530969391576, 48.152416860642163 ], [ 8.441629071490448, 48.153201803283274 ], [ 8.44208601284979, 48.152551200335807 ], [ 8.442760831683847, 48.152042544934545 ], [ 8.443145586710134, 48.151351101200319 ], [ 8.443232028317301, 48.151364475628242 ], [ 8.442840184813468, 48.152064972252987 ], [ 8.442164425094809, 48.152598455253383 ], [ 8.441300915605996, 48.153903143660457 ], [ 8.440738527967847, 48.154170948195997 ], [ 8.440043124403102, 48.154330318086721 ], [ 8.439990686021181, 48.154206713862131 ], [ 8.438918903945135, 48.154380797033596 ], [ 8.438445311022532, 48.15459297250235 ], [ 8.437833897513672, 48.155050899604149 ], [ 8.436515120121957, 48.155602525347838 ], [ 8.436079924087293, 48.155891803533194 ], [ 8.434724113994269, 48.156212184317461 ], [ 8.434207712093164, 48.156401279399986 ], [ 8.433437391922007, 48.156399104444986 ], [ 8.432910862960304, 48.15664023634816 ], [ 8.432497941624536, 48.156614086451157 ], [ 8.431426834804292, 48.156890578793259 ], [ 8.431062609342536, 48.156826067528939 ], [ 8.430421016438086, 48.157074445806479 ], [ 8.429903877198326, 48.156878806663109 ], [ 8.427586984111459, 48.156883936306912 ], [ 8.426929985477894, 48.156956507192689 ], [ 8.425975999700084, 48.156675089497035 ], [ 8.425871022006733, 48.156599260382229 ], [ 8.425924952214107, 48.156260883035422 ], [ 8.424374768597236, 48.155823883778041 ], [ 8.424326419417129, 48.156347626394719 ], [ 8.424652593257962, 48.159080745228813 ], [ 8.429106238763968, 48.15933831276314 ], [ 8.433634770941479, 48.158917074264394 ], [ 8.43484535812637, 48.158676875359788 ], [ 8.434998035795106, 48.159027068840857 ], [ 8.43629201962527, 48.158661486763265 ], [ 8.438604982764918, 48.157815933919203 ], [ 8.442658848451234, 48.15622043302448 ], [ 8.44341402268587, 48.156690316174412 ], [ 8.444600269902175, 48.157201145032204 ], [ 8.445745799088183, 48.158485775803797 ], [ 8.445941216225194, 48.159893846009098 ], [ 8.447018350164617, 48.161232205554455 ], [ 8.447749474657863, 48.162462278592564 ], [ 8.447926645532009, 48.162356335548999 ], [ 8.448028573390415, 48.162457321291946 ], [ 8.448266769095675, 48.1622536936693 ], [ 8.449000748922584, 48.162254425348323 ], [ 8.449168129372509, 48.162195937499284 ], [ 8.449434910356761, 48.162248588380344 ], [ 8.449734376620015, 48.162187493385879 ], [ 8.449992714631863, 48.161935554868776 ], [ 8.450273992852802, 48.161902531976814 ], [ 8.45039152242205, 48.161651178625654 ], [ 8.450845570373685, 48.161520373424509 ], [ 8.45089531805306, 48.161609411259306 ], [ 8.450994442897246, 48.161570208074778 ], [ 8.45113492361622, 48.161259583513697 ], [ 8.451455431887752, 48.161229624082338 ], [ 8.451552042060035, 48.161312677351653 ], [ 8.451832655738032, 48.161265882098228 ], [ 8.451916636843631, 48.161221657558151 ], [ 8.451904655392497, 48.16100828206477 ], [ 8.452417466612411, 48.160914728420366 ], [ 8.453357178377097, 48.160560761620559 ], [ 8.454814404318848, 48.160288866156115 ], [ 8.455322575197773, 48.160340308847886 ], [ 8.455847065690882, 48.160171130649807 ], [ 8.455974755580403, 48.160227696282568 ], [ 8.456266063648934, 48.160160517678186 ], [ 8.456507694715933, 48.160200437421118 ], [ 8.456734194039132, 48.160119725616532 ], [ 8.457218807528491, 48.160148016316306 ], [ 8.456093195012278, 48.15827168337227 ], [ 8.457466711547928, 48.155435397452344 ], [ 8.45838591104709, 48.153925809357617 ], [ 8.458907007834066, 48.153982695413561 ], [ 8.460033725126943, 48.154319443019524 ], [ 8.461042215749483, 48.153235990465433 ], [ 8.457438519005818, 48.151490264370729 ], [ 8.454981937052235, 48.150502378309838 ], [ 8.45072474133662, 48.14934498245173 ], [ 8.446419200397049, 48.147912787162255 ], [ 8.444126011506009, 48.147478500623798 ], [ 8.440665827577556, 48.146447032153127 ], [ 8.437236103915852, 48.144203621603239 ], [ 8.436417470155197, 48.143572069104863 ] ] ], [ [ [ 8.438851880781419, 48.154263239046202 ], [ 8.438895274467114, 48.154315903347609 ], [ 8.439040567046263, 48.154284133386859 ], [ 8.439007990227795, 48.154238269677947 ], [ 8.438851880781419, 48.154263239046202 ] ] ] ] } },
{ "type": "Feature", "properties": { "Gemarkung": "Busenweiler", "Schluessel": "085772", "Ebene": "Gemarkung" }, "geometry": { "type": "Polygon", "coordinates": [ [ [ 8.478606264412097, 48.343017506219269 ], [ 8.477889633634335, 48.345120920473235 ], [ 8.476340477474277, 48.344734488326218 ], [ 8.473785012065928, 48.344291165497303 ], [ 8.471712493635668, 48.345947492842171 ], [ 8.47053418959309, 48.347037421998778 ], [ 8.472032829744554, 48.347573854990493 ], [ 8.472056799187442, 48.347879672336589 ], [ 8.472311124688407, 48.347940397331065 ], [ 8.472170588898898, 48.349054711512579 ], [ 8.473846000394879, 48.349694313828259 ], [ 8.476631969218468, 48.350153798002687 ], [ 8.477346099640371, 48.350194471040055 ], [ 8.477888326266646, 48.349146750851986 ], [ 8.478169051960204, 48.348090374726972 ], [ 8.481431534431456, 48.348777180377276 ], [ 8.481531701322822, 48.3486954022177 ], [ 8.483163214038703, 48.348908228252185 ], [ 8.484310919146326, 48.3491966845435 ], [ 8.484123303727593, 48.349772350554019 ], [ 8.485745421491577, 48.350118518491755 ], [ 8.485594105030367, 48.350401327269338 ], [ 8.490423860736993, 48.351904036145811 ], [ 8.49032606787058, 48.352222265121938 ], [ 8.491413054454966, 48.35235725785595 ], [ 8.491288371808285, 48.353329786728928 ], [ 8.490937166964837, 48.353788862709116 ], [ 8.490470852330706, 48.354108789083476 ], [ 8.491045363127158, 48.354458963698683 ], [ 8.491997051603592, 48.355282227151037 ], [ 8.492863730701766, 48.355057895614024 ], [ 8.493335143766759, 48.355557308730191 ], [ 8.493082039909002, 48.355843367347305 ], [ 8.493394418525527, 48.355923374320412 ], [ 8.493289170803786, 48.356272971123737 ], [ 8.495254629337909, 48.357541954681892 ], [ 8.495446817655093, 48.357122293626283 ], [ 8.49662542353353, 48.355601532261161 ], [ 8.497435642977305, 48.355132209852009 ], [ 8.497551500621388, 48.354331922409116 ], [ 8.497673571073916, 48.354107628730766 ], [ 8.498342560670631, 48.353625087709105 ], [ 8.497911608681333, 48.353359425173984 ], [ 8.497627197411465, 48.35282450089813 ], [ 8.498166135243256, 48.351563630356225 ], [ 8.498102827517538, 48.35104172697018 ], [ 8.497245073711762, 48.349366398904564 ], [ 8.497210005707551, 48.348924868607874 ], [ 8.497597744586557, 48.348914057304064 ], [ 8.497138965083957, 48.348614082699662 ], [ 8.496448815075755, 48.347907253441079 ], [ 8.496328485571295, 48.347668224646469 ], [ 8.496273709611781, 48.346954008185556 ], [ 8.495895720916527, 48.346223980960126 ], [ 8.496075478974921, 48.345280566631523 ], [ 8.495974404021512, 48.34444460167181 ], [ 8.495837719899383, 48.344168074335855 ], [ 8.493475881576472, 48.344286171240114 ], [ 8.493511309298912, 48.344483534594872 ], [ 8.493129671168246, 48.344658188634448 ], [ 8.492893774928852, 48.344384999197544 ], [ 8.492215203997423, 48.344466934490612 ], [ 8.492111843179988, 48.344641823588283 ], [ 8.491237950043198, 48.344482948943906 ], [ 8.489141718426444, 48.344638118037793 ], [ 8.484900761213884, 48.344480206813216 ], [ 8.484899626940534, 48.344619560419211 ], [ 8.484544550840383, 48.344606274178474 ], [ 8.482956639635194, 48.344325378583669 ], [ 8.482083704727977, 48.343982006545708 ], [ 8.480575067499148, 48.343526269366926 ], [ 8.478606264412097, 48.343017506219269 ] ] ] } },
{ "type": "Feature", "properties": { "Gemarkung": "Böhringen", "Schluessel": "085911", "Ebene": "Gemarkung" }, "geometry": { "type": "Polygon", "coordinates": [ [ [ 8.660159046083693, 48.232389146575663 ], [ 8.659870358872727, 48.231917398361688 ], [ 8.659031716527076, 48.232196965382762 ], [ 8.658823572416267, 48.232393018863164 ], [ 8.658751977493639, 48.23271021488582 ], [ 8.658843976077488, 48.233111836862072 ], [ 8.658631814485359, 48.233182372154644 ], [ 8.658428046890833, 48.233428190395699 ], [ 8.657851145666587, 48.233528499287146 ], [ 8.657794763112904, 48.233421179155883 ], [ 8.657628586993852, 48.233461440136331 ], [ 8.657610512656172, 48.233566739286474 ], [ 8.65722431057883, 48.233866352879346 ], [ 8.657342717249183, 48.233982135229631 ], [ 8.657300161655646, 48.234123438677848 ], [ 8.656932643261509, 48.234387119604861 ], [ 8.65667619481882, 48.234373128804521 ], [ 8.656508874293049, 48.234523416054735 ], [ 8.656512407171256, 48.23465954874095 ], [ 8.656267751998563, 48.234694175176173 ], [ 8.656269306375499, 48.23490443587869 ], [ 8.656056579489778, 48.234856746291882 ], [ 8.655653640028376, 48.235179336383709 ], [ 8.655251667594008, 48.235317132955174 ], [ 8.655123754499257, 48.235333663411616 ], [ 8.654917039275659, 48.235232998391581 ], [ 8.654714299300094, 48.235342241105457 ], [ 8.654275499511296, 48.23540875869903 ], [ 8.653966824815004, 48.235330367411301 ], [ 8.653381934922606, 48.235372780170437 ], [ 8.65296817274645, 48.23565970074219 ], [ 8.652558086631343, 48.236238398257839 ], [ 8.652245965664159, 48.236449600035726 ], [ 8.652203721232819, 48.23658235549582 ], [ 8.652362934814265, 48.236697276696376 ], [ 8.652236472085601, 48.236995949011664 ], [ 8.652531435698362, 48.237310290402725 ], [ 8.653032984436255, 48.237546712246747 ], [ 8.653528706320666, 48.237569709484518 ], [ 8.653886088089989, 48.237876408184142 ], [ 8.65414667904351, 48.238337290243123 ], [ 8.654502198884265, 48.238701830998046 ], [ 8.654241344038549, 48.238938923071025 ], [ 8.654182201052079, 48.239361326283849 ], [ 8.653680061583515, 48.239767731188834 ], [ 8.653368955203256, 48.239866118725608 ], [ 8.653106928486581, 48.239836628632325 ], [ 8.651972661609072, 48.239475487150926 ], [ 8.649780268170836, 48.239009902089585 ], [ 8.649134636054852, 48.238553503874257 ], [ 8.648718403130626, 48.23811210801729 ], [ 8.648392706672535, 48.238118849798099 ], [ 8.648150394722657, 48.238181716169834 ], [ 8.647838285393389, 48.238445717364009 ], [ 8.646980027425036, 48.239906959756624 ], [ 8.64685178570206, 48.239969183887716 ], [ 8.646259418600398, 48.239993633762467 ], [ 8.645795636188502, 48.239828283795816 ], [ 8.645423974158151, 48.239488227726937 ], [ 8.645495424692717, 48.239107792160063 ], [ 8.645768914845814, 48.238568105445587 ], [ 8.645625650785338, 48.238251155467985 ], [ 8.645299278764071, 48.238063194963836 ], [ 8.645128765875642, 48.238064828073668 ], [ 8.644649452861691, 48.238161503201241 ], [ 8.643964242196864, 48.238429018577065 ], [ 8.643808192366338, 48.238558719424134 ], [ 8.643352018411143, 48.239820640316815 ], [ 8.64344505584863, 48.240502978456639 ], [ 8.643601376078502, 48.240664956154539 ], [ 8.643592938216456, 48.24178269581477 ], [ 8.643048506089347, 48.242541508676972 ], [ 8.642758126288447, 48.242559410234676 ], [ 8.642314477385813, 48.242460325493944 ], [ 8.641807205762273, 48.243275298210555 ], [ 8.641873735508559, 48.243990303078512 ], [ 8.642365937457198, 48.24485490017927 ], [ 8.64240133929793, 48.245495853854081 ], [ 8.640385175364569, 48.246440260013294 ], [ 8.640122210485449, 48.246713570381317 ], [ 8.639998994377381, 48.247015747695798 ], [ 8.638811253378842, 48.247984039173282 ], [ 8.637513289437614, 48.249770321137952 ], [ 8.636549588659859, 48.251385985790549 ], [ 8.636782537415788, 48.251419650180935 ], [ 8.638205558766394, 48.252137763386862 ], [ 8.644039016024083, 48.253410754446662 ], [ 8.643464780853813, 48.255493985322282 ], [ 8.6428158784066, 48.256955481603391 ], [ 8.642513960813808, 48.258249453060529 ], [ 8.642405008135468, 48.258262429561988 ], [ 8.642479719535897, 48.258310254946451 ], [ 8.642138938759985, 48.258761014230878 ], [ 8.641983589771893, 48.258819369742831 ], [ 8.64436322297362, 48.259266427456573 ], [ 8.646050148723351, 48.259744593931138 ], [ 8.647897584894027, 48.260123362739066 ], [ 8.650660781457448, 48.260907853968966 ], [ 8.65033608734101, 48.261655220531061 ], [ 8.652062069300369, 48.262195585123912 ], [ 8.653679441895198, 48.262363399380874 ], [ 8.654913865966728, 48.262634764986693 ], [ 8.654590018368754, 48.262964064936703 ], [ 8.657498850268096, 48.265181927231737 ], [ 8.661122613503494, 48.267489992446876 ], [ 8.666020222527498, 48.268779884549943 ], [ 8.667858442255522, 48.268574233979557 ], [ 8.673266990739807, 48.267212500690228 ], [ 8.675549273062055, 48.266346724385663 ], [ 8.676755504190055, 48.265502354280557 ], [ 8.675957597828074, 48.265020759882546 ], [ 8.675591444896625, 48.264537679679293 ], [ 8.675485886981125, 48.263800724848487 ], [ 8.675627209346898, 48.262761184695727 ], [ 8.675477281934562, 48.261860722729388 ], [ 8.675215354951215, 48.261221480914884 ], [ 8.67519684243546, 48.260740729979076 ], [ 8.675824376204758, 48.259942145977874 ], [ 8.676248184546935, 48.259056615820271 ], [ 8.676373557304172, 48.257700431688669 ], [ 8.67642244723451, 48.25655014859813 ], [ 8.675531762715073, 48.255423488566414 ], [ 8.675905420280932, 48.255305694555751 ], [ 8.676070264653728, 48.255101301862325 ], [ 8.676691966424343, 48.254723116561635 ], [ 8.677003556372668, 48.254683506597388 ], [ 8.677242271300464, 48.25335804801562 ], [ 8.677073983883274, 48.253340661543554 ], [ 8.67678691079669, 48.252526813690828 ], [ 8.677106341269628, 48.251881650428849 ], [ 8.677038586860274, 48.251538321920918 ], [ 8.676708896882827, 48.251161238931346 ], [ 8.676419954581231, 48.251244366425865 ], [ 8.675780272990194, 48.250253725300837 ], [ 8.675849987180683, 48.250157476044308 ], [ 8.675599703705025, 48.25009262297143 ], [ 8.675516014379646, 48.249523248611005 ], [ 8.675656503307087, 48.248140295163637 ], [ 8.676003723724332, 48.247038624533069 ], [ 8.675815745376601, 48.246367742009028 ], [ 8.675422563484046, 48.245557998962916 ], [ 8.675843275538245, 48.24401479193461 ], [ 8.676005852312027, 48.243715835982371 ], [ 8.676931637507565, 48.243002743781126 ], [ 8.677296779203997, 48.242339533797967 ], [ 8.677334720901877, 48.241596412763712 ], [ 8.677517227520271, 48.241316853653366 ], [ 8.678804826480327, 48.2400687294489 ], [ 8.679491802472432, 48.239579239778251 ], [ 8.681508373150487, 48.238713410532689 ], [ 8.680131676697137, 48.236316432387142 ], [ 8.679205085402637, 48.234341295376275 ], [ 8.679022895924339, 48.234295712785247 ], [ 8.678075607024974, 48.232197881253406 ], [ 8.678339398869214, 48.231984764686878 ], [ 8.67910618288496, 48.231701257627513 ], [ 8.679013338578802, 48.231108466659791 ], [ 8.678811245111804, 48.230823962039899 ], [ 8.676710057629359, 48.230735032436705 ], [ 8.675425443787208, 48.230454310584435 ], [ 8.675509799025654, 48.233788776905541 ], [ 8.671655577921747, 48.234158491297144 ], [ 8.670423036406671, 48.234169090014966 ], [ 8.668306218516939, 48.233958414898424 ], [ 8.664747507700952, 48.233341706911524 ], [ 8.66390835290172, 48.232856936615825 ], [ 8.663406587838796, 48.232673372829829 ], [ 8.662458286400065, 48.232571447687526 ], [ 8.661165875153424, 48.23255873947187 ], [ 8.660159046083693, 48.232389146575663 ] ] ] } },
{ "type": "Feature", "properties": { "Gemarkung": "Bösingen", "Schluessel": "085890", "Ebene": "Gemarkung" }, "geometry": { "type": "Polygon", "coordinates": [ [ [ 8.549323845056307, 48.225359364921559 ], [ 8.545794387493801, 48.224282046669472 ], [ 8.544946144055254, 48.224221562473907 ], [ 8.544980496714112, 48.223778872668674 ], [ 8.54355061862101, 48.223582021515128 ], [ 8.543775345601775, 48.223080528376819 ], [ 8.543799677529583, 48.222312022442225 ], [ 8.542360556761308, 48.222145169272473 ], [ 8.542829044824501, 48.221878026672051 ], [ 8.54294404080925, 48.221573579942692 ], [ 8.541605129429151, 48.221284038402139 ], [ 8.541951266249788, 48.219866161335055 ], [ 8.542032645880333, 48.218983622281613 ], [ 8.540565007395658, 48.218599538263234 ], [ 8.540582167433092, 48.218366857662417 ], [ 8.537587458832506, 48.218212341551762 ], [ 8.537552407372052, 48.217530147326293 ], [ 8.535563645992889, 48.217496489674296 ], [ 8.535631348252844, 48.219328977024283 ], [ 8.535768557056652, 48.219877440781964 ], [ 8.535711097264128, 48.221288818134511 ], [ 8.534568782017255, 48.227817544385111 ], [ 8.531778177598019, 48.227814041254476 ], [ 8.531507538869187, 48.229126030709971 ], [ 8.52727119342507, 48.228364740500503 ], [ 8.526960876442038, 48.230141153914943 ], [ 8.524892897789185, 48.232474419372615 ], [ 8.523716779750607, 48.232819621134361 ], [ 8.523453557534893, 48.233003235914317 ], [ 8.526040058432203, 48.234009069005957 ], [ 8.525963981430433, 48.234124634851966 ], [ 8.527490793411564, 48.234685395475005 ], [ 8.528877926969759, 48.235047182932739 ], [ 8.528879760450591, 48.236123663613313 ], [ 8.528738898173795, 48.23644571337968 ], [ 8.531876732264928, 48.236584667178953 ], [ 8.531442389855011, 48.238002690513504 ], [ 8.529150976284003, 48.239735749024184 ], [ 8.527710152463339, 48.240540005612736 ], [ 8.525928871405149, 48.24423676434084 ], [ 8.528346461679369, 48.244239958857285 ], [ 8.527487887250455, 48.246671337375091 ], [ 8.528369518667592, 48.24671328342118 ], [ 8.52811489064905, 48.248255555314508 ], [ 8.52647225835381, 48.248289828010037 ], [ 8.526438909960699, 48.248852532395368 ], [ 8.525954785362455, 48.249507486055926 ], [ 8.525824506469711, 48.25016497694542 ], [ 8.527917849022106, 48.250506113039762 ], [ 8.527884731128189, 48.250562387175975 ], [ 8.530535856927358, 48.251501624138456 ], [ 8.528784188354003, 48.252263687730377 ], [ 8.527935486144013, 48.252966007496475 ], [ 8.53010346040729, 48.254791615539837 ], [ 8.528774136926959, 48.255439524716877 ], [ 8.52761350521218, 48.255336157447253 ], [ 8.527414614646167, 48.256670738038821 ], [ 8.527192114111436, 48.256604956333447 ], [ 8.527097104466874, 48.256973165260156 ], [ 8.528115208193846, 48.257254629663734 ], [ 8.526848109464126, 48.257719866433021 ], [ 8.527036787145157, 48.258210339319426 ], [ 8.528551885988605, 48.259874943747405 ], [ 8.532518946739106, 48.261006114505342 ], [ 8.533368569725276, 48.261409563537711 ], [ 8.533914263051722, 48.261557704882605 ], [ 8.535072930165281, 48.262221501542761 ], [ 8.535285768045702, 48.262465185715264 ], [ 8.539732031135282, 48.26272904091558 ], [ 8.545112097967589, 48.263343428638457 ], [ 8.547086853737643, 48.264310192705103 ], [ 8.548934121969605, 48.265455548947905 ], [ 8.55119508119429, 48.265732949848022 ], [ 8.558015562100909, 48.266878208687977 ], [ 8.564286710370503, 48.267797502044068 ], [ 8.567050967088079, 48.266471648375287 ], [ 8.568219484294167, 48.264718247404943 ], [ 8.563218154623296, 48.26391627806597 ], [ 8.558003741018441, 48.263420063131463 ], [ 8.556489125722655, 48.262714100211141 ], [ 8.555004604346578, 48.261743637623525 ], [ 8.554922486348696, 48.260571125840379 ], [ 8.553887104030363, 48.258844314700511 ], [ 8.55351246680226, 48.257847993251495 ], [ 8.553316812079595, 48.256768515494691 ], [ 8.55272915418483, 48.255592326792787 ], [ 8.553174174855645, 48.254970577538643 ], [ 8.554755538671849, 48.255327767306369 ], [ 8.555338719069818, 48.254663719697447 ], [ 8.556374431967104, 48.254261513820772 ], [ 8.555983736289116, 48.253733332135418 ], [ 8.557344534416837, 48.25334262867046 ], [ 8.558653319980912, 48.25276304616574 ], [ 8.560210460360169, 48.251228576606024 ], [ 8.559951946890248, 48.251071672663706 ], [ 8.561255589239767, 48.250421685540687 ], [ 8.563407396296036, 48.248987505050131 ], [ 8.573474820656699, 48.249778863194493 ], [ 8.576454347522789, 48.249887132286034 ], [ 8.576337829583119, 48.249821296148717 ], [ 8.576312942293182, 48.24965413346721 ], [ 8.576106913305578, 48.249677755525674 ], [ 8.575449769114925, 48.248103766017294 ], [ 8.575662964036956, 48.247864517689216 ], [ 8.575592556349267, 48.247598941465917 ], [ 8.575831072384272, 48.247343412040536 ], [ 8.575990933656755, 48.247395913321981 ], [ 8.577168772798549, 48.245270971473076 ], [ 8.579608010092947, 48.245712392869976 ], [ 8.58074045232695, 48.24262557662275 ], [ 8.582367158911321, 48.240814495961224 ], [ 8.58358363037719, 48.239951702920465 ], [ 8.58241513373555, 48.238494385960493 ], [ 8.581567091924507, 48.237912716225651 ], [ 8.581665820319548, 48.237795846645717 ], [ 8.581136335214458, 48.237870482123085 ], [ 8.580960211866982, 48.237833313222417 ], [ 8.580148933224617, 48.237304758308369 ], [ 8.579176020460954, 48.236058737748891 ], [ 8.5791212277417, 48.235777295879046 ], [ 8.578215461296139, 48.235265205288798 ], [ 8.577727531929597, 48.235087526062046 ], [ 8.577687111739507, 48.234893495603231 ], [ 8.577186169764879, 48.234759400968223 ], [ 8.576846545206461, 48.234480508919738 ], [ 8.576457180190822, 48.234436340287061 ], [ 8.574373856957664, 48.233528152831845 ], [ 8.573549381450988, 48.23325897110719 ], [ 8.568181914947024, 48.231721529526823 ], [ 8.56573769442625, 48.230622265300561 ], [ 8.56436473321002, 48.229827597603112 ], [ 8.561504879895615, 48.228980018843266 ], [ 8.555845513076067, 48.227844665019674 ], [ 8.552772471339001, 48.227308595746599 ], [ 8.551115708349887, 48.226758549109832 ], [ 8.549692735312449, 48.226115467161193 ], [ 8.549323845056307, 48.225359364921559 ] ] ] } },
{ "type": "Feature", "properties": { "Gemarkung": "Dauchingen", "Schluessel": "086045", "Ebene": "Gemarkung" }, "geometry": { "type": "Polygon", "coordinates": [ [ [ 8.578109407397283, 48.068330894961633 ], [ 8.576765634012665, 48.069897207527227 ], [ 8.576464776909205, 48.07147131159747 ], [ 8.576551831337055, 48.072166928350121 ], [ 8.576438941176768, 48.072460267572957 ], [ 8.575422213229038, 48.07346688943062 ], [ 8.572942095021455, 48.074541399020802 ], [ 8.572877951014977, 48.075170687411983 ], [ 8.571904168167432, 48.077782788635403 ], [ 8.567063007475145, 48.078910250313314 ], [ 8.563084600867183, 48.080032064440566 ], [ 8.559660480179094, 48.08150765223904 ], [ 8.555828849511585, 48.081275265812636 ], [ 8.550311973078513, 48.080683752886976 ], [ 8.544518200737112, 48.081693079501065 ], [ 8.540473410893378, 48.083254075069796 ], [ 8.538871552320119, 48.083777856395535 ], [ 8.532465864196091, 48.084947954933348 ], [ 8.532476183418684, 48.085290965804418 ], [ 8.53178392491038, 48.085385675619307 ], [ 8.53065200202605, 48.085351187599862 ], [ 8.529779542767857, 48.08604930340806 ], [ 8.528932906551118, 48.086299193719086 ], [ 8.528882190210171, 48.086765124694892 ], [ 8.526044694576557, 48.086952921772365 ], [ 8.526117270082171, 48.08723842861712 ], [ 8.525370174551242, 48.08721762100582 ], [ 8.525254622473057, 48.087648193897948 ], [ 8.526042263339956, 48.088927501249572 ], [ 8.524886029529986, 48.090110161073248 ], [ 8.524202419605221, 48.091937428069791 ], [ 8.524119127330522, 48.092959420786009 ], [ 8.524510113540654, 48.094338491126045 ], [ 8.52505542264969, 48.094931673826942 ], [ 8.525931627603592, 48.095222838208102 ], [ 8.526116683848407, 48.096086780337004 ], [ 8.524304828811671, 48.096457441239451 ], [ 8.523779732192791, 48.099273957344707 ], [ 8.523500605124401, 48.100148304553954 ], [ 8.521175748348529, 48.099724956175656 ], [ 8.520047090406612, 48.101196935812801 ], [ 8.519637535112926, 48.102077926251546 ], [ 8.519587641705932, 48.103064605159659 ], [ 8.523017209343372, 48.104197945109284 ], [ 8.524870699555944, 48.104397800342149 ], [ 8.525813260330235, 48.103406798913518 ], [ 8.526853189831771, 48.102003675377439 ], [ 8.529761115775631, 48.102770284466047 ], [ 8.530937620533171, 48.103305918986791 ], [ 8.529444004279794, 48.105489966037808 ], [ 8.52952013667678, 48.105493606656673 ], [ 8.529073334205778, 48.106024941974397 ], [ 8.527524285558185, 48.10617837142734 ], [ 8.525546144157019, 48.106699248319295 ], [ 8.52527681942791, 48.107339445948583 ], [ 8.525933932020381, 48.107973841452612 ], [ 8.52617083242267, 48.108361511664128 ], [ 8.526440015270564, 48.108350295250467 ], [ 8.526543537712207, 48.109014164195493 ], [ 8.532803439176819, 48.108785616733009 ], [ 8.533602990969005, 48.108700603364667 ], [ 8.533760811686884, 48.106832286644853 ], [ 8.537757456662444, 48.106181120445868 ], [ 8.540507175014932, 48.107560598991874 ], [ 8.540313701288246, 48.107759739683281 ], [ 8.538497858133912, 48.108796479415595 ], [ 8.539211373855533, 48.109212936778313 ], [ 8.538903413854429, 48.110224858907117 ], [ 8.539680223376186, 48.113785763376434 ], [ 8.54191141208211, 48.115872004550184 ], [ 8.5437005789287, 48.115243481605511 ], [ 8.543198949863397, 48.114812600081478 ], [ 8.542805776847294, 48.113682358182899 ], [ 8.544264366808877, 48.112186365602824 ], [ 8.545809771045029, 48.111348381154251 ], [ 8.547893135998757, 48.107880137885921 ], [ 8.551733967116043, 48.106567129466477 ], [ 8.555599905423474, 48.104406927270269 ], [ 8.556245879528056, 48.103471660672824 ], [ 8.556604428928802, 48.10312404892138 ], [ 8.558635948438665, 48.101900982186621 ], [ 8.560549999243944, 48.101494812787188 ], [ 8.560918301248915, 48.101526900546453 ], [ 8.561279772393453, 48.101367323758787 ], [ 8.561624543767261, 48.100959903196973 ], [ 8.561731336170448, 48.100263578425398 ], [ 8.562280675257083, 48.099791077346893 ], [ 8.562971759181615, 48.098551663571129 ], [ 8.564528024046052, 48.098124273048548 ], [ 8.564973375227837, 48.098063700157546 ], [ 8.565346627629385, 48.09817514657238 ], [ 8.565416693212214, 48.09846736616386 ], [ 8.566873100545985, 48.098172812680652 ], [ 8.567574241189821, 48.098553239705105 ], [ 8.567240680945707, 48.099680845014511 ], [ 8.567780015374197, 48.100683527455594 ], [ 8.56854089441423, 48.100350526566956 ], [ 8.569684181848467, 48.100272760180374 ], [ 8.571525144923037, 48.099883498585065 ], [ 8.570788804318298, 48.099369447987591 ], [ 8.570389624032243, 48.098933758349297 ], [ 8.570831564809685, 48.098540618716996 ], [ 8.570927431084929, 48.098302464654417 ], [ 8.5709051303082, 48.097673576862938 ], [ 8.570614884320108, 48.097125291484296 ], [ 8.569941455059238, 48.096384924193593 ], [ 8.569773239134458, 48.096038357477056 ], [ 8.571174125991989, 48.095593470532407 ], [ 8.572390582812051, 48.094809230856384 ], [ 8.574041359297112, 48.094639559002083 ], [ 8.574645037648889, 48.094396715022668 ], [ 8.574908002063644, 48.094152158159559 ], [ 8.575051516993769, 48.093474040265718 ], [ 8.574015861623225, 48.092734785541147 ], [ 8.574159596558811, 48.0926490363887 ], [ 8.573809059381869, 48.092147769777149 ], [ 8.573785647083653, 48.091811912327294 ], [ 8.574661938658281, 48.091354059309133 ], [ 8.57517596121286, 48.090855273777443 ], [ 8.574994788853504, 48.090302543579433 ], [ 8.575489441591619, 48.089691761343779 ], [ 8.576840048935416, 48.08981586401746 ], [ 8.577903427020935, 48.090119107473122 ], [ 8.578193416206103, 48.088174555260991 ], [ 8.574193557993363, 48.085363062080127 ], [ 8.572800413603144, 48.084488143577545 ], [ 8.573891271974038, 48.083317714786304 ], [ 8.574037679183329, 48.082921396270272 ], [ 8.573994055307729, 48.08223664645125 ], [ 8.573693670385888, 48.081833092848484 ], [ 8.573057989447578, 48.081465990930802 ], [ 8.57207479889655, 48.081135469595047 ], [ 8.570230200631881, 48.081123277202202 ], [ 8.569748141603011, 48.081240684654219 ], [ 8.569116142916261, 48.081578406406805 ], [ 8.56717229524029, 48.079742712873575 ], [ 8.568904657674988, 48.07920148230847 ], [ 8.571909544068845, 48.078478013881373 ], [ 8.575317298766818, 48.077259946831305 ], [ 8.577695969452947, 48.076189422209062 ], [ 8.58073243873962, 48.075821584040781 ], [ 8.583329403834155, 48.076540990924229 ], [ 8.581853787890751, 48.07544923168463 ], [ 8.58249790342853, 48.072980071596838 ], [ 8.583000202198392, 48.071856448504292 ], [ 8.584864321785854, 48.071653925855848 ], [ 8.584466513602939, 48.07065929804407 ], [ 8.583619786933937, 48.069187455931441 ], [ 8.582742550777667, 48.068490237120976 ], [ 8.581203125490148, 48.068873761389369 ], [ 8.578109407397283, 48.068330894961633 ] ] ] } },
{ "type": "Feature", "properties": { "Gemarkung": "Deißlingen", "Schluessel": "085955", "Ebene": "Gemarkung" }, "geometry": { "type": "Polygon", "coordinates": [ [ [ 8.584864321785854, 48.071653925855848 ], [ 8.583000202198392, 48.071856448504292 ], [ 8.58249790342853, 48.072980071596838 ], [ 8.581853787890751, 48.07544923168463 ], [ 8.583329403834155, 48.076540990924229 ], [ 8.58073243873962, 48.075821584040781 ], [ 8.577695969452947, 48.076189422209062 ], [ 8.575317298766818, 48.077259946831305 ], [ 8.571909544068845, 48.078478013881373 ], [ 8.568904657674988, 48.07920148230847 ], [ 8.56717229524029, 48.079742712873575 ], [ 8.569116142916261, 48.081578406406805 ], [ 8.569748141603011, 48.081240684654219 ], [ 8.570230200631881, 48.081123277202202 ], [ 8.57207479889655, 48.081135469595047 ], [ 8.573057989447578, 48.081465990930802 ], [ 8.573693670385888, 48.081833092848484 ], [ 8.573994055307729, 48.08223664645125 ], [ 8.574037679183329, 48.082921396270272 ], [ 8.573891271974038, 48.083317714786304 ], [ 8.572800413603144, 48.084488143577545 ], [ 8.574193557993363, 48.085363062080127 ], [ 8.578193416206103, 48.088174555260991 ], [ 8.577903427020935, 48.090119107473122 ], [ 8.576840048935416, 48.08981586401746 ], [ 8.575489441591619, 48.089691761343779 ], [ 8.574994788853504, 48.090302543579433 ], [ 8.57517596121286, 48.090855273777443 ], [ 8.574661938658281, 48.091354059309133 ], [ 8.573785647083653, 48.091811912327294 ], [ 8.573809059381869, 48.092147769777149 ], [ 8.574159596558811, 48.0926490363887 ], [ 8.574015861623225, 48.092734785541147 ], [ 8.575051516993769, 48.093474040265718 ], [ 8.574908002063644, 48.094152158159559 ], [ 8.574645037648889, 48.094396715022668 ], [ 8.574041359297112, 48.094639559002083 ], [ 8.572390582812051, 48.094809230856384 ], [ 8.571174125991989, 48.095593470532407 ], [ 8.569773239134458, 48.096038357477056 ], [ 8.569941455059238, 48.096384924193593 ], [ 8.570614884320108, 48.097125291484296 ], [ 8.5709051303082, 48.097673576862938 ], [ 8.570927431084929, 48.098302464654417 ], [ 8.570831564809685, 48.098540618716996 ], [ 8.570389624032243, 48.098933758349297 ], [ 8.570788804318298, 48.099369447987591 ], [ 8.571525144923037, 48.099883498585065 ], [ 8.569684181848467, 48.100272760180374 ], [ 8.56854089441423, 48.100350526566956 ], [ 8.567780015374197, 48.100683527455594 ], [ 8.567240680945707, 48.099680845014511 ], [ 8.567574241189821, 48.098553239705105 ], [ 8.566873100545985, 48.098172812680652 ], [ 8.565416693212214, 48.09846736616386 ], [ 8.565346627629385, 48.09817514657238 ], [ 8.564973375227837, 48.098063700157546 ], [ 8.564528024046052, 48.098124273048548 ], [ 8.562971759181615, 48.098551663571129 ], [ 8.562280675257083, 48.099791077346893 ], [ 8.561731336170448, 48.100263578425398 ], [ 8.561624543767261, 48.100959903196973 ], [ 8.561279772393453, 48.101367323758787 ], [ 8.560918301248915, 48.101526900546453 ], [ 8.560549999243944, 48.101494812787188 ], [ 8.558635948438665, 48.101900982186621 ], [ 8.556604428928802, 48.10312404892138 ], [ 8.556245879528056, 48.103471660672824 ], [ 8.555599905423474, 48.104406927270269 ], [ 8.551733967116043, 48.106567129466477 ], [ 8.547893135998757, 48.107880137885921 ], [ 8.545809771045029, 48.111348381154251 ], [ 8.544264366808877, 48.112186365602824 ], [ 8.542805776847294, 48.113682358182899 ], [ 8.543198949863397, 48.114812600081478 ], [ 8.54414034228247, 48.11562148286248 ], [ 8.54752485072324, 48.119012973868813 ], [ 8.548464880243873, 48.12046915134043 ], [ 8.551405543259673, 48.12243176224851 ], [ 8.551302450399513, 48.124841842048468 ], [ 8.551658311190597, 48.126445509975547 ], [ 8.551742104805339, 48.127858098560118 ], [ 8.552041571903482, 48.128872509986891 ], [ 8.55647925030749, 48.127835360624204 ], [ 8.557194444522924, 48.127588091301895 ], [ 8.558680325756139, 48.126966714520528 ], [ 8.560803168395628, 48.12591841669299 ], [ 8.563632765011066, 48.124934214764195 ], [ 8.564406916082389, 48.124523468544005 ], [ 8.565177447956385, 48.124954014661654 ], [ 8.566703867004501, 48.125611613504596 ], [ 8.568452033484505, 48.126144066592204 ], [ 8.568170794360386, 48.126349131869084 ], [ 8.569035548709127, 48.126672131711913 ], [ 8.570786545220475, 48.127710821731839 ], [ 8.572057596996983, 48.128147238184226 ], [ 8.576742391672564, 48.129312964926385 ], [ 8.579245975281195, 48.130056043648253 ], [ 8.580661222061375, 48.12798407626147 ], [ 8.581444690274926, 48.12757333952112 ], [ 8.581843685482998, 48.127143385133202 ], [ 8.581857390039623, 48.126613960753495 ], [ 8.582439793558326, 48.125854390958104 ], [ 8.582303491548956, 48.125560592972668 ], [ 8.581708826013504, 48.125083117854793 ], [ 8.58188939916622, 48.125021335623636 ], [ 8.583172381518251, 48.125315339949935 ], [ 8.587865216118837, 48.124921010556342 ], [ 8.589304753305358, 48.124932461598547 ], [ 8.591652944666425, 48.124473523763029 ], [ 8.593173810621273, 48.124547924485519 ], [ 8.599500328631546, 48.126170173810145 ], [ 8.601326447616628, 48.126035719571917 ], [ 8.603448020201503, 48.124510778024252 ], [ 8.607016226074082, 48.123365118508104 ], [ 8.608340954125648, 48.123926016023226 ], [ 8.608972199170978, 48.123828568507633 ], [ 8.610664302438547, 48.124752098555284 ], [ 8.610894895990036, 48.12478823774449 ], [ 8.610901154124814, 48.124706925931427 ], [ 8.612642564903, 48.123692277055866 ], [ 8.616412402173074, 48.123079808492932 ], [ 8.617474943816104, 48.122641956343671 ], [ 8.618118802053845, 48.122125509521766 ], [ 8.618282198103843, 48.121871976579051 ], [ 8.618998295779493, 48.121342089215418 ], [ 8.619228896942172, 48.121266828656061 ], [ 8.619331123534579, 48.12139825384773 ], [ 8.619366117150332, 48.121808903647818 ], [ 8.619533881840745, 48.121927230099189 ], [ 8.620343422667867, 48.121807727712088 ], [ 8.620499136761367, 48.120643488077739 ], [ 8.622122527057224, 48.119517192076643 ], [ 8.622219768640955, 48.119559347906396 ], [ 8.622284222595137, 48.119491812193949 ], [ 8.622287935888556, 48.119993408255588 ], [ 8.623755832395352, 48.119452283994889 ], [ 8.624419146231556, 48.119165109433951 ], [ 8.624727157259178, 48.118937771212103 ], [ 8.625294035612853, 48.118144734004765 ], [ 8.626626986186384, 48.116819492160346 ], [ 8.626408059348897, 48.115918808320508 ], [ 8.627097122872014, 48.114330012029249 ], [ 8.629114283707406, 48.111775984877752 ], [ 8.63032722211133, 48.110438705266006 ], [ 8.630477449342642, 48.109872195319866 ], [ 8.631343079069975, 48.108924168727619 ], [ 8.631923876364022, 48.107807608756296 ], [ 8.632237493697279, 48.107439284390217 ], [ 8.633356116737875, 48.106493671074681 ], [ 8.633993685686621, 48.105695776569796 ], [ 8.634721616445065, 48.105185351247279 ], [ 8.635208373819651, 48.104585535112115 ], [ 8.635592634153845, 48.103756866992654 ], [ 8.637065808479862, 48.10238030266256 ], [ 8.637329794892549, 48.101858677615823 ], [ 8.637283330290483, 48.101685337827504 ], [ 8.637090152850073, 48.10170785035529 ], [ 8.63707272599577, 48.101588404512313 ], [ 8.636925344129258, 48.10149760862128 ], [ 8.636849479514831, 48.101532007541159 ], [ 8.636748340706687, 48.101436049285006 ], [ 8.636475601090016, 48.10140783582893 ], [ 8.636218636792636, 48.10125695193954 ], [ 8.636095508805431, 48.101345992757196 ], [ 8.635785782033592, 48.101267816891152 ], [ 8.635730203356772, 48.101187567010051 ], [ 8.63561719772488, 48.101307679215253 ], [ 8.63531794390568, 48.101382125216865 ], [ 8.635330626760398, 48.101298133041972 ], [ 8.635205918407353, 48.101287570578315 ], [ 8.635352629406329, 48.101149841547411 ], [ 8.635119957892941, 48.101059222521698 ], [ 8.634989352292775, 48.100895151460598 ], [ 8.634490078715896, 48.100972468675216 ], [ 8.634583761359274, 48.100849956896681 ], [ 8.634449688612087, 48.100872113088997 ], [ 8.634255210880294, 48.100737348314269 ], [ 8.633732395701122, 48.100630687642571 ], [ 8.633678887703603, 48.100751077540103 ], [ 8.633570901197812, 48.100674708207414 ], [ 8.633349643212838, 48.100698654407594 ], [ 8.633090903757818, 48.100855636834645 ], [ 8.63275321233783, 48.100876510968973 ], [ 8.632499166110435, 48.101034226822378 ], [ 8.631933840794986, 48.100748650669544 ], [ 8.63151339877942, 48.100695840178105 ], [ 8.631252837855602, 48.100749886394077 ], [ 8.631224508138061, 48.100691944464366 ], [ 8.631035857034391, 48.100795344810358 ], [ 8.63078259209583, 48.100580671538211 ], [ 8.630439121608694, 48.100545918542558 ], [ 8.63027360726484, 48.100663157527038 ], [ 8.629843167495787, 48.100300720291536 ], [ 8.629119519333244, 48.100050608371262 ], [ 8.625290945640261, 48.099091518807704 ], [ 8.621816735054324, 48.098035220332768 ], [ 8.616873838714538, 48.097073256925484 ], [ 8.613585356403199, 48.096167848859814 ], [ 8.611956673509477, 48.092823191712803 ], [ 8.610741333128933, 48.091677173961472 ], [ 8.6088654568224, 48.089292609591638 ], [ 8.608146806507929, 48.088789474336892 ], [ 8.608100374768519, 48.088962059736481 ], [ 8.607904941981799, 48.088967870959266 ], [ 8.607614533799635, 48.088713342263908 ], [ 8.60755218333388, 48.088948222781802 ], [ 8.606658704298694, 48.088956504245338 ], [ 8.606146459399591, 48.089194521632407 ], [ 8.605952757760916, 48.088077051225248 ], [ 8.60567924619497, 48.088284215261176 ], [ 8.605527815371579, 48.088155577238865 ], [ 8.605453266962156, 48.088316188937732 ], [ 8.604870050131259, 48.088615856807955 ], [ 8.604496209666824, 48.088141144872061 ], [ 8.602363949037805, 48.087262329930404 ], [ 8.602121920403572, 48.087112140762351 ], [ 8.601900481588755, 48.086782350851074 ], [ 8.599360919816441, 48.085194178199771 ], [ 8.600462077226032, 48.084265105166494 ], [ 8.602702827991454, 48.083694721994476 ], [ 8.602653844307884, 48.083604131986242 ], [ 8.600411683624632, 48.083195447188679 ], [ 8.601296923437088, 48.08250304780244 ], [ 8.601469891021551, 48.081995492682026 ], [ 8.601302928543378, 48.081117787974499 ], [ 8.600423568609369, 48.079008156176123 ], [ 8.600576686308411, 48.078358738975432 ], [ 8.600703253997649, 48.078363857340797 ], [ 8.60073985278215, 48.077919708332772 ], [ 8.600122620193835, 48.077163066204498 ], [ 8.600218637822127, 48.076709407170831 ], [ 8.600725820407588, 48.076210842430989 ], [ 8.601016458234701, 48.075623442206414 ], [ 8.602759681237265, 48.073851206479631 ], [ 8.601969057493555, 48.073716483149788 ], [ 8.601247186442391, 48.073354096572793 ], [ 8.600442131160245, 48.073073469720136 ], [ 8.598938657074271, 48.072820631857354 ], [ 8.597260439878918, 48.071428579280884 ], [ 8.596122927569501, 48.071147026220174 ], [ 8.592273044620869, 48.072044476130536 ], [ 8.589875645949043, 48.071073974464142 ], [ 8.589396037655963, 48.072453226322551 ], [ 8.587390611165839, 48.072614108439851 ], [ 8.585712701603917, 48.072276977870651 ], [ 8.584864321785854, 48.071653925855848 ] ] ] } },
{ "type": "Feature", "properties": { "Gemarkung": "Dettingen", "Schluessel": "084477", "Ebene": "Gemarkung" }, "geometry": { "type": "Polygon", "coordinates": [ [ [ 8.613408366088347, 48.396793376571495 ], [ 8.612520763849828, 48.396351537288865 ], [ 8.612341391606092, 48.396738326146767 ], [ 8.610515993122355, 48.396612416877737 ], [ 8.608176738170576, 48.396094727761039 ], [ 8.607535760476395, 48.396071491141875 ], [ 8.606520622148189, 48.396602511347595 ], [ 8.606001185986614, 48.396321839541926 ], [ 8.605874217236854, 48.396459142460259 ], [ 8.605081677588455, 48.396555747261836 ], [ 8.604615595447223, 48.396695662903184 ], [ 8.603805466628634, 48.397090705265121 ], [ 8.604895880902733, 48.397869510844068 ], [ 8.60454752230069, 48.398332268029137 ], [ 8.604692254529747, 48.398710711937106 ], [ 8.600453280779867, 48.397180954809613 ], [ 8.599625139641454, 48.398127485948642 ], [ 8.60064992957871, 48.398672102089968 ], [ 8.599467346819697, 48.399865257014717 ], [ 8.598885064103394, 48.40103179477066 ], [ 8.59816029303386, 48.403800572446407 ], [ 8.598314976183769, 48.405279160190183 ], [ 8.597101457815683, 48.407556898419124 ], [ 8.599321588269609, 48.409582041848111 ], [ 8.600491678303579, 48.410082181181728 ], [ 8.600004920117451, 48.410807862596911 ], [ 8.601797408637069, 48.411368268262862 ], [ 8.602098155442722, 48.411220415487882 ], [ 8.602494271706142, 48.411180850222351 ], [ 8.603743293922864, 48.414035899462341 ], [ 8.605269242318064, 48.415284558870503 ], [ 8.606237187864677, 48.416242230190932 ], [ 8.607055284243691, 48.41658662609629 ], [ 8.607737749143407, 48.417715413402043 ], [ 8.608509183703143, 48.41803345980729 ], [ 8.610044270796562, 48.418471496512758 ], [ 8.609959910227177, 48.41859842186134 ], [ 8.611082534853239, 48.418947779261529 ], [ 8.612240088112866, 48.419433631113293 ], [ 8.612671175835988, 48.419583795982426 ], [ 8.612795923639791, 48.41953059637347 ], [ 8.61362051593535, 48.419958005359092 ], [ 8.613518257372512, 48.420004174119285 ], [ 8.617450774899128, 48.421790354845122 ], [ 8.618680568992017, 48.426151372998625 ], [ 8.61944629992462, 48.426336177780222 ], [ 8.62084307840745, 48.426841805837135 ], [ 8.620906931068586, 48.426689704797177 ], [ 8.622933093196215, 48.427143489867063 ], [ 8.622798322252804, 48.427563636339237 ], [ 8.623144195645379, 48.427569807625794 ], [ 8.623278774241333, 48.427669120230334 ], [ 8.622479522273625, 48.42771661162444 ], [ 8.622285240180137, 48.428432278370778 ], [ 8.622421118891253, 48.428794115157679 ], [ 8.622291600559018, 48.429142755699587 ], [ 8.621750686752604, 48.429933033922865 ], [ 8.618890233050401, 48.432134044235063 ], [ 8.622685812285591, 48.432481312800462 ], [ 8.624137753012524, 48.43251863174261 ], [ 8.626250503823806, 48.432962024639785 ], [ 8.62787605051629, 48.433702399003074 ], [ 8.630962432126909, 48.434293603665026 ], [ 8.636249133856433, 48.43463080230125 ], [ 8.636502256466775, 48.433242268571547 ], [ 8.637202500932791, 48.432452064160302 ], [ 8.638356900394374, 48.431555415151081 ], [ 8.639386887325317, 48.429665417420679 ], [ 8.640149175187974, 48.428862524016779 ], [ 8.640697946347064, 48.428698882487652 ], [ 8.64284198014769, 48.429344400763711 ], [ 8.643962616310848, 48.429579983972715 ], [ 8.650953040158956, 48.429857800930215 ], [ 8.651892357102899, 48.428661138658462 ], [ 8.652024847859177, 48.427174052457545 ], [ 8.653045510790013, 48.424024297807868 ], [ 8.653235932079738, 48.423611480768749 ], [ 8.65353720669243, 48.423255315549682 ], [ 8.653833267072084, 48.42245218563388 ], [ 8.654628733192407, 48.420891966247055 ], [ 8.653111301954734, 48.4208115609663 ], [ 8.650705640192436, 48.420844948148876 ], [ 8.649713941069091, 48.420712113439208 ], [ 8.649873324962197, 48.420471401121581 ], [ 8.64868789084211, 48.419719995119962 ], [ 8.648058383343139, 48.419438368830789 ], [ 8.645644627781506, 48.418642143645485 ], [ 8.643607788277176, 48.418091831810258 ], [ 8.642980617063429, 48.417772939146296 ], [ 8.642159862795761, 48.417038250336681 ], [ 8.641555378665904, 48.415725301228576 ], [ 8.641493013037088, 48.415349860649876 ], [ 8.642129721087572, 48.41461241574892 ], [ 8.642630565899132, 48.414206788204041 ], [ 8.642978192902202, 48.414007783903187 ], [ 8.644959177115759, 48.413336202671118 ], [ 8.644714781085353, 48.412685806862456 ], [ 8.644219633650355, 48.41198875296044 ], [ 8.644508478667014, 48.410332389194728 ], [ 8.644751960719693, 48.409521201367511 ], [ 8.645493032155615, 48.40809897091205 ], [ 8.645879684112904, 48.407779343979215 ], [ 8.646240633653299, 48.40752162305769 ], [ 8.647455526216428, 48.407523012679057 ], [ 8.644652742590143, 48.406752381831005 ], [ 8.641929463539091, 48.406197847655065 ], [ 8.641265621484017, 48.40598562003786 ], [ 8.641381451447911, 48.405173860722094 ], [ 8.641138314127213, 48.404663806779148 ], [ 8.641862395276842, 48.403048479019184 ], [ 8.640055285946609, 48.402318076000299 ], [ 8.638757490299451, 48.402211987632356 ], [ 8.638740727095463, 48.402079775303626 ], [ 8.638043848759629, 48.402001024329344 ], [ 8.638158571434115, 48.401789425827772 ], [ 8.63577319801265, 48.401489780768351 ], [ 8.634966658462334, 48.40146293406724 ], [ 8.633415827922011, 48.401677879911063 ], [ 8.632771029945474, 48.401667277026846 ], [ 8.630419018887125, 48.401411350777643 ], [ 8.630308698072525, 48.401626464405531 ], [ 8.626206493259552, 48.400948993452246 ], [ 8.626326911709677, 48.400630185953354 ], [ 8.624507590266932, 48.400242448223828 ], [ 8.624834588139738, 48.399501566866086 ], [ 8.624438479418837, 48.39935291061677 ], [ 8.623152143931605, 48.399154828402338 ], [ 8.6216904943476, 48.398751213342599 ], [ 8.620604885106228, 48.398597395845492 ], [ 8.62052564037181, 48.398425929530696 ], [ 8.619916327665662, 48.398137197219242 ], [ 8.616443311773207, 48.396863091260371 ], [ 8.615737982256659, 48.397687344157781 ], [ 8.613676057575702, 48.396606157053604 ], [ 8.613408366088347, 48.396793376571495 ] ] ] } },
{ "type": "Feature", "properties": { "Gemarkung": "Dietingen", "Schluessel": "085910", "Ebene": "Gemarkung" }, "geometry": { "type": "Polygon", "coordinates": [ [ [ 8.645137079726398, 48.188606356177367 ], [ 8.639783625579726, 48.188193572197655 ], [ 8.639941571163964, 48.187657491222218 ], [ 8.636323523505732, 48.187503951107992 ], [ 8.635963438992167, 48.187376944598228 ], [ 8.634813385617475, 48.18748584837352 ], [ 8.633469555114582, 48.18776839316434 ], [ 8.632958160967153, 48.187728794545997 ], [ 8.632393900169927, 48.188007785205542 ], [ 8.632347344856305, 48.18795167553349 ], [ 8.631327691033164, 48.188110624352092 ], [ 8.629977591254093, 48.187988157208153 ], [ 8.629081572067456, 48.187812259039319 ], [ 8.62830529210428, 48.187786899564863 ], [ 8.627923290907543, 48.187827679391724 ], [ 8.62740283712408, 48.188073228861072 ], [ 8.626255917637824, 48.188172070617881 ], [ 8.626183995395502, 48.188089784927826 ], [ 8.625527567311098, 48.187883328635579 ], [ 8.625204381485327, 48.187939585753419 ], [ 8.625296010759742, 48.188123691376148 ], [ 8.624722372009673, 48.188538287254914 ], [ 8.623016593936105, 48.189471623840319 ], [ 8.622890590277818, 48.189792220331547 ], [ 8.622832631303099, 48.190814618900191 ], [ 8.622559843575509, 48.19135245845623 ], [ 8.62261356585651, 48.191769191635935 ], [ 8.622909168620893, 48.191991575522259 ], [ 8.622784432235299, 48.192725223864272 ], [ 8.623021007523322, 48.192924111738705 ], [ 8.622932157213684, 48.193149822600894 ], [ 8.623049905071099, 48.194469604687221 ], [ 8.622865953505139, 48.19498353422388 ], [ 8.622297198771886, 48.195819008620909 ], [ 8.622326976432442, 48.196070119974316 ], [ 8.623802280577731, 48.196597407122923 ], [ 8.6246879549208, 48.197010560533073 ], [ 8.626400818288163, 48.197206064168604 ], [ 8.626865635995935, 48.197334160116249 ], [ 8.625946885715233, 48.200426376429228 ], [ 8.624787785494687, 48.201473166416697 ], [ 8.623740472212027, 48.20209799643392 ], [ 8.622688966967434, 48.202465492045263 ], [ 8.621813197205634, 48.202652538827614 ], [ 8.619133897041271, 48.202179184397664 ], [ 8.618597633271103, 48.201972907229411 ], [ 8.616495281739189, 48.200571035088885 ], [ 8.616100548622867, 48.200644751734742 ], [ 8.615368420820364, 48.202031154971607 ], [ 8.614621135226534, 48.203154343398289 ], [ 8.614919381839217, 48.203476981581289 ], [ 8.615554036294563, 48.203790308017851 ], [ 8.616390200870489, 48.204821445419057 ], [ 8.618089294839898, 48.206356752786697 ], [ 8.618368077092475, 48.206514764142298 ], [ 8.619320879147695, 48.206768216320015 ], [ 8.618680996131996, 48.207368796990352 ], [ 8.618110360227865, 48.208501949578718 ], [ 8.617130066970041, 48.209639853490998 ], [ 8.616718041886012, 48.209839021068071 ], [ 8.614374515055797, 48.210100820831336 ], [ 8.61333313473048, 48.210058186720559 ], [ 8.612342651170033, 48.2097460783137 ], [ 8.611962705703553, 48.209562699710354 ], [ 8.610794781934514, 48.208689113312666 ], [ 8.611531621710084, 48.208274869816059 ], [ 8.611097889146746, 48.207517485329866 ], [ 8.610991045944129, 48.206696338101779 ], [ 8.610536031291707, 48.206174687643404 ], [ 8.61009640894779, 48.205381831392508 ], [ 8.609232950935557, 48.204185462557227 ], [ 8.609072089952614, 48.204118338701981 ], [ 8.608707561916463, 48.204126545325366 ], [ 8.607602611585824, 48.204388097527875 ], [ 8.607372868371188, 48.204722627193661 ], [ 8.607338407328825, 48.205410141646773 ], [ 8.606939860947319, 48.205307204884583 ], [ 8.606621819113174, 48.20653779088115 ], [ 8.606807210137237, 48.207216520313715 ], [ 8.607107915153927, 48.207689524890448 ], [ 8.6087032947243, 48.209386829620549 ], [ 8.608785199493298, 48.20943110310332 ], [ 8.609142803358731, 48.209258769565416 ], [ 8.610804117963438, 48.210139352127101 ], [ 8.610706812212113, 48.210297457731961 ], [ 8.610890903198312, 48.210641401836163 ], [ 8.611275166537359, 48.214096332539242 ], [ 8.611707517936718, 48.214242823135415 ], [ 8.612009849609816, 48.215206779049147 ], [ 8.614046971888779, 48.21532015857327 ], [ 8.614287686071147, 48.215568740211566 ], [ 8.614666684055887, 48.215598351211924 ], [ 8.614859775896859, 48.215932872066126 ], [ 8.615120221442345, 48.215992493791447 ], [ 8.615195571284891, 48.216123200621027 ], [ 8.616220792207072, 48.21623719893811 ], [ 8.61719078620099, 48.216446461018684 ], [ 8.617246607491102, 48.216524919626849 ], [ 8.617973568921524, 48.216559996091711 ], [ 8.618932568734511, 48.216728721017162 ], [ 8.619484595978284, 48.21695421149213 ], [ 8.621530324553364, 48.217445805078391 ], [ 8.624852582035398, 48.218732628857417 ], [ 8.626626282651365, 48.219140832340699 ], [ 8.62963296683861, 48.21997493971336 ], [ 8.629734599390027, 48.219920746075331 ], [ 8.630070479285342, 48.219998480529554 ], [ 8.633651283592101, 48.221142560848655 ], [ 8.635825116763241, 48.221572319284434 ], [ 8.639399919629602, 48.221649443693387 ], [ 8.643750352816221, 48.221223509335132 ], [ 8.644196731235613, 48.220086698898498 ], [ 8.646747511380243, 48.219782193376886 ], [ 8.650878120234772, 48.21914226802695 ], [ 8.658307878495378, 48.220246461086511 ], [ 8.659835355148472, 48.220273212699261 ], [ 8.66111675981675, 48.220458373408022 ], [ 8.663348888360787, 48.220549141467778 ], [ 8.664714781695913, 48.220705269625746 ], [ 8.665867106558677, 48.220682893222126 ], [ 8.667279352002973, 48.220232287584274 ], [ 8.668211051039208, 48.219827872212527 ], [ 8.670130401292274, 48.21916708766777 ], [ 8.671797857363666, 48.218184004472313 ], [ 8.675129183489142, 48.217371422645584 ], [ 8.675682964843825, 48.21650667825697 ], [ 8.676331931152815, 48.215851016292099 ], [ 8.676682228599383, 48.216297076734584 ], [ 8.677434525058002, 48.2166552856512 ], [ 8.678181831368086, 48.216479601857671 ], [ 8.679037370369141, 48.215700345952243 ], [ 8.67830112438908, 48.215101256345626 ], [ 8.679725256199298, 48.214580445217393 ], [ 8.681316082162397, 48.214265207129387 ], [ 8.684068089695385, 48.213180852707389 ], [ 8.685735455174578, 48.212753032980942 ], [ 8.688939215737083, 48.211616264351257 ], [ 8.689454927112571, 48.21123313229878 ], [ 8.690301284642377, 48.210393308229968 ], [ 8.690502922333344, 48.209745536667455 ], [ 8.689952451720941, 48.207974638423046 ], [ 8.689896266403622, 48.207270751310936 ], [ 8.689542033726445, 48.206821121080758 ], [ 8.688557519887212, 48.206279815271706 ], [ 8.687028732871701, 48.204965538228777 ], [ 8.685500218284496, 48.204388985521348 ], [ 8.682649601807171, 48.20234425790828 ], [ 8.681119975321364, 48.20168541202969 ], [ 8.67997033008959, 48.200871778010693 ], [ 8.678817483379671, 48.2002531759465 ], [ 8.678422771254491, 48.200123237108485 ], [ 8.677962766269259, 48.199803999437435 ], [ 8.676576461303949, 48.199081346296488 ], [ 8.673939375769606, 48.19784357240777 ], [ 8.672893593937525, 48.197191925637817 ], [ 8.671760060876194, 48.197094137448204 ], [ 8.671411168567317, 48.196939383860077 ], [ 8.671426578776497, 48.196675998850289 ], [ 8.669148217535364, 48.196337839007548 ], [ 8.667862635416153, 48.196221310979702 ], [ 8.665782040318813, 48.195110822152117 ], [ 8.664493957506224, 48.194723622453793 ], [ 8.662186551890404, 48.193685820738033 ], [ 8.65990710122065, 48.191914717673384 ], [ 8.65932275170387, 48.191727651284566 ], [ 8.658434444872775, 48.191783675233296 ], [ 8.657116299056975, 48.191990548708894 ], [ 8.655483782755876, 48.19210217784822 ], [ 8.652468438980076, 48.192190358407395 ], [ 8.650219574092498, 48.191816374363228 ], [ 8.64864759947584, 48.191809781332367 ], [ 8.646101551750537, 48.192255775536523 ], [ 8.641230009644108, 48.19252974616753 ], [ 8.641521797349384, 48.19147855838888 ], [ 8.642176502606221, 48.190131511964928 ], [ 8.642359421688777, 48.190025737725854 ], [ 8.643389228421453, 48.190168748786554 ], [ 8.644860107337452, 48.190174831582468 ], [ 8.645137079726398, 48.188606356177367 ] ] ] } },
{ "type": "Feature", "properties": { "Gemarkung": "Dornhan", "Schluessel": "085770", "Ebene": "Gemarkung" }, "geometry": { "type": "Polygon", "coordinates": [ [ [ 8.500012737192174, 48.33187387003138 ], [ 8.498733514950757, 48.332328393916718 ], [ 8.496575772173129, 48.332562421334607 ], [ 8.496150767878683, 48.332739055072395 ], [ 8.495723400516203, 48.332785584541277 ], [ 8.493458204262028, 48.332626376221342 ], [ 8.492980202423238, 48.332309025703069 ], [ 8.491948857531634, 48.331912398599748 ], [ 8.490177333910358, 48.332450030644516 ], [ 8.488978768245744, 48.332586770027994 ], [ 8.488365136888897, 48.332517916443003 ], [ 8.487418284067401, 48.332565791860475 ], [ 8.487371291447571, 48.333956023110531 ], [ 8.485468454389279, 48.333961292099296 ], [ 8.48538220345584, 48.334728594924592 ], [ 8.485553162951732, 48.335063857040488 ], [ 8.485221756926702, 48.335185539228263 ], [ 8.483819609144904, 48.335445018237408 ], [ 8.483989064379269, 48.336797712725534 ], [ 8.484102214256955, 48.33992007412062 ], [ 8.485343616658129, 48.342544032362412 ], [ 8.478762772869104, 48.342610935312834 ], [ 8.478606264412097, 48.343017506219269 ], [ 8.480575067499148, 48.343526269366926 ], [ 8.482083704727977, 48.343982006545708 ], [ 8.482956639635194, 48.344325378583669 ], [ 8.484544550840383, 48.344606274178474 ], [ 8.484899626940534, 48.344619560419211 ], [ 8.484900761213884, 48.344480206813216 ], [ 8.489141718426444, 48.344638118037793 ], [ 8.491237950043198, 48.344482948943906 ], [ 8.492111843179988, 48.344641823588283 ], [ 8.492215203997423, 48.344466934490612 ], [ 8.492893774928852, 48.344384999197544 ], [ 8.493129671168246, 48.344658188634448 ], [ 8.493511309298912, 48.344483534594872 ], [ 8.493475881576472, 48.344286171240114 ], [ 8.495837719899383, 48.344168074335855 ], [ 8.495974404021512, 48.34444460167181 ], [ 8.496075478974921, 48.345280566631523 ], [ 8.495895720916527, 48.346223980960126 ], [ 8.496273709611781, 48.346954008185556 ], [ 8.496328485571295, 48.347668224646469 ], [ 8.496448815075755, 48.347907253441079 ], [ 8.497138965083957, 48.348614082699662 ], [ 8.497597744586557, 48.348914057304064 ], [ 8.497210005707551, 48.348924868607874 ], [ 8.497245073711762, 48.349366398904564 ], [ 8.498102827517538, 48.35104172697018 ], [ 8.498166135243256, 48.351563630356225 ], [ 8.497627197411465, 48.35282450089813 ], [ 8.497911608681333, 48.353359425173984 ], [ 8.498342560670631, 48.353625087709105 ], [ 8.497673571073916, 48.354107628730766 ], [ 8.497551500621388, 48.354331922409116 ], [ 8.497435642977305, 48.355132209852009 ], [ 8.49662542353353, 48.355601532261161 ], [ 8.495888120296444, 48.356628062183937 ], [ 8.49679841231873, 48.356636186092636 ], [ 8.498163314177226, 48.356922934356426 ], [ 8.499192497044948, 48.35579213008559 ], [ 8.500155089242961, 48.356496437255316 ], [ 8.499413480515946, 48.356783355005099 ], [ 8.499757993086405, 48.3579536103694 ], [ 8.500580404033576, 48.358005675694834 ], [ 8.499615088171669, 48.359188770489254 ], [ 8.499144393492749, 48.359019564155538 ], [ 8.498971828112326, 48.359092495374369 ], [ 8.498510676895746, 48.35967050078898 ], [ 8.498971018056151, 48.359835886003239 ], [ 8.498476489559616, 48.360567768662222 ], [ 8.498295118556147, 48.361426788558219 ], [ 8.497345836805243, 48.362559912226629 ], [ 8.497623956196941, 48.362545382948838 ], [ 8.497425093608033, 48.363286378652958 ], [ 8.497154306880789, 48.363831112417799 ], [ 8.497062879395186, 48.363792656898646 ], [ 8.49686114676201, 48.364097211223452 ], [ 8.496728829158005, 48.364029517402685 ], [ 8.495289098628396, 48.365271945589633 ], [ 8.494642304800353, 48.365962658118541 ], [ 8.49265061293365, 48.365129078573183 ], [ 8.492350037696816, 48.365445334475432 ], [ 8.491612688098266, 48.365096876764234 ], [ 8.491294512023707, 48.365539455116256 ], [ 8.490477399576839, 48.366163175625459 ], [ 8.490360309692472, 48.366031035943145 ], [ 8.489083399518892, 48.366848475826792 ], [ 8.488206185426186, 48.366499015256565 ], [ 8.486828838920296, 48.366705380468048 ], [ 8.486644896783449, 48.367126772687755 ], [ 8.48660478676315, 48.368215818221778 ], [ 8.48572075021643, 48.368301926153812 ], [ 8.486099946068986, 48.369316103559584 ], [ 8.486106823983821, 48.369746353994366 ], [ 8.485885607640693, 48.369777753552988 ], [ 8.486289958772918, 48.370359753611503 ], [ 8.486860547945572, 48.370725764583973 ], [ 8.486467763691362, 48.371154501452537 ], [ 8.487043635064241, 48.371358595426315 ], [ 8.488013210360137, 48.373385629773352 ], [ 8.488728245665692, 48.373450166769494 ], [ 8.488154686154758, 48.37496588943624 ], [ 8.48803536081701, 48.374961040104075 ], [ 8.487978640858712, 48.375756000575656 ], [ 8.488096158732981, 48.375752744947661 ], [ 8.488068242617874, 48.377230678208328 ], [ 8.487859534596188, 48.377654480480523 ], [ 8.488014980208987, 48.377707532766514 ], [ 8.487285181751499, 48.379067002864048 ], [ 8.48704454549018, 48.379158955396591 ], [ 8.486234191273075, 48.379137796052667 ], [ 8.485155437968851, 48.380662401105717 ], [ 8.484333418331046, 48.381325909745264 ], [ 8.483583954846228, 48.382237955147026 ], [ 8.486454487954683, 48.381913970339376 ], [ 8.487095943679071, 48.382014445229586 ], [ 8.490040110402374, 48.382103284586272 ], [ 8.490884044719417, 48.38339371979427 ], [ 8.492322682566623, 48.384129973174865 ], [ 8.493582246568605, 48.384582296616095 ], [ 8.496536217392245, 48.385377607406404 ], [ 8.500439453048372, 48.386057402747227 ], [ 8.500762750717925, 48.383756660531681 ], [ 8.499446416805364, 48.383511091061884 ], [ 8.49967475535499, 48.383185416844618 ], [ 8.500197667683489, 48.381810036395798 ], [ 8.500820900152386, 48.381180099359142 ], [ 8.500964886883807, 48.380860444053738 ], [ 8.500177084233627, 48.378642773655386 ], [ 8.499908972537334, 48.378288490737397 ], [ 8.499074159635915, 48.377650326425993 ], [ 8.499819468214772, 48.376506858158159 ], [ 8.501384586294236, 48.376011459871329 ], [ 8.50310618962958, 48.375210290821876 ], [ 8.5044998189205, 48.374929218892433 ], [ 8.5042725314494, 48.373971267419684 ], [ 8.503890591631375, 48.373991212956433 ], [ 8.503760082863309, 48.373553143556286 ], [ 8.503843757755565, 48.373349460675321 ], [ 8.504057917146596, 48.373322134632303 ], [ 8.504033690200115, 48.373147135521037 ], [ 8.506115738033172, 48.372285037807238 ], [ 8.504777864476077, 48.371531395788686 ], [ 8.503575607150006, 48.370679540206261 ], [ 8.503834774329242, 48.37002111427109 ], [ 8.504552331473731, 48.369878551062371 ], [ 8.504143535746866, 48.36859287851739 ], [ 8.504797900746944, 48.368420532372234 ], [ 8.504475257878223, 48.367802242998536 ], [ 8.505251499816213, 48.36766127765901 ], [ 8.505604587664575, 48.368761915957883 ], [ 8.50656874673386, 48.368457830261917 ], [ 8.507208247675639, 48.368159723501599 ], [ 8.508098518764358, 48.367576412375605 ], [ 8.50792530979966, 48.367378105250616 ], [ 8.509138470074783, 48.366181695531104 ], [ 8.509470806193951, 48.365598600709482 ], [ 8.50970731406214, 48.365785209812437 ], [ 8.509896713055186, 48.365689392825246 ], [ 8.509659909912635, 48.365674169041746 ], [ 8.509141730678303, 48.365406827958971 ], [ 8.511324507549084, 48.364430897406642 ], [ 8.511710159188539, 48.364834055504005 ], [ 8.513919582182687, 48.364214096337314 ], [ 8.513989358852859, 48.364117227299658 ], [ 8.514280755329537, 48.364112430226498 ], [ 8.516317364780981, 48.363543246030822 ], [ 8.517492395893672, 48.362836994956474 ], [ 8.518256942419722, 48.363337444118905 ], [ 8.521151588938976, 48.364653593857241 ], [ 8.523272854016209, 48.366291426997222 ], [ 8.524362198202084, 48.366881617699242 ], [ 8.524820983071043, 48.366693234537443 ], [ 8.525477362607921, 48.366642683669269 ], [ 8.52668425197753, 48.366819851269945 ], [ 8.528215334016343, 48.367273903394256 ], [ 8.529473706173301, 48.3674786026058 ], [ 8.530912860027218, 48.368082306728454 ], [ 8.531566379675967, 48.368094595995395 ], [ 8.532144273232662, 48.368653929761088 ], [ 8.533608957143482, 48.368568561049486 ], [ 8.533342496406744, 48.367777485291541 ], [ 8.533671494539842, 48.367294260124424 ], [ 8.534600969823021, 48.367470849541256 ], [ 8.534923679659714, 48.366905635908317 ], [ 8.535176837351575, 48.367365487907911 ], [ 8.535385532668075, 48.367325666107163 ], [ 8.535549942168517, 48.367760957823528 ], [ 8.535929954370037, 48.367694026918812 ], [ 8.536031125185035, 48.367986735914592 ], [ 8.536398321600693, 48.367948451068131 ], [ 8.536662942227956, 48.368411854581744 ], [ 8.537350132399535, 48.368225420801181 ], [ 8.538733203576072, 48.367994902649208 ], [ 8.540173112440822, 48.36806355348547 ], [ 8.541414215961812, 48.367988437350967 ], [ 8.54262230787776, 48.367015671525714 ], [ 8.542121412946587, 48.366817732124993 ], [ 8.542351622733884, 48.366395086148358 ], [ 8.542860985971592, 48.365887811255362 ], [ 8.542712953125966, 48.365833872823032 ], [ 8.543772896109189, 48.364146711655799 ], [ 8.543387847042053, 48.363844785926425 ], [ 8.543204456312745, 48.363216091806912 ], [ 8.543527624013958, 48.362404617225039 ], [ 8.544641624172991, 48.361230110935139 ], [ 8.545141887655703, 48.361342299003958 ], [ 8.544886752244025, 48.361688740622185 ], [ 8.545573084564339, 48.361979796449205 ], [ 8.546188541767803, 48.361374772066974 ], [ 8.548022828775956, 48.361694087175927 ], [ 8.548904961832543, 48.362440762832335 ], [ 8.548916716156539, 48.363158381643302 ], [ 8.54903927201255, 48.363590071467684 ], [ 8.5497652389379, 48.364429423192 ], [ 8.548942592409286, 48.364830150097994 ], [ 8.549750293674551, 48.365481702320899 ], [ 8.548896847219703, 48.366065839830092 ], [ 8.550955208231676, 48.367548622253018 ], [ 8.551515276201417, 48.367808830648073 ], [ 8.553177150697433, 48.368095632599868 ], [ 8.553929187329331, 48.367974847209553 ], [ 8.553802817352768, 48.36786567773764 ], [ 8.554189054326061, 48.367531510454121 ], [ 8.552703678759858, 48.366857204365864 ], [ 8.551947027915842, 48.366397320482861 ], [ 8.551643873346537, 48.366094751850987 ], [ 8.551876212706372, 48.365927869712372 ], [ 8.55162308874341, 48.36569396033314 ], [ 8.552599634161764, 48.36483174526014 ], [ 8.551471549803461, 48.36397788926427 ], [ 8.552747259513605, 48.362943833172203 ], [ 8.551957977064975, 48.362516749868604 ], [ 8.550944060869732, 48.362289319798826 ], [ 8.551046776887679, 48.361662024433762 ], [ 8.551412986325007, 48.360807151762337 ], [ 8.550781712187874, 48.360685482801934 ], [ 8.550866754277481, 48.360471424629822 ], [ 8.553046654563916, 48.360835372351595 ], [ 8.553140631671701, 48.360586530183134 ], [ 8.553217714663331, 48.360602213851934 ], [ 8.55494825999005, 48.359225596476215 ], [ 8.555846182893234, 48.35819373177717 ], [ 8.556250705093246, 48.358370997559433 ], [ 8.556725223753686, 48.358198291877244 ], [ 8.557073719184048, 48.358438675312186 ], [ 8.558423265375925, 48.358406797243255 ], [ 8.558569290185245, 48.358130080769797 ], [ 8.559749393708756, 48.35824112344104 ], [ 8.559855151533318, 48.357623277992232 ], [ 8.56239476988457, 48.357843218528096 ], [ 8.562339628812682, 48.358181642836193 ], [ 8.563262570143475, 48.358230403595073 ], [ 8.563608061094691, 48.35765655858912 ], [ 8.566254617897131, 48.357955270334799 ], [ 8.566197236907284, 48.358194814796391 ], [ 8.567966331305003, 48.358162966634815 ], [ 8.567996365355373, 48.358538419798101 ], [ 8.569410074859633, 48.358469137731248 ], [ 8.569355367496188, 48.358024768180066 ], [ 8.569157020043658, 48.357629522227604 ], [ 8.569854849440691, 48.356677048744324 ], [ 8.570779933738576, 48.355793343790815 ], [ 8.571041232322404, 48.35558874481935 ], [ 8.571201084712598, 48.35563369429407 ], [ 8.571590347329085, 48.355284274964824 ], [ 8.570250833597864, 48.354904477927825 ], [ 8.569454732072817, 48.354755395412511 ], [ 8.568422801466928, 48.35441640306847 ], [ 8.568185949571413, 48.352478173289896 ], [ 8.568005720010895, 48.352066888929173 ], [ 8.567304393352737, 48.351028557144289 ], [ 8.567158363727495, 48.350628555843201 ], [ 8.566662219982938, 48.350642072237008 ], [ 8.566541767188452, 48.350569105303897 ], [ 8.566677858200181, 48.34929110173384 ], [ 8.565227133042569, 48.349790430875828 ], [ 8.564496976999605, 48.349231225053835 ], [ 8.563700820890309, 48.348863663171329 ], [ 8.562734876096973, 48.348181736605255 ], [ 8.559219215368385, 48.347058129983687 ], [ 8.557929762648348, 48.346434120825499 ], [ 8.557174373181279, 48.346216284865427 ], [ 8.555269230288143, 48.34694711219057 ], [ 8.555007107534287, 48.345182300513677 ], [ 8.556563339001242, 48.344916340627208 ], [ 8.557175111408483, 48.344292708582969 ], [ 8.556436772299495, 48.344493548678216 ], [ 8.553918753797522, 48.343980537527315 ], [ 8.548476941530616, 48.34310570112202 ], [ 8.547207278574643, 48.343229272968024 ], [ 8.545423070085358, 48.343590830004523 ], [ 8.543234790301483, 48.344555062508142 ], [ 8.542340578725952, 48.345773886893006 ], [ 8.541363147707273, 48.34564323083675 ], [ 8.539476252532449, 48.345239658533131 ], [ 8.539328150958939, 48.345305191104814 ], [ 8.536976311374106, 48.344935791513564 ], [ 8.535666245453609, 48.347062543361844 ], [ 8.530724683921513, 48.346912128659945 ], [ 8.53170847415832, 48.344168012420553 ], [ 8.530545211755184, 48.343763998218122 ], [ 8.531118663233109, 48.342157550330249 ], [ 8.521420976412644, 48.335546879545582 ], [ 8.519754305718971, 48.334824605850713 ], [ 8.520324599695584, 48.331364695599426 ], [ 8.512907623388502, 48.331745035609011 ], [ 8.512846352100357, 48.3316758613866 ], [ 8.512256822763845, 48.325696040511609 ], [ 8.510687763232642, 48.326959262188687 ], [ 8.509524474650041, 48.327403873258746 ], [ 8.508199335778615, 48.328122180281177 ], [ 8.50738592758352, 48.328347126003287 ], [ 8.506865522213985, 48.328253039678465 ], [ 8.504488140840467, 48.327533432110421 ], [ 8.500593500138015, 48.327336834062521 ], [ 8.501003705312572, 48.328850781426105 ], [ 8.501298796539777, 48.329345980518809 ], [ 8.50189711316105, 48.329987789120025 ], [ 8.502233794710529, 48.330688920469619 ], [ 8.500012737192174, 48.33187387003138 ] ] ] } },
{ "type": "Feature", "properties": { "Gemarkung": "Dunningen", "Schluessel": "085870", "Ebene": "Gemarkung" }, "geometry": { "type": "Polygon", "coordinates": [ [ [ 8.515893127137842, 48.191829060152841 ], [ 8.514826455142575, 48.191448761930587 ], [ 8.514496941668357, 48.191475891022193 ], [ 8.513540646770718, 48.19123513934634 ], [ 8.513284648578562, 48.19100148534266 ], [ 8.513281217906783, 48.190724365599849 ], [ 8.511590568182422, 48.189830638334691 ], [ 8.510857599924176, 48.190148802098157 ], [ 8.510031670565764, 48.190393869859619 ], [ 8.5089891430757, 48.190479750866388 ], [ 8.507535520440591, 48.190330211970434 ], [ 8.505062511154655, 48.189904113393027 ], [ 8.500206655683574, 48.188523309044008 ], [ 8.49622437813437, 48.188337774001852 ], [ 8.495614585694403, 48.188792683910059 ], [ 8.494739722594044, 48.189206209563039 ], [ 8.493591000231957, 48.18951397817375 ], [ 8.491296233973207, 48.189881897357864 ], [ 8.490202135394801, 48.189969449082355 ], [ 8.489525653424307, 48.190723718490268 ], [ 8.491311632725724, 48.19112660031174 ], [ 8.491071062802629, 48.191383387428658 ], [ 8.48933698355528, 48.19254097916096 ], [ 8.486717641582517, 48.193918078932278 ], [ 8.484869428704624, 48.195180357245512 ], [ 8.483237881293062, 48.196419198136233 ], [ 8.484097916067713, 48.196472094067587 ], [ 8.483762999479294, 48.197876089017839 ], [ 8.483577904680029, 48.197895230853256 ], [ 8.481886755853287, 48.199080792511708 ], [ 8.479990032285611, 48.200132874897633 ], [ 8.477170263876857, 48.201424008248942 ], [ 8.475679950542313, 48.20027236379746 ], [ 8.477571926361344, 48.19902140909624 ], [ 8.479617862814395, 48.198065949046764 ], [ 8.478865615835021, 48.197321375451409 ], [ 8.477930398290644, 48.197793249073015 ], [ 8.477768253729774, 48.197646132774828 ], [ 8.477472680498153, 48.197572004643028 ], [ 8.476102489862827, 48.197821101165722 ], [ 8.475980267614123, 48.198008849595858 ], [ 8.47576029223012, 48.198056609983261 ], [ 8.475430445594396, 48.198004722633421 ], [ 8.475324557372319, 48.198055431876995 ], [ 8.475215501220275, 48.197994654756997 ], [ 8.47491880411053, 48.198122855602278 ], [ 8.47500016362485, 48.198326017687421 ], [ 8.47470687293688, 48.198726300291185 ], [ 8.474488644782838, 48.198839653745658 ], [ 8.47463439053419, 48.198957999542905 ], [ 8.474248827841866, 48.199050524593254 ], [ 8.472312346929963, 48.200224026873251 ], [ 8.471727180151733, 48.200828001332667 ], [ 8.471281236993592, 48.201149570262054 ], [ 8.471275544006424, 48.201441223993079 ], [ 8.471035657439762, 48.201486454587581 ], [ 8.470840219441756, 48.201645700222606 ], [ 8.470860275126189, 48.201763022300703 ], [ 8.470665950617597, 48.202023038171056 ], [ 8.470317280607986, 48.202032678379254 ], [ 8.469985855845822, 48.20227532707986 ], [ 8.469044222678944, 48.202270442222598 ], [ 8.468805253151919, 48.202343562822932 ], [ 8.466612816524792, 48.203775436536802 ], [ 8.464960325353065, 48.204992237100804 ], [ 8.462320627384978, 48.206467560431975 ], [ 8.461562968952913, 48.206213000771179 ], [ 8.460834527907393, 48.205855558537763 ], [ 8.459598065780868, 48.205467294558836 ], [ 8.458677054108152, 48.205288151653072 ], [ 8.457852888639556, 48.20519177981857 ], [ 8.455030057507932, 48.205106907933022 ], [ 8.453585594756253, 48.205451201022136 ], [ 8.453349339603886, 48.20675822834427 ], [ 8.45206522027477, 48.206639204115284 ], [ 8.450187286894945, 48.206279988760627 ], [ 8.449006995887196, 48.20702333065131 ], [ 8.446781103204991, 48.206755059643001 ], [ 8.444542229151446, 48.206818128904096 ], [ 8.44399747300759, 48.206872176139314 ], [ 8.443064984541198, 48.207270094320506 ], [ 8.443419735528828, 48.207634657604927 ], [ 8.444000428563362, 48.207830181180505 ], [ 8.445627047042432, 48.207980277435915 ], [ 8.445494786204673, 48.208536728021201 ], [ 8.445566980933753, 48.209180624839277 ], [ 8.44480877874426, 48.209540710718194 ], [ 8.443724120032082, 48.210288958328853 ], [ 8.443583075243055, 48.211156746801962 ], [ 8.441483905642706, 48.212923995883251 ], [ 8.440265584399308, 48.215018936513317 ], [ 8.440794869167869, 48.215639868806974 ], [ 8.440541193988457, 48.216052491845112 ], [ 8.440077727416806, 48.216481816652987 ], [ 8.440273559878287, 48.217362486474762 ], [ 8.440691972098158, 48.218486974965984 ], [ 8.441526639613377, 48.219070252217193 ], [ 8.442914289782816, 48.219649816306692 ], [ 8.442682769890684, 48.220402453564645 ], [ 8.443209174253656, 48.220986382915399 ], [ 8.442815047669191, 48.221698646380311 ], [ 8.443935230902396, 48.222430118223727 ], [ 8.445246086647602, 48.222962948327954 ], [ 8.445744931564789, 48.223884835603883 ], [ 8.44591130446015, 48.223826438038586 ], [ 8.44596873017503, 48.223894911138558 ], [ 8.44623103428485, 48.22375537362349 ], [ 8.447099606639764, 48.225129778746734 ], [ 8.448519307109461, 48.226181134799013 ], [ 8.449139856451659, 48.22707543021567 ], [ 8.449912377173712, 48.227687407629098 ], [ 8.450066231945209, 48.228370826473871 ], [ 8.451312480465042, 48.22924875753246 ], [ 8.452190784617549, 48.229757940034261 ], [ 8.452622094796151, 48.230502236069668 ], [ 8.453404643383111, 48.231382523939843 ], [ 8.458240348277121, 48.231734516367375 ], [ 8.464371892174734, 48.232390955320476 ], [ 8.470765826726021, 48.23292573783359 ], [ 8.473851362959881, 48.23290202210049 ], [ 8.475880742398919, 48.232599729424848 ], [ 8.477676714968117, 48.232510376223907 ], [ 8.477540977148205, 48.232986323332483 ], [ 8.47876614470194, 48.232867907186758 ], [ 8.479016251888334, 48.23238680889223 ], [ 8.479883888654779, 48.232466130735247 ], [ 8.480025811357102, 48.231629974381569 ], [ 8.480391439434188, 48.231002476578844 ], [ 8.48088200103712, 48.230629883087012 ], [ 8.481651671647358, 48.230313427007687 ], [ 8.482756265313402, 48.230139813732976 ], [ 8.485225342933079, 48.230206135556948 ], [ 8.487389617219712, 48.229889488766226 ], [ 8.488298300855325, 48.230724576841112 ], [ 8.48905382739736, 48.231919121484545 ], [ 8.48992367455358, 48.232996219260819 ], [ 8.49000665860439, 48.23293891749617 ], [ 8.491896699673662, 48.232908868764483 ], [ 8.491511948833621, 48.232312385392632 ], [ 8.496168893430418, 48.232239498917885 ], [ 8.495532633975747, 48.232593614536718 ], [ 8.495057030272219, 48.232755089756118 ], [ 8.495448427627109, 48.23296769435926 ], [ 8.500215986028959, 48.232770252861343 ], [ 8.501567384322327, 48.232779268034847 ], [ 8.501482375232518, 48.232699817096815 ], [ 8.501907384863703, 48.231852265524267 ], [ 8.501250764035062, 48.229913474358881 ], [ 8.500468415860229, 48.229082816343869 ], [ 8.50054570041951, 48.22887595428908 ], [ 8.500432353862575, 48.228762011387495 ], [ 8.501737173382413, 48.229494170187664 ], [ 8.501789741744211, 48.22941936413887 ], [ 8.50227803640084, 48.230318286294697 ], [ 8.504497797998763, 48.230255269259629 ], [ 8.505238066952398, 48.231715948633756 ], [ 8.505443101699246, 48.232601941760102 ], [ 8.507290579495599, 48.232668802907995 ], [ 8.512515376562211, 48.23340731346196 ], [ 8.516754318173399, 48.233542076655134 ], [ 8.518350380504284, 48.233498661197999 ], [ 8.519206424490756, 48.233415154444316 ], [ 8.519088488610358, 48.233339987325067 ], [ 8.520597206491352, 48.232540349456634 ], [ 8.521105370270343, 48.232834864950078 ], [ 8.521887344504805, 48.232865829589926 ], [ 8.523055787251129, 48.232623448761366 ], [ 8.523716779750607, 48.232819621134361 ], [ 8.524892897789185, 48.232474419372615 ], [ 8.526960876442038, 48.230141153914943 ], [ 8.52727119342507, 48.228364740500503 ], [ 8.531507538869187, 48.229126030709971 ], [ 8.531778177598019, 48.227814041254476 ], [ 8.534568782017255, 48.227817544385111 ], [ 8.535711097264128, 48.221288818134511 ], [ 8.535768557056652, 48.219877440781964 ], [ 8.535631348252844, 48.219328977024283 ], [ 8.535508994040683, 48.217495909015476 ], [ 8.536142923136646, 48.214934087732082 ], [ 8.535958999992893, 48.214327315542313 ], [ 8.538343263337623, 48.213882931451799 ], [ 8.538260283109162, 48.213589929602918 ], [ 8.539545062863018, 48.213376458064715 ], [ 8.539041021315986, 48.212422297975486 ], [ 8.54048957858056, 48.211653284916018 ], [ 8.54085529331031, 48.212377825733462 ], [ 8.541393967571338, 48.213014975848274 ], [ 8.542249552254006, 48.212532643753228 ], [ 8.541595322890268, 48.212007228079244 ], [ 8.542191501566599, 48.211781352627298 ], [ 8.541367049610635, 48.21081369040003 ], [ 8.541106345480054, 48.210253133640052 ], [ 8.541415885585716, 48.210198498070035 ], [ 8.541672046159459, 48.209322682744954 ], [ 8.542709812737343, 48.207495138146712 ], [ 8.54376739241874, 48.207883777084582 ], [ 8.544705040919716, 48.208502341738253 ], [ 8.545455931897679, 48.208096494249368 ], [ 8.544786623476611, 48.207574185605942 ], [ 8.543658771513282, 48.207095937965562 ], [ 8.544600946958171, 48.206154550239589 ], [ 8.544994631468535, 48.206306806985658 ], [ 8.545882394631787, 48.204893216145969 ], [ 8.546541733477618, 48.20483454979663 ], [ 8.547835641487378, 48.204273831248862 ], [ 8.547833475442715, 48.203877689349341 ], [ 8.545867740461503, 48.202668495328417 ], [ 8.54612524651893, 48.202495782103789 ], [ 8.545928066076891, 48.20239081937514 ], [ 8.546053905557033, 48.202329507626814 ], [ 8.545933760306973, 48.202249050719281 ], [ 8.545372895359302, 48.202437748370208 ], [ 8.545272018845695, 48.202339553106142 ], [ 8.543892505901631, 48.202812633452133 ], [ 8.543586526848902, 48.20253233527923 ], [ 8.542169373917522, 48.203013252751113 ], [ 8.541839676174265, 48.202495967090265 ], [ 8.540078000771535, 48.203770091427693 ], [ 8.537341895029597, 48.203643682774171 ], [ 8.535669019642526, 48.203400409900787 ], [ 8.535130600026136, 48.203289461501186 ], [ 8.53332307612143, 48.20235914634889 ], [ 8.533200753860671, 48.201809478824984 ], [ 8.532609875170484, 48.201831009872038 ], [ 8.532565308961864, 48.201596459356821 ], [ 8.532344159901408, 48.201614633404951 ], [ 8.532049617006285, 48.201076409698977 ], [ 8.531034004293785, 48.199933712917307 ], [ 8.530734690794304, 48.198800500727053 ], [ 8.529967254579327, 48.199928546691289 ], [ 8.529750435229673, 48.199768414770595 ], [ 8.527960527012672, 48.199317711759193 ], [ 8.524915566799763, 48.198856582951983 ], [ 8.52296099352742, 48.198480605437155 ], [ 8.522125953736641, 48.198250055394176 ], [ 8.521575524506314, 48.198657395355632 ], [ 8.520653571253719, 48.197920036819177 ], [ 8.519901942093233, 48.197089184529588 ], [ 8.519332617644471, 48.196250272592195 ], [ 8.519334585700088, 48.19578091183152 ], [ 8.517680281156553, 48.194957333131462 ], [ 8.516498278730673, 48.193654382761103 ], [ 8.516054781708574, 48.192980986647918 ], [ 8.516292449311919, 48.192333848833172 ], [ 8.516177309847954, 48.192086398853782 ], [ 8.515893127137842, 48.191829060152841 ] ] ] } },
{ "type": "Feature", "properties": { "Gemarkung": "Dürrenmettstetten", "Schluessel": "085742", "Ebene": "Gemarkung" }, "geometry": { "type": "Polygon", "coordinates": [ [ [ 8.568095937069968, 48.379238525414209 ], [ 8.566302916745204, 48.379441401556974 ], [ 8.56625972089669, 48.379248261201717 ], [ 8.564605733150971, 48.379236615733994 ], [ 8.562681057386294, 48.379356887941199 ], [ 8.562235352088541, 48.379424646801212 ], [ 8.561798720028058, 48.379630986455858 ], [ 8.561632209004683, 48.379614518073211 ], [ 8.561629371998086, 48.380212332690419 ], [ 8.561492668524176, 48.380184462006447 ], [ 8.561490306855713, 48.380349361047557 ], [ 8.559444884604206, 48.38048063451766 ], [ 8.559427061422967, 48.380433244046117 ], [ 8.559019718614296, 48.380514182444763 ], [ 8.55868789161476, 48.380405040614768 ], [ 8.557824763454233, 48.37990682245659 ], [ 8.55681452071898, 48.380504809224092 ], [ 8.554879840003339, 48.379658315443116 ], [ 8.5538748239964, 48.379407465415845 ], [ 8.550440609966211, 48.379410561147353 ], [ 8.549678593679989, 48.379509692679889 ], [ 8.548662832453497, 48.379805389837614 ], [ 8.548864419860324, 48.38078852160271 ], [ 8.549138153554882, 48.381203709089455 ], [ 8.54953711218665, 48.381539676211325 ], [ 8.550751549403916, 48.38225911616567 ], [ 8.552607803062234, 48.383597308995974 ], [ 8.553364050344994, 48.38390145397215 ], [ 8.553919146617723, 48.384319700991071 ], [ 8.55472272729731, 48.38464993074377 ], [ 8.55538960855608, 48.385029467909455 ], [ 8.55611393827518, 48.386197056147118 ], [ 8.55656295920331, 48.386734895690367 ], [ 8.556719717223462, 48.387114796845729 ], [ 8.556698624179973, 48.387723875997388 ], [ 8.557167232880149, 48.389104410738121 ], [ 8.557568344058812, 48.38962595772194 ], [ 8.55880813379, 48.390885564972763 ], [ 8.559605821345825, 48.392055210504694 ], [ 8.559785604170433, 48.392651833380214 ], [ 8.56049870672687, 48.393311941145214 ], [ 8.561390655865084, 48.393818254726803 ], [ 8.562239908176991, 48.393981178675467 ], [ 8.563138291003481, 48.392950344261401 ], [ 8.563265557836459, 48.392396007079597 ], [ 8.566254339939549, 48.392581937255066 ], [ 8.566521975821228, 48.392498557789743 ], [ 8.567429829311484, 48.393412880264279 ], [ 8.566783752406865, 48.393646340240963 ], [ 8.566912501231156, 48.393676963545332 ], [ 8.567349264728893, 48.395952496478827 ], [ 8.567451750781402, 48.396022155589584 ], [ 8.568133404239035, 48.396073657660132 ], [ 8.567947797805221, 48.396215736788626 ], [ 8.567813526321366, 48.396692771701993 ], [ 8.567433623933461, 48.397395507385504 ], [ 8.567139101560318, 48.397492192695282 ], [ 8.565979816322038, 48.397302855558159 ], [ 8.564911938157721, 48.399259629433757 ], [ 8.566252055596092, 48.399716317974253 ], [ 8.566281673163322, 48.399792270865497 ], [ 8.565398365369495, 48.401647722746453 ], [ 8.567280397955443, 48.402432211023957 ], [ 8.567373739700887, 48.402402693365275 ], [ 8.567326673367356, 48.402503907893042 ], [ 8.567827016993807, 48.40281967911131 ], [ 8.570215904137497, 48.402069135449352 ], [ 8.571020867926473, 48.401702109875679 ], [ 8.572809019849515, 48.402236412423761 ], [ 8.573968353848322, 48.402776097579547 ], [ 8.574799460730484, 48.40335558292449 ], [ 8.57700068741036, 48.404109962754248 ], [ 8.580981166448257, 48.403783287008224 ], [ 8.585080690649082, 48.404246442767068 ], [ 8.587289460546234, 48.405394612821333 ], [ 8.591543387577016, 48.407134615759595 ], [ 8.591943681938188, 48.407465040740753 ], [ 8.592816125223452, 48.407894928848492 ], [ 8.593246847144318, 48.408376599319581 ], [ 8.594318976506189, 48.409238657185995 ], [ 8.594552143750501, 48.410164776189632 ], [ 8.594439095145308, 48.410565534774328 ], [ 8.59568966855271, 48.410967314176993 ], [ 8.595388216146551, 48.410077753494903 ], [ 8.596776970661265, 48.408743039304966 ], [ 8.597101457815683, 48.407556898419124 ], [ 8.598314976183769, 48.405279160190183 ], [ 8.59816029303386, 48.403800572446407 ], [ 8.598885064103394, 48.40103179477066 ], [ 8.599467346819697, 48.399865257014717 ], [ 8.60064992957871, 48.398672102089968 ], [ 8.599625139641454, 48.398127485948642 ], [ 8.600453280779867, 48.397180954809613 ], [ 8.604692254529747, 48.398710711937106 ], [ 8.60454752230069, 48.398332268029137 ], [ 8.604891834102935, 48.397938500766216 ], [ 8.604895880902733, 48.397869510844068 ], [ 8.603805466628634, 48.397090705265121 ], [ 8.604615595447223, 48.396695662903184 ], [ 8.602855921661952, 48.395591568767919 ], [ 8.599588547506682, 48.394750668676025 ], [ 8.597477189370009, 48.394000722755315 ], [ 8.596478082031892, 48.393743519118097 ], [ 8.59575481281045, 48.393386514399985 ], [ 8.595592417301534, 48.392894819586012 ], [ 8.596736513066862, 48.391058581364398 ], [ 8.596885598192934, 48.390482691725296 ], [ 8.596369941860852, 48.390251020766122 ], [ 8.596674697913963, 48.38953074209666 ], [ 8.596935357656669, 48.388440907583202 ], [ 8.597233364022051, 48.38790602356859 ], [ 8.597862917636961, 48.387599822153256 ], [ 8.597831948606919, 48.387501740892162 ], [ 8.598285034959872, 48.387185563708272 ], [ 8.59925057988689, 48.386782104461069 ], [ 8.599777531972505, 48.386414448154923 ], [ 8.600472095094057, 48.386478219006584 ], [ 8.602005488157435, 48.386881903223689 ], [ 8.602041835139337, 48.38694950348075 ], [ 8.602601518971749, 48.386278761895092 ], [ 8.601687427549329, 48.385285794366702 ], [ 8.601362019763286, 48.385186514361891 ], [ 8.600254909275115, 48.385408307975602 ], [ 8.600988874959267, 48.38412730976561 ], [ 8.602721234109632, 48.380163999742891 ], [ 8.601680370583404, 48.379318137701787 ], [ 8.60134716904699, 48.37951274998489 ], [ 8.601599918337778, 48.380057560856621 ], [ 8.600597939058281, 48.380372297056631 ], [ 8.600575452511453, 48.380985158304334 ], [ 8.600395102295034, 48.381423296861144 ], [ 8.596123039664056, 48.381542159034645 ], [ 8.595052093364524, 48.380838458004227 ], [ 8.59367373245372, 48.380295780612556 ], [ 8.591834115356704, 48.380135606659039 ], [ 8.58990630176082, 48.379624760677892 ], [ 8.587705565040601, 48.379234358929629 ], [ 8.58474175830669, 48.378820561080538 ], [ 8.584363662189714, 48.378799133298848 ], [ 8.582063891550403, 48.379116569541367 ], [ 8.582260365121792, 48.37872323117849 ], [ 8.58050488765115, 48.37844217689311 ], [ 8.579853704383911, 48.378177729130904 ], [ 8.577092483316884, 48.377776889033434 ], [ 8.576669488932673, 48.377650370291889 ], [ 8.574862937186385, 48.377510468773337 ], [ 8.574260337279403, 48.377578773933699 ], [ 8.571762841254854, 48.378283836571917 ], [ 8.570506187315683, 48.378786471639017 ], [ 8.568095937069968, 48.379238525414209 ] ] ] } },
{ "type": "Feature", "properties": { "Gemarkung": "Ehlenbogen", "Schluessel": "084531", "Ebene": "Gemarkung" }, "geometry": { "type": "Polygon", "coordinates": [ [ [ 8.414360072420044, 48.354438426431422 ], [ 8.413450647824448, 48.354500278487585 ], [ 8.412740528948884, 48.354967092098448 ], [ 8.412719773632094, 48.354905538790838 ], [ 8.411950157707675, 48.355169078568601 ], [ 8.411531787214757, 48.35561866260209 ], [ 8.410610278832845, 48.357919704333327 ], [ 8.410382713589298, 48.359098272635023 ], [ 8.409784456958782, 48.359129122227039 ], [ 8.408998133537185, 48.359313025795146 ], [ 8.406834119753249, 48.358871846661948 ], [ 8.406463926923173, 48.358712045530694 ], [ 8.404876192502375, 48.358670015120971 ], [ 8.402157592472527, 48.358375132428463 ], [ 8.401576099684267, 48.358761485278954 ], [ 8.400780004657609, 48.358867190694795 ], [ 8.39937244363098, 48.359208021712455 ], [ 8.397957000331715, 48.360181800572825 ], [ 8.397943899946885, 48.360663414146345 ], [ 8.398079527743443, 48.361125833350172 ], [ 8.398456970516508, 48.361781326202014 ], [ 8.397957367604237, 48.362407490302445 ], [ 8.397698550882241, 48.362912288429264 ], [ 8.397552572812518, 48.363785370939652 ], [ 8.398116167889444, 48.365292204635139 ], [ 8.397374883547608, 48.365961274801492 ], [ 8.394802733200265, 48.367703292104828 ], [ 8.392940057157386, 48.368198730890143 ], [ 8.391909587282829, 48.368719683578092 ], [ 8.391409695347011, 48.369108305156395 ], [ 8.391119809543886, 48.369492638229644 ], [ 8.391041670453344, 48.369795052379075 ], [ 8.391125264046391, 48.370609423030203 ], [ 8.390919749902576, 48.37154938606011 ], [ 8.390007888906981, 48.373132555341769 ], [ 8.390011758900568, 48.373679032943642 ], [ 8.390311883026911, 48.374181647775977 ], [ 8.390688984154776, 48.374571131679836 ], [ 8.390425663094963, 48.374887678613916 ], [ 8.391048024020904, 48.37544516858712 ], [ 8.391894089731672, 48.375884002354844 ], [ 8.393730104026826, 48.376305199461704 ], [ 8.394500850980936, 48.376778344092273 ], [ 8.395127368471437, 48.377663221778377 ], [ 8.394848886713607, 48.378040696239658 ], [ 8.394610383758879, 48.37871356048435 ], [ 8.394796238608473, 48.379178315616223 ], [ 8.395864768166572, 48.380478099475276 ], [ 8.397025879837017, 48.381170634929923 ], [ 8.397511442931311, 48.381396115649089 ], [ 8.398618784338842, 48.38161225084712 ], [ 8.401178163925691, 48.381537703569514 ], [ 8.401698734547153, 48.381589803518978 ], [ 8.40316455098484, 48.382209188821882 ], [ 8.404574541856382, 48.382638707190807 ], [ 8.404924753258028, 48.382661571288956 ], [ 8.405922577075259, 48.38252161224068 ], [ 8.406272645806878, 48.382823817224214 ], [ 8.406775642238438, 48.383099729871184 ], [ 8.406509659910421, 48.38419594818567 ], [ 8.407191851638864, 48.386150835994933 ], [ 8.408660252303822, 48.388161403340739 ], [ 8.409285717589377, 48.388808505352522 ], [ 8.409509946476307, 48.389648772162985 ], [ 8.409793135280728, 48.38999344667296 ], [ 8.410264427879421, 48.391115313896115 ], [ 8.410246083656105, 48.391487050482858 ], [ 8.410619734770194, 48.391649644941111 ], [ 8.411789998995557, 48.390755251394388 ], [ 8.413105830691066, 48.38948543941418 ], [ 8.41367148793584, 48.388713353765191 ], [ 8.413767065280719, 48.388200762923987 ], [ 8.414517094043484, 48.387744584375547 ], [ 8.415201110561489, 48.387201427823165 ], [ 8.416411758674906, 48.387661545179114 ], [ 8.417075869708158, 48.387499373875642 ], [ 8.417605933429222, 48.387554868526713 ], [ 8.417916169187896, 48.387059554528712 ], [ 8.418769482229498, 48.386412692269772 ], [ 8.419347982226151, 48.386163347756629 ], [ 8.420210999209152, 48.386098066151334 ], [ 8.421911432132774, 48.386164201231473 ], [ 8.426079135884599, 48.387001601247249 ], [ 8.425960694829943, 48.388333321332851 ], [ 8.427074786532128, 48.388646019485748 ], [ 8.427970563995729, 48.389119470920981 ], [ 8.429003277064012, 48.390225158168263 ], [ 8.429584057073759, 48.39116107902661 ], [ 8.42794122730581, 48.391989878329348 ], [ 8.427707405361803, 48.392350559680629 ], [ 8.427637424393422, 48.392736616496393 ], [ 8.42699491315356, 48.393233810490969 ], [ 8.426682453281884, 48.39358285225164 ], [ 8.426653825238535, 48.393822379571219 ], [ 8.426475380945341, 48.393833725604161 ], [ 8.424747460293469, 48.393091064939291 ], [ 8.424141617611618, 48.392981514222051 ], [ 8.423992080680209, 48.393950601486594 ], [ 8.424137039033159, 48.394356894765288 ], [ 8.423986539276939, 48.394956125970047 ], [ 8.4235042481275, 48.395650948371951 ], [ 8.422494382065066, 48.396430658895042 ], [ 8.422800682220183, 48.397442336007707 ], [ 8.423162144447687, 48.397794207076316 ], [ 8.422883613990624, 48.39792173181506 ], [ 8.423908821679548, 48.398286104434611 ], [ 8.424487361476308, 48.397551907104109 ], [ 8.425187041725513, 48.397743254097421 ], [ 8.425842208549973, 48.398409126018841 ], [ 8.426816014882153, 48.397891907894561 ], [ 8.42787367687335, 48.397159629582163 ], [ 8.429327519931856, 48.395825454309268 ], [ 8.430736179207795, 48.39521670411154 ], [ 8.432166977992988, 48.394327081506979 ], [ 8.432847209455305, 48.395489021088444 ], [ 8.433451066389061, 48.397144494469622 ], [ 8.433800124866051, 48.397646604392499 ], [ 8.43524825345634, 48.39881770327522 ], [ 8.43775968441456, 48.399808384414662 ], [ 8.43881256721316, 48.400470277028248 ], [ 8.439125156177505, 48.400781734369154 ], [ 8.439536694262785, 48.401605489820085 ], [ 8.441383641375971, 48.40059308693435 ], [ 8.442375388514588, 48.399783524730616 ], [ 8.442197929772018, 48.399282992888416 ], [ 8.440714339128833, 48.397917302637012 ], [ 8.440557579307818, 48.397564053272454 ], [ 8.442450256876395, 48.396814466214423 ], [ 8.442978960349141, 48.396523287615594 ], [ 8.443028229639468, 48.395945313760308 ], [ 8.442468635199889, 48.394984104092472 ], [ 8.442134113987672, 48.394097575382425 ], [ 8.442016883032926, 48.3933909523331 ], [ 8.442040181551816, 48.392557348630227 ], [ 8.441888518583118, 48.392010428222598 ], [ 8.441459906013325, 48.391478987094956 ], [ 8.440875648433266, 48.391000587832934 ], [ 8.440306891006756, 48.390070540487095 ], [ 8.440199867164676, 48.389643309913588 ], [ 8.440593262036993, 48.389232098327184 ], [ 8.441125593883587, 48.389010399522938 ], [ 8.441773627552266, 48.388768837347044 ], [ 8.442828577031474, 48.388569637685592 ], [ 8.443033237902462, 48.387837223648638 ], [ 8.443291342249125, 48.387442711213509 ], [ 8.443777652226338, 48.386966892560856 ], [ 8.443412005092446, 48.386373415972628 ], [ 8.443334119746352, 48.385997339911839 ], [ 8.443408852167769, 48.384309033830526 ], [ 8.44314239386766, 48.38350227589266 ], [ 8.44245052535323, 48.382656840086177 ], [ 8.440092764955901, 48.382697210425036 ], [ 8.439170659743679, 48.38253032987317 ], [ 8.437770102261549, 48.382162459047443 ], [ 8.436525339303477, 48.381569428695272 ], [ 8.436667666936842, 48.380824754194698 ], [ 8.438283305367943, 48.378088588379654 ], [ 8.438506076655761, 48.377565621370593 ], [ 8.437680423986414, 48.377208650403716 ], [ 8.436992603914844, 48.377003941544537 ], [ 8.434718650693794, 48.376913890363603 ], [ 8.433786536355854, 48.377161302676612 ], [ 8.432739360666423, 48.377699901350411 ], [ 8.431970750183062, 48.377875682025255 ], [ 8.430711131318954, 48.377831040250513 ], [ 8.427900687428851, 48.377288546007939 ], [ 8.425915170328031, 48.377044292722019 ], [ 8.423374532033916, 48.376534881891857 ], [ 8.422514985491654, 48.376212449036586 ], [ 8.421016110461817, 48.375430393949117 ], [ 8.420114075324424, 48.374726091276592 ], [ 8.419677997171032, 48.374242481550574 ], [ 8.419523453777739, 48.373487602433869 ], [ 8.42001069407668, 48.373080262275728 ], [ 8.421418497129622, 48.372227180881623 ], [ 8.421794682465494, 48.37172732871079 ], [ 8.422120467917965, 48.370967308706014 ], [ 8.422221254186798, 48.370067249495932 ], [ 8.422164926936384, 48.369734989887782 ], [ 8.421316168771263, 48.369007392196451 ], [ 8.420909600843713, 48.368794284716152 ], [ 8.419444284656842, 48.3683358068049 ], [ 8.41858083882444, 48.367883862278227 ], [ 8.417932714157057, 48.36745990088788 ], [ 8.417570631324924, 48.367054028154236 ], [ 8.417653977456705, 48.366730750111984 ], [ 8.417905397449681, 48.366409222215786 ], [ 8.419135907306192, 48.365592247001857 ], [ 8.41982934168186, 48.364795492730387 ], [ 8.420055546769619, 48.364005286425609 ], [ 8.420032710719553, 48.362996194877354 ], [ 8.42045569852962, 48.361567136189826 ], [ 8.421145351829304, 48.360656546546245 ], [ 8.423511507327785, 48.358694647960398 ], [ 8.423645175335594, 48.35838151367534 ], [ 8.423746601826752, 48.357395985992945 ], [ 8.421848153353965, 48.355074313692342 ], [ 8.421213226407712, 48.3552965777358 ], [ 8.417683583515128, 48.356032146778936 ], [ 8.416275348503831, 48.356590540983312 ], [ 8.416234114773196, 48.355804291724084 ], [ 8.415468173310247, 48.355770623280257 ], [ 8.415673814631559, 48.354750634515149 ], [ 8.415584368359486, 48.354345059467605 ], [ 8.415139069003041, 48.353541911467673 ], [ 8.41412171072027, 48.353777305874097 ], [ 8.414360072420044, 48.354438426431422 ] ] ] } },
{ "type": "Feature", "properties": { "Gemarkung": "Epfendorf", "Schluessel": "085820", "Ebene": "Gemarkung" }, "geometry": { "type": "Polygon", "coordinates": [ [ [ 8.597443611989315, 48.217003397958258 ], [ 8.596677194678236, 48.216833640023893 ], [ 8.596185302008932, 48.21686592157775 ], [ 8.596188389619455, 48.216918384179124 ], [ 8.596679392419059, 48.216930903906544 ], [ 8.597240982425285, 48.217280961501942 ], [ 8.597361269369365, 48.217478234329995 ], [ 8.597388428457975, 48.218066454784555 ], [ 8.597232902559252, 48.217864830035175 ], [ 8.597124511745646, 48.217918611425389 ], [ 8.597036415193669, 48.218354111014627 ], [ 8.595350634311384, 48.220062003468811 ], [ 8.595057636321533, 48.220869700114442 ], [ 8.594774827013184, 48.221118816535203 ], [ 8.594612995265146, 48.221920586355886 ], [ 8.594374944434959, 48.222058928238773 ], [ 8.59469173317575, 48.223629008129528 ], [ 8.594319980894443, 48.223681678195575 ], [ 8.59296193101974, 48.224166397571189 ], [ 8.593097406839142, 48.224332869167014 ], [ 8.593516706406115, 48.224414604307448 ], [ 8.594105653162407, 48.22495649649003 ], [ 8.594011142202893, 48.226147166801958 ], [ 8.59488764235477, 48.226272525721527 ], [ 8.595670136800996, 48.226196107798607 ], [ 8.596654467479393, 48.226427635420002 ], [ 8.597018784281902, 48.226929857801238 ], [ 8.59822762767673, 48.227346414161708 ], [ 8.598673483015318, 48.227617966870724 ], [ 8.598852814912364, 48.227913689481838 ], [ 8.599288357355478, 48.228265455718528 ], [ 8.599975643136379, 48.22810698522499 ], [ 8.601224340045377, 48.228080013817383 ], [ 8.602447560736792, 48.228334542242344 ], [ 8.605033009337857, 48.228684973259973 ], [ 8.605220134539529, 48.22851539548595 ], [ 8.605481724666195, 48.228467980276577 ], [ 8.606011570276284, 48.228434349503168 ], [ 8.606354130460552, 48.22857416431038 ], [ 8.606926838093235, 48.228957050319217 ], [ 8.607366214817532, 48.229432055799606 ], [ 8.607604373342351, 48.229878392816836 ], [ 8.607544376194372, 48.230275668823651 ], [ 8.607264242125364, 48.230616232659692 ], [ 8.608352990126104, 48.23080528144196 ], [ 8.607991538707967, 48.231655241364415 ], [ 8.607752486746124, 48.231958609458935 ], [ 8.606615757095691, 48.232791162630022 ], [ 8.605430078834949, 48.233259524203881 ], [ 8.604665258131297, 48.233651768539566 ], [ 8.604012371281629, 48.232520777753997 ], [ 8.600614068266296, 48.233119909605108 ], [ 8.590637043384564, 48.232596562269919 ], [ 8.588561804299413, 48.233177638765909 ], [ 8.586263388473776, 48.234275013594846 ], [ 8.586096096004244, 48.234296093894393 ], [ 8.586107931468131, 48.234732123583065 ], [ 8.585628211534958, 48.235302864911333 ], [ 8.585328802848574, 48.236107362796176 ], [ 8.585018603795335, 48.236246594399276 ], [ 8.584637547043089, 48.236271579229346 ], [ 8.583745571362819, 48.236541857544339 ], [ 8.583277771481416, 48.23713197527745 ], [ 8.582447493545653, 48.237463735572909 ], [ 8.582164933817102, 48.237713001209819 ], [ 8.581665820319548, 48.237795846645717 ], [ 8.581594789294579, 48.237868822470098 ], [ 8.58241513373555, 48.238494385960493 ], [ 8.58358363037719, 48.239951702920465 ], [ 8.582367158911321, 48.240814495961224 ], [ 8.58074045232695, 48.24262557662275 ], [ 8.579608010092947, 48.245712392869976 ], [ 8.577168772798549, 48.245270971473076 ], [ 8.575990933656755, 48.247395913321981 ], [ 8.575831072384272, 48.247343412040536 ], [ 8.575592556349267, 48.247598941465917 ], [ 8.575662964036956, 48.247864517689216 ], [ 8.575449769114925, 48.248103766017294 ], [ 8.576106913305578, 48.249677755525674 ], [ 8.576312942293182, 48.24965413346721 ], [ 8.576337829583119, 48.249821296148717 ], [ 8.576454347522789, 48.249887132286034 ], [ 8.573474820656699, 48.249778863194493 ], [ 8.563407396296036, 48.248987505050131 ], [ 8.561255589239767, 48.250421685540687 ], [ 8.559951946890248, 48.251071672663706 ], [ 8.560210460360169, 48.251228576606024 ], [ 8.558653319980912, 48.25276304616574 ], [ 8.557344534416837, 48.25334262867046 ], [ 8.555983736289116, 48.253733332135418 ], [ 8.556374431967104, 48.254261513820772 ], [ 8.555338719069818, 48.254663719697447 ], [ 8.554755538671849, 48.255327767306369 ], [ 8.553174174855645, 48.254970577538643 ], [ 8.55272915418483, 48.255592326792787 ], [ 8.553316812079595, 48.256768515494691 ], [ 8.55351246680226, 48.257847993251495 ], [ 8.553887104030363, 48.258844314700511 ], [ 8.554922486348696, 48.260571125840379 ], [ 8.555004604346578, 48.261743637623525 ], [ 8.556489125722655, 48.262714100211141 ], [ 8.558003741018441, 48.263420063131463 ], [ 8.563218154623296, 48.26391627806597 ], [ 8.568219484294167, 48.264718247404943 ], [ 8.572355563538963, 48.26468557032203 ], [ 8.574629441301942, 48.263871876492779 ], [ 8.578492294311909, 48.26225255147461 ], [ 8.582283129179533, 48.261372372079215 ], [ 8.585020862078697, 48.260825922149188 ], [ 8.588194993293932, 48.260575526019629 ], [ 8.59165421268213, 48.260982641681302 ], [ 8.595045327389107, 48.261865074262509 ], [ 8.599077719129914, 48.262343978539398 ], [ 8.601548236725952, 48.262980721895971 ], [ 8.601818769574935, 48.26317553996526 ], [ 8.602681550493532, 48.263381761878541 ], [ 8.602789862303901, 48.26333247373789 ], [ 8.604990872555092, 48.26372115968833 ], [ 8.605538227662228, 48.263228034815477 ], [ 8.607412781952, 48.26331578084325 ], [ 8.608948302088546, 48.263512734567875 ], [ 8.610829273525127, 48.264088522866111 ], [ 8.612140536124208, 48.263102225897633 ], [ 8.612676776045452, 48.262429543445009 ], [ 8.614195436567474, 48.261804242975153 ], [ 8.614000618167422, 48.260799996244451 ], [ 8.614066326619836, 48.260161353992672 ], [ 8.613714791252534, 48.259966022675286 ], [ 8.614335826562234, 48.258867798305069 ], [ 8.614165595179436, 48.257730481085432 ], [ 8.61355319271874, 48.256737156598994 ], [ 8.613878591870472, 48.255837939222147 ], [ 8.615216398043744, 48.255497396025753 ], [ 8.618500943361486, 48.256005413563578 ], [ 8.622590136720216, 48.255744594767613 ], [ 8.624443785625299, 48.255507749904297 ], [ 8.626762411724448, 48.253947515367329 ], [ 8.630154696744711, 48.25205286175823 ], [ 8.632361843880364, 48.249892967135082 ], [ 8.632377248139095, 48.249848752055058 ], [ 8.631686560533815, 48.249741459008497 ], [ 8.63073752318169, 48.249706656499946 ], [ 8.629913878851838, 48.249768155854348 ], [ 8.630113797992349, 48.249168711503287 ], [ 8.627439806497348, 48.24843592501805 ], [ 8.621175153372752, 48.247315595583117 ], [ 8.620294407872953, 48.246105227195599 ], [ 8.619917942252204, 48.244884913872077 ], [ 8.620050729506023, 48.244669698843133 ], [ 8.619548830319133, 48.243202096527412 ], [ 8.61935893031851, 48.242927874533528 ], [ 8.618850289602387, 48.24257207448187 ], [ 8.617602343190518, 48.242687228951723 ], [ 8.618027011425227, 48.242145591914849 ], [ 8.618148305833106, 48.241447840841325 ], [ 8.618857671126042, 48.240816997494719 ], [ 8.620453987371821, 48.240120614972774 ], [ 8.621304626994368, 48.239995214843134 ], [ 8.621676870610962, 48.240143898290114 ], [ 8.622320195872764, 48.240572193075792 ], [ 8.623893333277266, 48.241983104107142 ], [ 8.627049930093573, 48.244495313166809 ], [ 8.630146675004999, 48.244142023899578 ], [ 8.63118412311408, 48.243780534983337 ], [ 8.632150255934677, 48.243275579112428 ], [ 8.632443318373385, 48.242790327824963 ], [ 8.632431147328854, 48.242533969339974 ], [ 8.632045913804879, 48.242292971792693 ], [ 8.632068998395615, 48.242154134654207 ], [ 8.632442478367622, 48.242005172080745 ], [ 8.633045835465035, 48.242124327844451 ], [ 8.634198516707942, 48.242140326327323 ], [ 8.634574307629315, 48.241987495549218 ], [ 8.634843357690217, 48.24116271141861 ], [ 8.635196281875016, 48.240549798107793 ], [ 8.635636846015913, 48.240472112898082 ], [ 8.635948947095164, 48.240637473539508 ], [ 8.636193804215187, 48.240428352502299 ], [ 8.636513679998535, 48.23955352274799 ], [ 8.637229392630859, 48.23945600819534 ], [ 8.63728296103525, 48.239270392634431 ], [ 8.636792097749861, 48.238597769475263 ], [ 8.636597510671487, 48.23758654040693 ], [ 8.633558460421021, 48.236541989356873 ], [ 8.632665830963887, 48.236318178824014 ], [ 8.629746472043001, 48.235168646002187 ], [ 8.627280060138519, 48.235085373829584 ], [ 8.62744932065714, 48.236367971740165 ], [ 8.627778110070226, 48.237103358335489 ], [ 8.624223876602965, 48.237530123359008 ], [ 8.624338697692171, 48.237997884120219 ], [ 8.622465856580984, 48.237323195228214 ], [ 8.622020682444116, 48.237223217316618 ], [ 8.620834160017715, 48.237136629813456 ], [ 8.62087010660963, 48.237284026552473 ], [ 8.618641068128175, 48.238392892481187 ], [ 8.618259548119203, 48.238498328925083 ], [ 8.617120404695644, 48.237311367505036 ], [ 8.615340917219829, 48.237152391992588 ], [ 8.615338871639036, 48.237030028167524 ], [ 8.614329569510419, 48.235764390814332 ], [ 8.613835801347753, 48.235361114636525 ], [ 8.613223062755097, 48.235127296513653 ], [ 8.612319760379133, 48.23025228335478 ], [ 8.610883226477087, 48.227731821462292 ], [ 8.612576301716745, 48.226503260628142 ], [ 8.61059954157504, 48.224959739952283 ], [ 8.608771376381211, 48.224586282079599 ], [ 8.606672826577491, 48.224289873195097 ], [ 8.605240336693035, 48.223717351962684 ], [ 8.604172460112942, 48.223164782115646 ], [ 8.603743556277619, 48.223244996204407 ], [ 8.602837007201712, 48.223596614427009 ], [ 8.601900463390443, 48.222831521348532 ], [ 8.602418411908992, 48.222118962788407 ], [ 8.603651100094275, 48.221809678177912 ], [ 8.606368055139704, 48.22245625988009 ], [ 8.608429986779436, 48.222742203380292 ], [ 8.610140626694829, 48.223264436327042 ], [ 8.611290687664043, 48.223338505723 ], [ 8.612442093685958, 48.223270507745845 ], [ 8.612802885401802, 48.223097274241425 ], [ 8.613945591432465, 48.222430580876477 ], [ 8.614554687680711, 48.221784850495041 ], [ 8.615086357574395, 48.221066882744516 ], [ 8.615750220029298, 48.219665322789027 ], [ 8.614769410463328, 48.21904206671617 ], [ 8.613764195017723, 48.218194428325269 ], [ 8.614059945279013, 48.21619118915153 ], [ 8.612009849609816, 48.215206779049147 ], [ 8.611707517936718, 48.214242823135415 ], [ 8.611275166537359, 48.214096332539242 ], [ 8.611262189628203, 48.213712212125436 ], [ 8.610769211392105, 48.213644237251181 ], [ 8.610742120033372, 48.213915131373433 ], [ 8.609927618283384, 48.213891048226159 ], [ 8.610005082598169, 48.214893382742268 ], [ 8.610273481515346, 48.215553223753503 ], [ 8.610044752970188, 48.216848897188164 ], [ 8.609565238391934, 48.217449790102279 ], [ 8.60838068603236, 48.218208965676261 ], [ 8.607568719560808, 48.21839045293288 ], [ 8.606710150786034, 48.218486124875547 ], [ 8.604821211668998, 48.218521123379091 ], [ 8.603791113119076, 48.218338720433394 ], [ 8.602994143276247, 48.21798860214853 ], [ 8.60163284929453, 48.217741517830348 ], [ 8.600764002596788, 48.21761803600814 ], [ 8.599892710636809, 48.217705245782611 ], [ 8.598074059899121, 48.21695027289141 ], [ 8.597443611989315, 48.217003397958258 ] ] ] } },
{ "type": "Feature", "properties": { "Gemarkung": "Erdmannsweiler", "Schluessel": "086003", "Ebene": "Gemarkung" }, "geometry": { "type": "Polygon", "coordinates": [ [ [ 8.449235253097859, 48.137831583360295 ], [ 8.447177342549409, 48.13812049428072 ], [ 8.443339192357135, 48.139018494945383 ], [ 8.440762286057272, 48.138805171963305 ], [ 8.434300709888582, 48.137872408865171 ], [ 8.429931106500582, 48.137777223160661 ], [ 8.427853597249687, 48.137896906890361 ], [ 8.429649251002918, 48.138188608016989 ], [ 8.430691965636729, 48.13848834004088 ], [ 8.431663219288836, 48.138869941964806 ], [ 8.434075259549513, 48.139416626549703 ], [ 8.435194500744229, 48.141457256594535 ], [ 8.435429128991668, 48.142334718242338 ], [ 8.436417470155197, 48.143572069104863 ], [ 8.437236103915852, 48.144203621603239 ], [ 8.440665827577556, 48.146447032153127 ], [ 8.444126011506009, 48.147478500623798 ], [ 8.446419200397049, 48.147912787162255 ], [ 8.45072474133662, 48.14934498245173 ], [ 8.454981937052235, 48.150502378309838 ], [ 8.457438519005818, 48.151490264370729 ], [ 8.461042215749483, 48.153235990465433 ], [ 8.460088333434696, 48.154292078789837 ], [ 8.460305224894199, 48.154265476630847 ], [ 8.462388710162818, 48.154788068783354 ], [ 8.463616965355534, 48.154739735186901 ], [ 8.463486098792842, 48.154279018499267 ], [ 8.46389485035211, 48.154201752217716 ], [ 8.465335951589751, 48.153699055266969 ], [ 8.466728224472837, 48.152456021373816 ], [ 8.46927331221152, 48.150955047245375 ], [ 8.47183004421505, 48.148724053905646 ], [ 8.472895390600176, 48.147659291683745 ], [ 8.473589986739457, 48.146508340203837 ], [ 8.472970572910828, 48.145516011730052 ], [ 8.473234064453578, 48.144215533594569 ], [ 8.470781713705406, 48.144821102527423 ], [ 8.467886752899432, 48.14484057554187 ], [ 8.467853730264997, 48.143821512157118 ], [ 8.46757578765696, 48.142593753389782 ], [ 8.46831055347273, 48.140512638303427 ], [ 8.467073149422779, 48.140218373362778 ], [ 8.465941611356568, 48.139762550897473 ], [ 8.464579186062007, 48.139356025145354 ], [ 8.46262140202017, 48.140602061019244 ], [ 8.461183139037994, 48.140814764485533 ], [ 8.460186856924027, 48.14066775691559 ], [ 8.457433163690268, 48.140684480869226 ], [ 8.455096558940996, 48.141516356669712 ], [ 8.452803397759682, 48.140960243268971 ], [ 8.452406586074769, 48.140567793185703 ], [ 8.450539867929777, 48.139433358124855 ], [ 8.451387328975585, 48.138820301282315 ], [ 8.450846696200149, 48.138190447607897 ], [ 8.450100863375139, 48.137594788046201 ], [ 8.449235253097859, 48.137831583360295 ] ] ] } },
{ "type": "Feature", "properties": { "Gemarkung": "Fischbach", "Schluessel": "086031", "Ebene": "Gemarkung" }, "geometry": { "type": "Polygon", "coordinates": [ [ [ 8.498687817234888, 48.147902348059844 ], [ 8.498585255739872, 48.147693530350864 ], [ 8.496787614535213, 48.147215221426372 ], [ 8.495404819443927, 48.146606360509118 ], [ 8.493767147642702, 48.146094967638788 ], [ 8.492002108861238, 48.145796937072475 ], [ 8.486509168334717, 48.144383211905826 ], [ 8.478923153014193, 48.143784688603709 ], [ 8.477001641813242, 48.143846497691563 ], [ 8.473234064453578, 48.144215533594569 ], [ 8.472970572910828, 48.145516011730052 ], [ 8.473589986739457, 48.146508340203837 ], [ 8.472895390600176, 48.147659291683745 ], [ 8.47183004421505, 48.148724053905646 ], [ 8.46927331221152, 48.150955047245375 ], [ 8.466728224472837, 48.152456021373816 ], [ 8.465335951589751, 48.153699055266969 ], [ 8.46389485035211, 48.154201752217716 ], [ 8.463486098792842, 48.154279018499267 ], [ 8.463616965355534, 48.154739735186901 ], [ 8.462388710162818, 48.154788068783354 ], [ 8.460305224894199, 48.154265476630847 ], [ 8.459891776084612, 48.154315717115153 ], [ 8.458907007834066, 48.153982695413561 ], [ 8.45838591104709, 48.153925809357617 ], [ 8.457466711547928, 48.155435397452344 ], [ 8.456093195012278, 48.15827168337227 ], [ 8.457576629608596, 48.160684935707664 ], [ 8.460112903180098, 48.160998365137473 ], [ 8.463367889773846, 48.16184960653711 ], [ 8.468183140987964, 48.164387179869273 ], [ 8.470954431634526, 48.165070782347669 ], [ 8.476108613999097, 48.166762516775727 ], [ 8.481139669403255, 48.168934081286629 ], [ 8.487559187633895, 48.16824609086801 ], [ 8.489494439125815, 48.168313272173123 ], [ 8.492901584807935, 48.168273921794388 ], [ 8.495622533331099, 48.167781883395115 ], [ 8.500889287295962, 48.167173465843227 ], [ 8.506431458749471, 48.167128659891425 ], [ 8.512111250464685, 48.167632085760424 ], [ 8.517630628936598, 48.166751995159217 ], [ 8.517725244959731, 48.166041722280532 ], [ 8.518273388173993, 48.164752776822738 ], [ 8.518371704919904, 48.163688937996426 ], [ 8.519083715751709, 48.162330318400556 ], [ 8.519668029068921, 48.160673720770909 ], [ 8.521079060546018, 48.158421458908677 ], [ 8.522379984449296, 48.156646460851015 ], [ 8.522833445484768, 48.154727219874871 ], [ 8.523417302104988, 48.154404131526093 ], [ 8.523821028529559, 48.154337157835549 ], [ 8.525342712814739, 48.153810290805168 ], [ 8.525927589540787, 48.153461192617023 ], [ 8.52631120024332, 48.152773785452091 ], [ 8.526424269071672, 48.151970910943419 ], [ 8.526782226920094, 48.151395588717151 ], [ 8.528894864524618, 48.150262999848778 ], [ 8.524781825907995, 48.148531602581976 ], [ 8.520366555994176, 48.145806788332116 ], [ 8.518836281391055, 48.144554218836511 ], [ 8.517434578657911, 48.143819765691823 ], [ 8.51672290636224, 48.142544690174411 ], [ 8.515229727114379, 48.141626466300956 ], [ 8.51367847404866, 48.141724638144076 ], [ 8.513410507273187, 48.141659535338725 ], [ 8.509491078630528, 48.142081839007922 ], [ 8.507626267107581, 48.142564831767089 ], [ 8.506820745387758, 48.142918918926306 ], [ 8.506366401788584, 48.143224755810756 ], [ 8.505694389494753, 48.144176808981548 ], [ 8.505822771795684, 48.144218837191495 ], [ 8.50482598233441, 48.145096882544408 ], [ 8.504231923106168, 48.145836123917142 ], [ 8.503951375830061, 48.146015303211172 ], [ 8.503232847175006, 48.146429570495613 ], [ 8.503085945511986, 48.14631413384992 ], [ 8.502141358330679, 48.146803711259196 ], [ 8.500604241827956, 48.147421524205605 ], [ 8.49992742489292, 48.148118007674938 ], [ 8.499341674011207, 48.147840149776378 ], [ 8.498687817234888, 48.147902348059844 ] ] ] } },
{ "type": "Feature", "properties": { "Gemarkung": "Fluorn", "Schluessel": "085800", "Ebene": "Gemarkung" }, "geometry": { "type": "Polygon", "coordinates": [ [ [ 8.490028257514716, 48.294212705872368 ], [ 8.490186455473168, 48.293476572163307 ], [ 8.489453968905696, 48.293381015971939 ], [ 8.489455753402833, 48.29318849309184 ], [ 8.489061008982455, 48.293159839710555 ], [ 8.489130022401445, 48.293093840124079 ], [ 8.488886990303532, 48.292966985495134 ], [ 8.488731057382894, 48.293069395341035 ], [ 8.488856603709495, 48.292877602517144 ], [ 8.488556291157801, 48.292762548255617 ], [ 8.48833085877679, 48.292993032339353 ], [ 8.488036745954981, 48.293781819478433 ], [ 8.488014881187665, 48.294660706105006 ], [ 8.486040882031734, 48.294593962231005 ], [ 8.485543083015905, 48.294824122963711 ], [ 8.483449248538481, 48.294620857371143 ], [ 8.48323986466132, 48.294179794963341 ], [ 8.481941810907307, 48.294095503305591 ], [ 8.481260077715453, 48.293781772009638 ], [ 8.480757275211703, 48.293679638898922 ], [ 8.47996030105495, 48.293921559666529 ], [ 8.478865200060808, 48.29392703886284 ], [ 8.477282080357634, 48.293637355819442 ], [ 8.474697625203984, 48.293323558639216 ], [ 8.474607178047828, 48.293715944390101 ], [ 8.473622112203653, 48.293575678796721 ], [ 8.472777712388202, 48.293575589579163 ], [ 8.47214423812534, 48.293765754469625 ], [ 8.471692705066898, 48.2940931428017 ], [ 8.471401379484375, 48.293724376149491 ], [ 8.470499864838064, 48.294136419549687 ], [ 8.469973700343024, 48.294287120841283 ], [ 8.468678927110552, 48.294564184726681 ], [ 8.467422485272275, 48.294719325408977 ], [ 8.46190081000903, 48.29460212582719 ], [ 8.458614149367071, 48.294206497624259 ], [ 8.457674029346865, 48.294204857237162 ], [ 8.456385489309403, 48.29426966833136 ], [ 8.453447355032369, 48.294940666943063 ], [ 8.449843675974966, 48.295080028382628 ], [ 8.448285338952115, 48.295818215539597 ], [ 8.446832111413894, 48.296333047534404 ], [ 8.444159017180679, 48.297097120266187 ], [ 8.443991769203784, 48.298331477977719 ], [ 8.444386871932165, 48.298924924757706 ], [ 8.444466495336227, 48.29920438904152 ], [ 8.444231845948392, 48.299617106526711 ], [ 8.444670951843261, 48.300518364138618 ], [ 8.4465394479863, 48.302278050775797 ], [ 8.449862418641157, 48.304981145100712 ], [ 8.449870865828068, 48.305412309977577 ], [ 8.450422813158285, 48.305413599230725 ], [ 8.45282451123694, 48.307236636510872 ], [ 8.452810693918201, 48.307482092096357 ], [ 8.453258575113063, 48.307556915817152 ], [ 8.455983021493013, 48.30960040087367 ], [ 8.457896165341447, 48.311554620294245 ], [ 8.458744107584174, 48.312586851462335 ], [ 8.461491164994563, 48.313476208556956 ], [ 8.464610148018718, 48.313981631496908 ], [ 8.46850880788957, 48.314498492402585 ], [ 8.468399452553816, 48.314781114320269 ], [ 8.47085510709733, 48.314764458139017 ], [ 8.470868185242246, 48.314621470201757 ], [ 8.472601233013137, 48.314740629643666 ], [ 8.4723276891468, 48.31568322248085 ], [ 8.472822713410963, 48.315643207819839 ], [ 8.472872308344357, 48.31520205532567 ], [ 8.475801812216984, 48.31502786213094 ], [ 8.475923250088959, 48.314641465955141 ], [ 8.478945281086173, 48.315006158817752 ], [ 8.482789346264051, 48.315968795835083 ], [ 8.483238653604637, 48.315967486610866 ], [ 8.483030586616891, 48.315467862718315 ], [ 8.485308834168103, 48.314787221085027 ], [ 8.48622370576788, 48.315057524753307 ], [ 8.487674667283043, 48.315119416852326 ], [ 8.488947454304512, 48.315086843118536 ], [ 8.490205673913209, 48.314959365174026 ], [ 8.490651901205222, 48.315009114785475 ], [ 8.492187224333978, 48.314711814089414 ], [ 8.494208235014376, 48.314441010901156 ], [ 8.493891728953582, 48.313535446905455 ], [ 8.493355669835742, 48.312533459601504 ], [ 8.493686821672469, 48.310607456856118 ], [ 8.493552334423065, 48.310173671756701 ], [ 8.501282147142208, 48.3114167003029 ], [ 8.505687377338388, 48.311728921012971 ], [ 8.506363401040353, 48.311681982515623 ], [ 8.506371159760574, 48.310961467256128 ], [ 8.506162910172225, 48.309620779173038 ], [ 8.506268413260415, 48.309644803575921 ], [ 8.506630590624978, 48.309260577600014 ], [ 8.507238436542771, 48.308152895789505 ], [ 8.506223859397101, 48.308000188247227 ], [ 8.506870731031427, 48.307516419805388 ], [ 8.507255818775395, 48.306949656096805 ], [ 8.506768095069111, 48.306887377335585 ], [ 8.507413135736474, 48.306031312669809 ], [ 8.506892961590674, 48.305922742138286 ], [ 8.507098979375712, 48.305464971208984 ], [ 8.508285205090592, 48.305741390610372 ], [ 8.508554614958229, 48.305112590051344 ], [ 8.507082503252763, 48.304767203004552 ], [ 8.508019750889227, 48.304652998778884 ], [ 8.508568542824214, 48.304448419841442 ], [ 8.509002475438534, 48.303297789880709 ], [ 8.509504482303672, 48.303020133045585 ], [ 8.508201977733597, 48.302739720149951 ], [ 8.506766237174046, 48.302041631843998 ], [ 8.507028087136607, 48.301819725070892 ], [ 8.505121258478187, 48.300799401480717 ], [ 8.504068902944141, 48.300414125910443 ], [ 8.504310861539071, 48.299893357297627 ], [ 8.502927938457844, 48.299560176683563 ], [ 8.502994894061096, 48.299427404044629 ], [ 8.50225286775431, 48.299275568656434 ], [ 8.502006291143134, 48.298758177440902 ], [ 8.500191058928962, 48.298432087844077 ], [ 8.500119009842734, 48.298588768112772 ], [ 8.499471921301582, 48.298465307256755 ], [ 8.500038299252614, 48.297105391747429 ], [ 8.499564219855909, 48.297037113723732 ], [ 8.499342552441577, 48.297561379740344 ], [ 8.497434057965974, 48.297333175053772 ], [ 8.496760779673384, 48.29716037217635 ], [ 8.49729194757221, 48.296151639277575 ], [ 8.498208898772234, 48.295301671093654 ], [ 8.497930156421644, 48.295128256547464 ], [ 8.498290269709511, 48.29499181773572 ], [ 8.49822346628536, 48.294929538599654 ], [ 8.497495207399126, 48.295237646890357 ], [ 8.497151827978032, 48.295468262506162 ], [ 8.496911241246019, 48.295446157916174 ], [ 8.497356135563278, 48.295134296133462 ], [ 8.49712121542477, 48.294974656247419 ], [ 8.496477992577212, 48.295436974526474 ], [ 8.496416963578637, 48.295349798594536 ], [ 8.496255066341638, 48.295497356222057 ], [ 8.495189216214772, 48.295486654933114 ], [ 8.495182857617699, 48.295694002385638 ], [ 8.49419292429757, 48.295586550009453 ], [ 8.4941786166541, 48.295465300696378 ], [ 8.494291648538082, 48.295419734348499 ], [ 8.494000357882763, 48.2953849851706 ], [ 8.492347206051154, 48.295441486967817 ], [ 8.492140648207423, 48.294979310981269 ], [ 8.491979791579737, 48.294884944238042 ], [ 8.492467028208068, 48.294166814536375 ], [ 8.492454404190322, 48.294025779522279 ], [ 8.491764325986736, 48.293908023268656 ], [ 8.491775202514985, 48.293776628593641 ], [ 8.491114055389477, 48.293651438990466 ], [ 8.490936436163167, 48.294077549432785 ], [ 8.490803207871835, 48.29409324378333 ], [ 8.490661472550592, 48.294313576703765 ], [ 8.490028257514716, 48.294212705872368 ] ] ] } },
{ "type": "Feature", "properties": { "Gemarkung": "Flözlingen", "Schluessel": "085921", "Ebene": "Gemarkung" }, "geometry": { "type": "Polygon", "coordinates": [ [ [ 8.525927589540787, 48.153461192617023 ], [ 8.525342712814739, 48.153810290805168 ], [ 8.523821028529559, 48.154337157835549 ], [ 8.523417302104988, 48.154404131526093 ], [ 8.522833445484768, 48.154727219874871 ], [ 8.522379984449296, 48.156646460851015 ], [ 8.521079060546018, 48.158421458908677 ], [ 8.519668029068921, 48.160673720770909 ], [ 8.519083715751709, 48.162330318400556 ], [ 8.518371704919904, 48.163688937996426 ], [ 8.518273388173993, 48.164752776822738 ], [ 8.517725244959731, 48.166041722280532 ], [ 8.517630628936598, 48.166751995159217 ], [ 8.512111250464685, 48.167632085760424 ], [ 8.506431458749471, 48.167128659891425 ], [ 8.500889287295962, 48.167173465843227 ], [ 8.495622533331099, 48.167781883395115 ], [ 8.492901584807935, 48.168273921794388 ], [ 8.489494439125815, 48.168313272173123 ], [ 8.487559187633895, 48.16824609086801 ], [ 8.481139669403255, 48.168934081286629 ], [ 8.479021416503835, 48.17032154839174 ], [ 8.478715024609203, 48.172206011804207 ], [ 8.478143910541077, 48.17464555396667 ], [ 8.484763532234686, 48.175178704670707 ], [ 8.490707037484356, 48.17530937574341 ], [ 8.494727229456316, 48.176158794878077 ], [ 8.496802295698515, 48.176375636654377 ], [ 8.49730326195653, 48.176675447541108 ], [ 8.497652158058406, 48.176624520564616 ], [ 8.497826690837067, 48.176755648913733 ], [ 8.498570856050856, 48.176395240814912 ], [ 8.498706617443592, 48.176543472840535 ], [ 8.504012731555022, 48.175946150245785 ], [ 8.51224189779078, 48.174235594669234 ], [ 8.515427169576038, 48.174028820894733 ], [ 8.5165162738136, 48.174431791680398 ], [ 8.516741690715259, 48.173990539557018 ], [ 8.517274024140551, 48.174010860136136 ], [ 8.517283766154804, 48.173918772294016 ], [ 8.521788185286955, 48.174154246010019 ], [ 8.522721437281239, 48.174224522136434 ], [ 8.522712248652056, 48.174287012768104 ], [ 8.525921990329163, 48.174500297187052 ], [ 8.526536368251069, 48.17447853757983 ], [ 8.526422173541544, 48.17497460862478 ], [ 8.527392788351095, 48.175123813959004 ], [ 8.527401229547646, 48.17468830652934 ], [ 8.529210922123525, 48.1745001388405 ], [ 8.529136599771642, 48.174199516362876 ], [ 8.529529348283232, 48.174157759184311 ], [ 8.529369453223378, 48.173889085617446 ], [ 8.529451926008514, 48.173784158966626 ], [ 8.529649527284082, 48.173871608267945 ], [ 8.530121418973657, 48.174383305137788 ], [ 8.530552713678441, 48.174082769907997 ], [ 8.530989937686028, 48.174532692524117 ], [ 8.531374277067492, 48.174410102160913 ], [ 8.531472043814794, 48.174102535226034 ], [ 8.531868769292091, 48.17383046443679 ], [ 8.531785065591292, 48.173746092046827 ], [ 8.532275505318546, 48.173137555806562 ], [ 8.532101288071912, 48.17288952070512 ], [ 8.532778716980552, 48.17238034977067 ], [ 8.532627532963019, 48.172276720113842 ], [ 8.532958627047629, 48.172075724433746 ], [ 8.533019768042621, 48.172126625655643 ], [ 8.534571092830593, 48.170988145469856 ], [ 8.535102471206626, 48.17070968087954 ], [ 8.536247001604368, 48.170359914156165 ], [ 8.53709576755687, 48.169918795901019 ], [ 8.537946596929199, 48.170444132212928 ], [ 8.538780750741321, 48.169921160505673 ], [ 8.53888022567056, 48.169987237339235 ], [ 8.54048192286446, 48.169391125512455 ], [ 8.541091493803179, 48.169991048266596 ], [ 8.542623772899464, 48.169772141553693 ], [ 8.542463946630425, 48.169429081521692 ], [ 8.542639290838807, 48.169388303366198 ], [ 8.542705349638506, 48.169537285797347 ], [ 8.5438041681215, 48.169267784676194 ], [ 8.544866696148734, 48.169708708616803 ], [ 8.544881146414449, 48.169808452049466 ], [ 8.549269462782636, 48.170219989255934 ], [ 8.551610595309784, 48.170247588990463 ], [ 8.55346134903421, 48.170398474674521 ], [ 8.553923741875867, 48.170292126644547 ], [ 8.554788144599362, 48.170233308889678 ], [ 8.555719575517449, 48.170013068541479 ], [ 8.555290041967588, 48.170488695738314 ], [ 8.556279168506514, 48.170970885871583 ], [ 8.556375835385387, 48.170866354564446 ], [ 8.557958830533082, 48.171612091893991 ], [ 8.558316431620511, 48.171585845863142 ], [ 8.558715600201955, 48.171041534159684 ], [ 8.560364874279452, 48.169545363390895 ], [ 8.564007093674919, 48.169686722442407 ], [ 8.564514730313068, 48.169777356649647 ], [ 8.564748652528021, 48.16967855643167 ], [ 8.564714781226074, 48.169501098314079 ], [ 8.563601727137664, 48.169542672542285 ], [ 8.561042540465589, 48.169395904742032 ], [ 8.558642631897659, 48.169356665355352 ], [ 8.557255165409547, 48.169542964734745 ], [ 8.556795133523632, 48.169127152286109 ], [ 8.556666464356585, 48.168763089326561 ], [ 8.556832938665661, 48.168282844202878 ], [ 8.557131952328204, 48.168326012376816 ], [ 8.557671119354598, 48.167593577196484 ], [ 8.558087552086587, 48.167228553060369 ], [ 8.557281671540776, 48.166838403127585 ], [ 8.557629018638224, 48.166374237974217 ], [ 8.556909265532859, 48.166135835542534 ], [ 8.555106708756572, 48.165715822844554 ], [ 8.555188118744899, 48.165586221856834 ], [ 8.555563864196271, 48.165696718368643 ], [ 8.556190125488387, 48.164735923859965 ], [ 8.557549722175244, 48.165085928591814 ], [ 8.558908904206262, 48.16569034952677 ], [ 8.559254368907974, 48.165443268714874 ], [ 8.559177813708184, 48.165352825652946 ], [ 8.560030663776212, 48.165061892682616 ], [ 8.560453317102297, 48.163586659051767 ], [ 8.557423818984716, 48.162618747730797 ], [ 8.555730051371354, 48.161948238017004 ], [ 8.551399722518564, 48.161978653656 ], [ 8.547806418446264, 48.16097382824838 ], [ 8.54555608589887, 48.158859393394835 ], [ 8.544931957012194, 48.158576488644208 ], [ 8.54419143719039, 48.158773467163769 ], [ 8.544039775575616, 48.158543532924405 ], [ 8.544029368414334, 48.158230846966184 ], [ 8.544276764873418, 48.157808610643073 ], [ 8.543917657629217, 48.157908582166691 ], [ 8.543054212945695, 48.157866285984845 ], [ 8.542830797832444, 48.157767600544034 ], [ 8.542388175399775, 48.157838264851222 ], [ 8.542323088676845, 48.157657346548163 ], [ 8.542405398086572, 48.157247322417739 ], [ 8.541986437649207, 48.156019636375696 ], [ 8.541678778450724, 48.154541016897404 ], [ 8.538489592655781, 48.153591490913108 ], [ 8.533603002904531, 48.152676117386825 ], [ 8.531129706296698, 48.151541342364247 ], [ 8.528894864524618, 48.150262999848778 ], [ 8.526782226920094, 48.151395588717151 ], [ 8.526424269071672, 48.151970910943419 ], [ 8.52631120024332, 48.152773785452091 ], [ 8.525927589540787, 48.153461192617023 ] ] ] } },
{ "type": "Feature", "properties": { "Gemarkung": "Fürnsal", "Schluessel": "085773", "Ebene": "Gemarkung" }, "geometry": { "type": "Polygon", "coordinates": [ [ [ 8.532472032430087, 48.381936180109882 ], [ 8.531604842806409, 48.379447335595536 ], [ 8.531927200512722, 48.377503576800642 ], [ 8.531884346256581, 48.37693400579505 ], [ 8.53215221388445, 48.376527728015134 ], [ 8.532164572695679, 48.376048437807803 ], [ 8.532442614527245, 48.375857580017218 ], [ 8.53217369370214, 48.375568774528077 ], [ 8.531469327416026, 48.375303656325158 ], [ 8.529703855672325, 48.375212334346159 ], [ 8.529677123596093, 48.374947814033753 ], [ 8.528014671384975, 48.37487434069039 ], [ 8.526843843228079, 48.374996113972237 ], [ 8.526054267473112, 48.37424020555909 ], [ 8.526398513636964, 48.374075905195781 ], [ 8.526308410516132, 48.373540954183092 ], [ 8.525875195853009, 48.373601696260778 ], [ 8.526507712736722, 48.372857400518598 ], [ 8.527282587594748, 48.37234067141295 ], [ 8.527355888020468, 48.372124153617357 ], [ 8.52671146246154, 48.372028479064014 ], [ 8.526673171993149, 48.371512274365003 ], [ 8.526436361151688, 48.371450752437305 ], [ 8.524885472717424, 48.373273644320477 ], [ 8.524125871294469, 48.373103617216053 ], [ 8.524040981921123, 48.372663960270302 ], [ 8.524259449113883, 48.371708881145196 ], [ 8.524493804929866, 48.371801885640224 ], [ 8.525170052234603, 48.371248146651595 ], [ 8.525071407493838, 48.370820489053152 ], [ 8.524986599423547, 48.370589375096671 ], [ 8.522687113147386, 48.368405639078048 ], [ 8.522692635682779, 48.368320373804401 ], [ 8.524709767989085, 48.366732630257587 ], [ 8.524362198202084, 48.366881617699242 ], [ 8.523272854016209, 48.366291426997222 ], [ 8.521151588938976, 48.364653593857241 ], [ 8.518256942419722, 48.363337444118905 ], [ 8.517492395893672, 48.362836994956474 ], [ 8.516317364780981, 48.363543246030822 ], [ 8.514280755329537, 48.364112430226498 ], [ 8.513989358852859, 48.364117227299658 ], [ 8.513919582182687, 48.364214096337314 ], [ 8.511710159188539, 48.364834055504005 ], [ 8.511324507549084, 48.364430897406642 ], [ 8.509141730678303, 48.365406827958971 ], [ 8.509659909912635, 48.365674169041746 ], [ 8.509896713055186, 48.365689392825246 ], [ 8.50970731406214, 48.365785209812437 ], [ 8.509470806193951, 48.365598600709482 ], [ 8.509138470074783, 48.366181695531104 ], [ 8.50792530979966, 48.367378105250616 ], [ 8.508098518764358, 48.367576412375605 ], [ 8.507208247675639, 48.368159723501599 ], [ 8.50656874673386, 48.368457830261917 ], [ 8.505604587664575, 48.368761915957883 ], [ 8.505251499816213, 48.36766127765901 ], [ 8.504475257878223, 48.367802242998536 ], [ 8.504797900746944, 48.368420532372234 ], [ 8.504143535746866, 48.36859287851739 ], [ 8.504552331473731, 48.369878551062371 ], [ 8.503834774329242, 48.37002111427109 ], [ 8.503575607150006, 48.370679540206261 ], [ 8.504777864476077, 48.371531395788686 ], [ 8.506115738033172, 48.372285037807238 ], [ 8.504033690200115, 48.373147135521037 ], [ 8.504057917146596, 48.373322134632303 ], [ 8.503843757755565, 48.373349460675321 ], [ 8.503760082863309, 48.373553143556286 ], [ 8.503890591631375, 48.373991212956433 ], [ 8.5042725314494, 48.373971267419684 ], [ 8.5044998189205, 48.374929218892433 ], [ 8.50310618962958, 48.375210290821876 ], [ 8.501384586294236, 48.376011459871329 ], [ 8.499819468214772, 48.376506858158159 ], [ 8.499074159635915, 48.377650326425993 ], [ 8.499908972537334, 48.378288490737397 ], [ 8.500177084233627, 48.378642773655386 ], [ 8.500964886883807, 48.380860444053738 ], [ 8.500820900152386, 48.381180099359142 ], [ 8.500197667683489, 48.381810036395798 ], [ 8.49967475535499, 48.383185416844618 ], [ 8.499446416805364, 48.383511091061884 ], [ 8.500762750717925, 48.383756660531681 ], [ 8.500439453048372, 48.386057402747227 ], [ 8.500388791536762, 48.387452288456352 ], [ 8.500643902032303, 48.387442510074315 ], [ 8.501294590342043, 48.38761716777789 ], [ 8.501955582726657, 48.387649899778367 ], [ 8.502800190707855, 48.387566375632211 ], [ 8.503838222384081, 48.387788125104393 ], [ 8.504234260117977, 48.387801437961365 ], [ 8.505057980260274, 48.387740658641214 ], [ 8.506028997446696, 48.387463237634783 ], [ 8.506954470031417, 48.387425103206034 ], [ 8.507890883146883, 48.387246750872862 ], [ 8.508320271425923, 48.387232932563222 ], [ 8.509992666560837, 48.38743529401178 ], [ 8.510899746839714, 48.387370959327924 ], [ 8.51173166187529, 48.387412098732653 ], [ 8.512611263375833, 48.387325412295169 ], [ 8.513539856342621, 48.387455114968617 ], [ 8.514665848566368, 48.387280747708424 ], [ 8.516400189264006, 48.387320348576367 ], [ 8.517192927021856, 48.387219767046602 ], [ 8.517799803097876, 48.387219433227138 ], [ 8.517811502610254, 48.38726779408551 ], [ 8.518154009093456, 48.387185470540658 ], [ 8.518857710298619, 48.387172941347586 ], [ 8.520584880948125, 48.387472541282733 ], [ 8.520474456050016, 48.387537666418694 ], [ 8.520758696900131, 48.38758986155235 ], [ 8.520991311562655, 48.387731537298748 ], [ 8.521316231777156, 48.38806954289678 ], [ 8.521258373406091, 48.389025012342962 ], [ 8.520362755808561, 48.389434586511506 ], [ 8.519847543510716, 48.390055182961156 ], [ 8.518042698810355, 48.390891608696826 ], [ 8.518031273215959, 48.39134337055593 ], [ 8.517768464544572, 48.391680091997522 ], [ 8.518399621642244, 48.392447627244977 ], [ 8.518909225987356, 48.393515407245481 ], [ 8.519356491936859, 48.394018297495087 ], [ 8.520987007407882, 48.395227763327746 ], [ 8.521839650123054, 48.39511858253438 ], [ 8.524237028266741, 48.395418391275342 ], [ 8.524289443977848, 48.395259008288342 ], [ 8.524590367898529, 48.395091565801401 ], [ 8.524699907640011, 48.394731074675853 ], [ 8.524585884355822, 48.394702804084282 ], [ 8.525621016431991, 48.392878966674424 ], [ 8.527587141205505, 48.390914100462361 ], [ 8.528504487600427, 48.391204945179197 ], [ 8.529313212420556, 48.391308208811317 ], [ 8.530788589422732, 48.391291743576787 ], [ 8.531114866601373, 48.39113869194528 ], [ 8.53165243450476, 48.390806117689579 ], [ 8.531722761361824, 48.390620174161576 ], [ 8.53179772038767, 48.39013538209943 ], [ 8.531492577602886, 48.389414411193037 ], [ 8.532110049422036, 48.389159890777634 ], [ 8.532568560792527, 48.389329901139106 ], [ 8.53304920535288, 48.389325195369437 ], [ 8.533540703949432, 48.389256115871135 ], [ 8.533857234459882, 48.38908826246972 ], [ 8.534450884783165, 48.388644794118314 ], [ 8.535071963771665, 48.387813679559883 ], [ 8.535873891313122, 48.387026025149076 ], [ 8.537183160682948, 48.385949726439534 ], [ 8.537396909246187, 48.385509572022535 ], [ 8.53717716378622, 48.384436201657827 ], [ 8.536947702767968, 48.384226466882673 ], [ 8.535600545882263, 48.383651910981953 ], [ 8.534690826135808, 48.38300893558759 ], [ 8.533082516882139, 48.382420428364469 ], [ 8.532472032430087, 48.381936180109882 ] ] ] } },
{ "type": "Feature", "properties": { "Gemarkung": "Glatt", "Schluessel": "085744", "Ebene": "Gemarkung" }, "geometry": { "type": "Polygon", "coordinates": [ [ [ 8.602531325029181, 48.374078030493223 ], [ 8.595352837084045, 48.369883608591834 ], [ 8.594969285598419, 48.370711118498882 ], [ 8.595230351297227, 48.37339555157326 ], [ 8.595083264461881, 48.373944907743798 ], [ 8.596275722678831, 48.374855238525626 ], [ 8.597184005328275, 48.375315180847728 ], [ 8.597013983292959, 48.375521507745965 ], [ 8.599459227408303, 48.37657851315744 ], [ 8.59832406426877, 48.377951398151914 ], [ 8.599588417651404, 48.378271946668576 ], [ 8.601142337243965, 48.378850788752686 ], [ 8.601757865768766, 48.37923455751455 ], [ 8.601680370583404, 48.379318137701787 ], [ 8.602721234109632, 48.380163999742891 ], [ 8.600988874959267, 48.38412730976561 ], [ 8.600254909275115, 48.385408307975602 ], [ 8.601362019763286, 48.385186514361891 ], [ 8.601687427549329, 48.385285794366702 ], [ 8.602626492900031, 48.38622846716531 ], [ 8.602041835139337, 48.38694950348075 ], [ 8.602005488157435, 48.386881903223689 ], [ 8.600472095094057, 48.386478219006584 ], [ 8.599777531972505, 48.386414448154923 ], [ 8.59925057988689, 48.386782104461069 ], [ 8.598285034959872, 48.387185563708272 ], [ 8.597831948606919, 48.387501740892162 ], [ 8.597862917636961, 48.387599822153256 ], [ 8.597233364022051, 48.38790602356859 ], [ 8.596935357656669, 48.388440907583202 ], [ 8.596674697913963, 48.38953074209666 ], [ 8.596369941860852, 48.390251020766122 ], [ 8.596885598192934, 48.390482691725296 ], [ 8.596736513066862, 48.391058581364398 ], [ 8.595592417301534, 48.392894819586012 ], [ 8.59575481281045, 48.393386514399985 ], [ 8.596478082031892, 48.393743519118097 ], [ 8.597477189370009, 48.394000722755315 ], [ 8.599588547506682, 48.394750668676025 ], [ 8.602855921661952, 48.395591568767919 ], [ 8.604615595447223, 48.396695662903184 ], [ 8.605081677588455, 48.396555747261836 ], [ 8.605874217236854, 48.396459142460259 ], [ 8.606001185986614, 48.396321839541926 ], [ 8.606520622148189, 48.396602511347595 ], [ 8.607535760476395, 48.396071491141875 ], [ 8.608176738170576, 48.396094727761039 ], [ 8.610515993122355, 48.396612416877737 ], [ 8.612341391606092, 48.396738326146767 ], [ 8.612520763849828, 48.396351537288865 ], [ 8.613408366088347, 48.396793376571495 ], [ 8.613676057575702, 48.396606157053604 ], [ 8.615737982256659, 48.397687344157781 ], [ 8.616443311773207, 48.396863091260371 ], [ 8.619916327665662, 48.398137197219242 ], [ 8.62052564037181, 48.398425929530696 ], [ 8.620604885106228, 48.398597395845492 ], [ 8.6216904943476, 48.398751213342599 ], [ 8.622764634141086, 48.399068450890738 ], [ 8.624438479418837, 48.39935291061677 ], [ 8.624764020797649, 48.399470748373943 ], [ 8.624834588139738, 48.399501566866086 ], [ 8.624507590266932, 48.400242448223828 ], [ 8.626326911709677, 48.400630185953354 ], [ 8.626206493259552, 48.400948993452246 ], [ 8.630308698072525, 48.401626464405531 ], [ 8.630419018887125, 48.401411350777643 ], [ 8.632771029945474, 48.401667277026846 ], [ 8.633415827922011, 48.401677879911063 ], [ 8.634966658462334, 48.40146293406724 ], [ 8.63577319801265, 48.401489780768351 ], [ 8.638158571434115, 48.401789425827772 ], [ 8.638043848759629, 48.402001024329344 ], [ 8.638740727095463, 48.402079775303626 ], [ 8.638757490299451, 48.402211987632356 ], [ 8.639670771284258, 48.402316692552823 ], [ 8.639856131778711, 48.402318262507698 ], [ 8.639938913492612, 48.402209213194595 ], [ 8.640189429612265, 48.401593101646604 ], [ 8.64051718895935, 48.401192428975065 ], [ 8.642717764719697, 48.399541123859237 ], [ 8.643194072287988, 48.398488022769818 ], [ 8.643477104036624, 48.398217833129671 ], [ 8.644777536345439, 48.39756330552229 ], [ 8.645904982375093, 48.396874133874675 ], [ 8.647346868354854, 48.396482352742794 ], [ 8.647829854390523, 48.396166072736463 ], [ 8.648328635861104, 48.395634820593827 ], [ 8.648695936425135, 48.395382148987537 ], [ 8.649894997708115, 48.395049781349471 ], [ 8.651527549819955, 48.395231520304257 ], [ 8.652759918063825, 48.394845244172139 ], [ 8.654290087265542, 48.394646259265713 ], [ 8.655346534133606, 48.394780059112335 ], [ 8.656467102755315, 48.395041972159788 ], [ 8.657048996300782, 48.393887916703648 ], [ 8.656606517236158, 48.393094627373657 ], [ 8.656015602682723, 48.392440429639002 ], [ 8.65273913763397, 48.392241209123377 ], [ 8.647323542959736, 48.391471721757142 ], [ 8.643406189821004, 48.390019202831901 ], [ 8.638805459874503, 48.388011655746666 ], [ 8.637296148964525, 48.385237754042734 ], [ 8.6341333468124, 48.383011066441675 ], [ 8.631498780935321, 48.380049521427729 ], [ 8.627933736630014, 48.377800679704109 ], [ 8.625870562307895, 48.377738209923457 ], [ 8.624705913763664, 48.377887449120912 ], [ 8.624016039434713, 48.378115689941957 ], [ 8.620960831749867, 48.380196477931257 ], [ 8.619787184953699, 48.381671468253501 ], [ 8.618367486197245, 48.382429140465064 ], [ 8.617991235164045, 48.382372292755527 ], [ 8.615564362423394, 48.381819014559355 ], [ 8.614407943038747, 48.381273638629224 ], [ 8.611348037997811, 48.379175948429449 ], [ 8.608045849828434, 48.37751746530374 ], [ 8.604676128181749, 48.375574361495573 ], [ 8.602531325029181, 48.374078030493223 ] ] ] } },
{ "type": "Feature", "properties": { "Gemarkung": "Göllsdorf", "Schluessel": "085932", "Ebene": "Gemarkung" }, "geometry": { "type": "Polygon", "coordinates": [ [ [ 8.65402189215334, 48.154462089101017 ], [ 8.652736567570793, 48.155025381580629 ], [ 8.652904747691364, 48.155249014192094 ], [ 8.652638695870744, 48.155341868852808 ], [ 8.651760218195067, 48.154275589912444 ], [ 8.650709677221123, 48.153624890886192 ], [ 8.650332736004305, 48.154267027689073 ], [ 8.650025593631801, 48.154391600556551 ], [ 8.649264893257527, 48.154559684366802 ], [ 8.649172845160091, 48.154413382755514 ], [ 8.647631221899438, 48.154775383314217 ], [ 8.647829426827617, 48.154930828473596 ], [ 8.64763769384381, 48.155008424471582 ], [ 8.647807132565001, 48.155319968727177 ], [ 8.647682505426538, 48.155572671315163 ], [ 8.647309444698676, 48.155601757022225 ], [ 8.64747379814828, 48.155949004066429 ], [ 8.648186756464872, 48.156671035202194 ], [ 8.647625063410555, 48.156872645919933 ], [ 8.648066816155536, 48.157181965205794 ], [ 8.648707485933798, 48.157958742997558 ], [ 8.648990858138847, 48.158602081354545 ], [ 8.649240549866317, 48.159571275837656 ], [ 8.649080854759047, 48.159582574424732 ], [ 8.64908792656299, 48.159748409884131 ], [ 8.649666246674801, 48.160663544671074 ], [ 8.6490747298985, 48.160894671428537 ], [ 8.650551894210103, 48.162525100633808 ], [ 8.651279926846334, 48.163046795453745 ], [ 8.650736096502913, 48.163342403516815 ], [ 8.649957946308296, 48.163308637153214 ], [ 8.649105440110262, 48.163746438536222 ], [ 8.64847564771517, 48.16459418599522 ], [ 8.647841478710163, 48.165076280605767 ], [ 8.647005511703041, 48.166173952920062 ], [ 8.646000264192523, 48.166947207821316 ], [ 8.645707558250715, 48.167404070486725 ], [ 8.645553295475125, 48.167931085645442 ], [ 8.645626131233042, 48.167959290700033 ], [ 8.645333398439888, 48.168477241484652 ], [ 8.644323031533499, 48.171653367862497 ], [ 8.643874732626429, 48.172682758770833 ], [ 8.643813259826139, 48.173382439807938 ], [ 8.642432961491176, 48.178660611765835 ], [ 8.641742826476179, 48.179882494600591 ], [ 8.641564222372772, 48.180609339065533 ], [ 8.641592167706786, 48.181618071078638 ], [ 8.641452343839648, 48.182415841814155 ], [ 8.640944161381199, 48.183676073516068 ], [ 8.640771618610122, 48.184590880799703 ], [ 8.64045247339736, 48.185440541436677 ], [ 8.643298602068166, 48.185739198511811 ], [ 8.645345931266036, 48.186241892634847 ], [ 8.647301919204445, 48.18657197915298 ], [ 8.64857352531059, 48.186466920865207 ], [ 8.649689468024208, 48.186657012805107 ], [ 8.649730101671686, 48.186498790965686 ], [ 8.651119823435254, 48.186850477688111 ], [ 8.651029569944868, 48.187044986881297 ], [ 8.651756861074725, 48.187032797302059 ], [ 8.652460764540727, 48.186440051678979 ], [ 8.652790949601417, 48.185600647794168 ], [ 8.653701608836295, 48.184747968085219 ], [ 8.653184711708169, 48.184748479110702 ], [ 8.652593476459641, 48.184401482263105 ], [ 8.652123277847082, 48.184042522911959 ], [ 8.651701953060137, 48.183559822158372 ], [ 8.651871160758047, 48.180783705602067 ], [ 8.651302311484274, 48.179782063607412 ], [ 8.650641851521824, 48.179041230970313 ], [ 8.650527582383605, 48.178614519399332 ], [ 8.650571289589401, 48.178081854366845 ], [ 8.651003526604898, 48.176770245963752 ], [ 8.651227001711623, 48.176387115275105 ], [ 8.651714295473532, 48.176395520341671 ], [ 8.653232245479124, 48.175925791341825 ], [ 8.65423929460299, 48.175774887341227 ], [ 8.654508847537102, 48.175877003211077 ], [ 8.656729267692457, 48.175132861503904 ], [ 8.657238772712214, 48.175116927805931 ], [ 8.657605915676598, 48.175390988776869 ], [ 8.659059013393026, 48.175337367497399 ], [ 8.661484599964218, 48.176004460652884 ], [ 8.661639953878854, 48.175310984972604 ], [ 8.662347361242379, 48.175207980894001 ], [ 8.664262512225813, 48.1758941179557 ], [ 8.667023612484417, 48.177443502318333 ], [ 8.668342807406511, 48.177593875827654 ], [ 8.669137427361207, 48.178113938625174 ], [ 8.669572424750333, 48.178141280890756 ], [ 8.671565174496404, 48.178904892372863 ], [ 8.67290903557727, 48.179668873905008 ], [ 8.674187690707184, 48.180539088366352 ], [ 8.676518995986696, 48.181251210548126 ], [ 8.677982270249643, 48.181249920669728 ], [ 8.678839568602127, 48.181365860056665 ], [ 8.680765526227265, 48.181727142629995 ], [ 8.68132944388551, 48.181905766566103 ], [ 8.683654933170393, 48.180637506316252 ], [ 8.686603544441382, 48.180629028405249 ], [ 8.68932249121969, 48.181114684850719 ], [ 8.690316372567068, 48.181049709779188 ], [ 8.69086052203032, 48.180783875988269 ], [ 8.691541738304712, 48.180183362262802 ], [ 8.692110855101143, 48.179182631198856 ], [ 8.692565927626605, 48.179005800096306 ], [ 8.693757285083791, 48.17814320641952 ], [ 8.694287634389639, 48.176751174765158 ], [ 8.695329217029391, 48.174931433059051 ], [ 8.695529075510963, 48.174276986341717 ], [ 8.694559432613902, 48.173817100180955 ], [ 8.693332986955978, 48.173364708196182 ], [ 8.691019975847798, 48.173210424892694 ], [ 8.689621487985217, 48.173301934878353 ], [ 8.687975055889023, 48.172868144146442 ], [ 8.686418068725725, 48.172306727433231 ], [ 8.685182679864837, 48.171597001632968 ], [ 8.684569018578427, 48.171343225319852 ], [ 8.684113890371476, 48.170944401064851 ], [ 8.680965990781164, 48.171013710955101 ], [ 8.680612719468483, 48.170851684837857 ], [ 8.679875492275691, 48.170877434645071 ], [ 8.679546337765155, 48.170148215684065 ], [ 8.677632943233546, 48.168303531995953 ], [ 8.676248176109691, 48.167429096400582 ], [ 8.675044077400841, 48.166448001277864 ], [ 8.6767708852365, 48.165491276773928 ], [ 8.676559989161223, 48.165066657636373 ], [ 8.678511721079676, 48.164797366162702 ], [ 8.679348205890252, 48.164929168614954 ], [ 8.679527209885713, 48.164604788186018 ], [ 8.679841960883936, 48.164509308004611 ], [ 8.680125218759361, 48.164503978672961 ], [ 8.680348019418448, 48.164380620574001 ], [ 8.680440183513268, 48.164460409813387 ], [ 8.680938299576537, 48.164462783174955 ], [ 8.680867399106667, 48.164315396353686 ], [ 8.681155900407663, 48.164266713769948 ], [ 8.682359201134872, 48.163078849697946 ], [ 8.682729602864919, 48.162657825911175 ], [ 8.682704581049556, 48.16252838075448 ], [ 8.682875100099793, 48.162419448449 ], [ 8.683126506020225, 48.162430848136445 ], [ 8.683187133142839, 48.162325391094924 ], [ 8.68338120465882, 48.162300554432051 ], [ 8.683553775689502, 48.162076285906551 ], [ 8.683772656858839, 48.162215621195003 ], [ 8.68395160776325, 48.162134601020682 ], [ 8.684162103049252, 48.162150564365447 ], [ 8.684606830160531, 48.161930100692111 ], [ 8.684974660498902, 48.162012531731939 ], [ 8.685207664746024, 48.161712402117374 ], [ 8.684916507516663, 48.161473095302917 ], [ 8.684819778488709, 48.161150379489506 ], [ 8.68506568084238, 48.160851635027072 ], [ 8.683195329831797, 48.160906864899168 ], [ 8.683039406433789, 48.160852183449784 ], [ 8.68321796718296, 48.159588964065257 ], [ 8.682213118092601, 48.15949235219059 ], [ 8.677617385354914, 48.158080978343158 ], [ 8.676211791458719, 48.157354572072144 ], [ 8.67520345914388, 48.156647085691475 ], [ 8.670875102005017, 48.155063454914739 ], [ 8.66985483447543, 48.154788640880021 ], [ 8.669820212044929, 48.15484090373802 ], [ 8.669049215837013, 48.154590910159669 ], [ 8.667978238896538, 48.154613732815946 ], [ 8.666407859827995, 48.154307877739413 ], [ 8.6654126708327, 48.154690145064151 ], [ 8.664531630688385, 48.154658786813158 ], [ 8.662057782342481, 48.156103109654303 ], [ 8.660538816345408, 48.157276335574089 ], [ 8.659545012819866, 48.156417695673738 ], [ 8.659942813118345, 48.155330601041875 ], [ 8.65920788076002, 48.154615415286727 ], [ 8.657228660970286, 48.154027786573899 ], [ 8.654792472303599, 48.153800789995579 ], [ 8.65358595061592, 48.154026672659818 ], [ 8.65402189215334, 48.154462089101017 ] ] ] } },
{ "type": "Feature", "properties": { "Gemarkung": "Hardt", "Schluessel": "085865", "Ebene": "Gemarkung" }, "geometry": { "type": "Polygon", "coordinates": [ [ [ 8.442658848451234, 48.15622043302448 ], [ 8.43629201962527, 48.158661486763265 ], [ 8.434998035795106, 48.159027068840857 ], [ 8.43484535812637, 48.158676875359788 ], [ 8.433634770941479, 48.158917074264394 ], [ 8.429106238763968, 48.15933831276314 ], [ 8.427309063253107, 48.164457292181389 ], [ 8.425065186135356, 48.165876699949237 ], [ 8.424278487226802, 48.167517589255951 ], [ 8.420341725773945, 48.168473705941629 ], [ 8.417053360179629, 48.167424853490886 ], [ 8.416085608364044, 48.167313057459083 ], [ 8.414918028596233, 48.167211032688073 ], [ 8.413310401749532, 48.167462221389698 ], [ 8.411576799383282, 48.167320114791785 ], [ 8.407241935326022, 48.167241341473343 ], [ 8.407042834760599, 48.168494223083073 ], [ 8.406498412991857, 48.169471903621812 ], [ 8.406351285042243, 48.1705661653939 ], [ 8.405905221563073, 48.171083525902525 ], [ 8.405165245841584, 48.171474036289439 ], [ 8.404321110552978, 48.171542990279313 ], [ 8.402902160755078, 48.17143324281102 ], [ 8.400359845190977, 48.170850680318068 ], [ 8.398373996580284, 48.170775615536087 ], [ 8.390769891553608, 48.17210868301207 ], [ 8.391210595058016, 48.173239507985244 ], [ 8.391480394051541, 48.175196787577093 ], [ 8.391407688175347, 48.176134606321476 ], [ 8.391471338180043, 48.177439773072564 ], [ 8.392062693224217, 48.178110296781362 ], [ 8.39250243089524, 48.178430034379261 ], [ 8.392626839305061, 48.178659844400855 ], [ 8.393157080203688, 48.178925895907966 ], [ 8.39338407086051, 48.178887417392843 ], [ 8.393647316503811, 48.179014223907132 ], [ 8.393651751124533, 48.179185729368797 ], [ 8.393419829704746, 48.179322789079251 ], [ 8.393864482052177, 48.180242824437528 ], [ 8.394139157396692, 48.180450662681189 ], [ 8.394322069052203, 48.180739979086503 ], [ 8.393571647589663, 48.181654612069792 ], [ 8.397164660884519, 48.182791922125155 ], [ 8.400547820030976, 48.183490953407897 ], [ 8.399440078085611, 48.184260978704501 ], [ 8.397796362873914, 48.185829545091181 ], [ 8.397276508804373, 48.186987426981844 ], [ 8.396814172111142, 48.189054929387815 ], [ 8.395745323310422, 48.189065330652411 ], [ 8.393630364653202, 48.189314115927274 ], [ 8.392550690053991, 48.189511386901444 ], [ 8.391528074778968, 48.189502559857168 ], [ 8.390311331250516, 48.189593460077624 ], [ 8.390129146631809, 48.189809140123558 ], [ 8.38942304043854, 48.190124603501914 ], [ 8.388108232801311, 48.190471822273793 ], [ 8.387437574869187, 48.190746526026501 ], [ 8.385850919723771, 48.190847463248176 ], [ 8.385691210596462, 48.190914446861655 ], [ 8.385443394995404, 48.191282986664817 ], [ 8.384346977791214, 48.19227650043652 ], [ 8.386995058088658, 48.192673021625531 ], [ 8.389807633923537, 48.193362305674988 ], [ 8.39181620317235, 48.194023428118747 ], [ 8.391400466201299, 48.194597751680817 ], [ 8.39137362391515, 48.194932655495755 ], [ 8.39160694342136, 48.195843300776168 ], [ 8.39210153112804, 48.19664646439395 ], [ 8.392325926498705, 48.198119998752425 ], [ 8.39329425644314, 48.199036772152624 ], [ 8.394706488212526, 48.1998025676384 ], [ 8.393967314118697, 48.200230975769351 ], [ 8.394742860622996, 48.20059916717323 ], [ 8.395320311167806, 48.200773327459117 ], [ 8.396081157629844, 48.200401435256545 ], [ 8.397880644127682, 48.200858381370118 ], [ 8.399172809634967, 48.201060465139648 ], [ 8.400167817645196, 48.201113704625797 ], [ 8.401683915240568, 48.201110089022151 ], [ 8.40291664139397, 48.200962650666412 ], [ 8.402890479243551, 48.200874614826624 ], [ 8.405643236220399, 48.200637685449173 ], [ 8.406887773256029, 48.200677581557066 ], [ 8.408938700593636, 48.200964439935376 ], [ 8.412659473647695, 48.202469351181463 ], [ 8.416032856212828, 48.203687085039803 ], [ 8.415594828699092, 48.202475403335121 ], [ 8.415851913779766, 48.200638188964163 ], [ 8.416328432176627, 48.198591199801498 ], [ 8.417074755475934, 48.196920928261456 ], [ 8.416436791401143, 48.195223569646835 ], [ 8.419939798407174, 48.193697964651207 ], [ 8.42211964277076, 48.193104349114989 ], [ 8.420207136169045, 48.191291823418872 ], [ 8.419616072137265, 48.190275695686836 ], [ 8.421010799777795, 48.189778000497427 ], [ 8.41975724960799, 48.187901036144012 ], [ 8.41864113595823, 48.185490603878783 ], [ 8.418705263967533, 48.18538773319878 ], [ 8.419052237860972, 48.185471449400168 ], [ 8.421027674711782, 48.185448846716461 ], [ 8.42261553972231, 48.185255031537189 ], [ 8.425077697670467, 48.184645862796145 ], [ 8.429383565131733, 48.183786785865841 ], [ 8.429179214850162, 48.183337633371153 ], [ 8.432692863650589, 48.182921914084254 ], [ 8.435865529683166, 48.181968646287757 ], [ 8.434566731596956, 48.17951329508341 ], [ 8.433409067784085, 48.178470785941386 ], [ 8.433797256111569, 48.177814841281958 ], [ 8.433954344015529, 48.177341115465005 ], [ 8.434580030388878, 48.176627947042405 ], [ 8.435129650022287, 48.175576295671995 ], [ 8.435919538246056, 48.174875352690485 ], [ 8.436992884525289, 48.174377234842353 ], [ 8.436969347011297, 48.174303344481523 ], [ 8.437286088953076, 48.174244705791509 ], [ 8.437393449834333, 48.17440258814031 ], [ 8.43822081996208, 48.173898396292707 ], [ 8.438333671374549, 48.173689228596572 ], [ 8.439037038669301, 48.173379209085937 ], [ 8.439524624850291, 48.173293417278614 ], [ 8.440952147739825, 48.172811923704451 ], [ 8.441120960525279, 48.172316202224479 ], [ 8.442673203725567, 48.172299266936498 ], [ 8.443666424327162, 48.171649729102946 ], [ 8.444810996682296, 48.171143965478713 ], [ 8.443676818331113, 48.169992448518379 ], [ 8.442644106092303, 48.169237638579567 ], [ 8.441784901268443, 48.168794687163199 ], [ 8.440415127489359, 48.167860889364064 ], [ 8.439513511723788, 48.166722428403979 ], [ 8.438632885919992, 48.165130705091364 ], [ 8.439973176647833, 48.164735797899105 ], [ 8.441425606077106, 48.164118025157663 ], [ 8.442699431641019, 48.163758751050949 ], [ 8.443727419247409, 48.163161922790216 ], [ 8.445764894127995, 48.162493033055128 ], [ 8.446477365348185, 48.16285580546014 ], [ 8.44770336790188, 48.162410324445659 ], [ 8.447018350164617, 48.161232205554455 ], [ 8.445941216225194, 48.159893846009098 ], [ 8.445745799088183, 48.158485775803797 ], [ 8.444600269902175, 48.157201145032204 ], [ 8.44341402268587, 48.156690316174412 ], [ 8.442658848451234, 48.15622043302448 ] ] ] } },
{ "type": "Feature", "properties": { "Gemarkung": "Harthausen", "Schluessel": "085821", "Ebene": "Gemarkung" }, "geometry": { "type": "Polygon", "coordinates": [ [ [ 8.635196281875016, 48.240549798107793 ], [ 8.634843357690217, 48.24116271141861 ], [ 8.634574307629315, 48.241987495549218 ], [ 8.634198516707942, 48.242140326327323 ], [ 8.633045835465035, 48.242124327844451 ], [ 8.632442478367622, 48.242005172080745 ], [ 8.632068998395615, 48.242154134654207 ], [ 8.632045913804879, 48.242292971792693 ], [ 8.632431147328854, 48.242533969339974 ], [ 8.632443318373385, 48.242790327824963 ], [ 8.632150255934677, 48.243275579112428 ], [ 8.63118412311408, 48.243780534983337 ], [ 8.630146675004999, 48.244142023899578 ], [ 8.627049930093573, 48.244495313166809 ], [ 8.623893333277266, 48.241983104107142 ], [ 8.622320195872764, 48.240572193075792 ], [ 8.621676870610962, 48.240143898290114 ], [ 8.621304626994368, 48.239995214843134 ], [ 8.620453987371821, 48.240120614972774 ], [ 8.618857671126042, 48.240816997494719 ], [ 8.618148305833106, 48.241447840841325 ], [ 8.618027011425227, 48.242145591914849 ], [ 8.617602343190518, 48.242687228951723 ], [ 8.618850289602387, 48.24257207448187 ], [ 8.61935893031851, 48.242927874533528 ], [ 8.619548830319133, 48.243202096527412 ], [ 8.620050729506023, 48.244669698843133 ], [ 8.619917942252204, 48.244884913872077 ], [ 8.620294407872953, 48.246105227195599 ], [ 8.621175153372752, 48.247315595583117 ], [ 8.627439806497348, 48.24843592501805 ], [ 8.630113797992349, 48.249168711503287 ], [ 8.629913878851838, 48.249768155854348 ], [ 8.63073752318169, 48.249706656499946 ], [ 8.631686560533815, 48.249741459008497 ], [ 8.632377248139095, 48.249848752055058 ], [ 8.632361843880364, 48.249892967135082 ], [ 8.630154696744711, 48.25205286175823 ], [ 8.626762411724448, 48.253947515367329 ], [ 8.624443785625299, 48.255507749904297 ], [ 8.622590136720216, 48.255744594767613 ], [ 8.618500943361486, 48.256005413563578 ], [ 8.615216398043744, 48.255497396025753 ], [ 8.613878591870472, 48.255837939222147 ], [ 8.61355319271874, 48.256737156598994 ], [ 8.614165595179436, 48.257730481085432 ], [ 8.614335826562234, 48.258867798305069 ], [ 8.613714791252534, 48.259966022675286 ], [ 8.614066326619836, 48.260161353992672 ], [ 8.614000618167422, 48.260799996244451 ], [ 8.614195436567474, 48.261804242975153 ], [ 8.612676776045452, 48.262429543445009 ], [ 8.612140536124208, 48.263102225897633 ], [ 8.610829273525127, 48.264088522866111 ], [ 8.608948302088546, 48.263512734567875 ], [ 8.607412781952, 48.26331578084325 ], [ 8.605538227662228, 48.263228034815477 ], [ 8.604990872555092, 48.26372115968833 ], [ 8.607010421182295, 48.265761084865481 ], [ 8.607672103668401, 48.266299193191067 ], [ 8.609051399317547, 48.267079504025773 ], [ 8.611156869006223, 48.267975165636145 ], [ 8.612402023651107, 48.26952438756134 ], [ 8.61272744951318, 48.27034743030228 ], [ 8.612950504498297, 48.270487091622172 ], [ 8.612945321171987, 48.270905784530449 ], [ 8.614688600346041, 48.272361020514246 ], [ 8.614446806268587, 48.272650446280885 ], [ 8.614802715841657, 48.27308258479119 ], [ 8.615432665097581, 48.274604249167083 ], [ 8.616040142460912, 48.275766323468865 ], [ 8.617394693203366, 48.277168037208057 ], [ 8.618708893745458, 48.278061103273139 ], [ 8.619659428359959, 48.277310141390295 ], [ 8.620502801989673, 48.278777242221651 ], [ 8.619301764616852, 48.279281590147228 ], [ 8.619741744656542, 48.27967584478457 ], [ 8.620583569354586, 48.28104820330983 ], [ 8.62082989050327, 48.281113072694247 ], [ 8.620453308219208, 48.282565617918891 ], [ 8.619886623236138, 48.283329910752613 ], [ 8.619284205138953, 48.284474375569069 ], [ 8.621419908753671, 48.285157172650436 ], [ 8.622726420702612, 48.285392592887042 ], [ 8.626894436785902, 48.285789002713443 ], [ 8.628042701241704, 48.285694297709789 ], [ 8.628985642123688, 48.285750604395268 ], [ 8.630143259334915, 48.286058873420757 ], [ 8.632330040849922, 48.286378432718109 ], [ 8.632026096814911, 48.284740230392622 ], [ 8.632519221665513, 48.28372184435991 ], [ 8.631535994938575, 48.282768010450354 ], [ 8.630407031088534, 48.282439514626539 ], [ 8.628185714135517, 48.280495620577639 ], [ 8.625845251242501, 48.279017327982402 ], [ 8.625492172054283, 48.278474663088019 ], [ 8.625660399705719, 48.278472241873637 ], [ 8.625487599447192, 48.278417968539877 ], [ 8.625369885917232, 48.278147951900024 ], [ 8.625895713669689, 48.276739419560343 ], [ 8.626006886047239, 48.275818871341116 ], [ 8.627416723446238, 48.27341743965399 ], [ 8.627764891062009, 48.273335526884772 ], [ 8.628472496408829, 48.274182072773122 ], [ 8.630495447997077, 48.272871012375518 ], [ 8.629493417322198, 48.271699916328807 ], [ 8.630508236068884, 48.271022484961698 ], [ 8.631154299184626, 48.270347731027094 ], [ 8.631733495741271, 48.270499383733735 ], [ 8.63099107326244, 48.269509426880319 ], [ 8.629864122722889, 48.268887006264301 ], [ 8.630282841509571, 48.268248411838712 ], [ 8.630337925404064, 48.267935140876268 ], [ 8.631077489104252, 48.267145528674959 ], [ 8.631156583977296, 48.266921582433497 ], [ 8.630874297448901, 48.265851948073305 ], [ 8.630942436207977, 48.265390271553059 ], [ 8.630799361231857, 48.264843707060841 ], [ 8.630791207023268, 48.264553984182136 ], [ 8.631071313982265, 48.264146518763027 ], [ 8.63307428081171, 48.26447096390617 ], [ 8.634053129190812, 48.264766298850802 ], [ 8.634114048772604, 48.26470774365049 ], [ 8.634943658043047, 48.265695978691554 ], [ 8.636178865896934, 48.266518781010674 ], [ 8.638017974576723, 48.267280494942526 ], [ 8.638054183754027, 48.267095275099756 ], [ 8.63894142197171, 48.26716895891412 ], [ 8.638979128577855, 48.266617574222067 ], [ 8.63925576827992, 48.266101576891117 ], [ 8.639339883597481, 48.265714169093613 ], [ 8.639451790024012, 48.264593879825142 ], [ 8.640556851564709, 48.262402931568026 ], [ 8.641462199659561, 48.259586881634696 ], [ 8.641933576218685, 48.258939141360237 ], [ 8.641729144326691, 48.258848896485439 ], [ 8.641753406860438, 48.258789503228513 ], [ 8.641983589771893, 48.258819369742831 ], [ 8.642138938759985, 48.258761014230878 ], [ 8.642479719535897, 48.258310254946451 ], [ 8.642405008135468, 48.258262429561988 ], [ 8.642513960813808, 48.258249453060529 ], [ 8.6428158784066, 48.256955481603391 ], [ 8.643464780853813, 48.255493985322282 ], [ 8.644039016024083, 48.253410754446662 ], [ 8.638205558766394, 48.252137763386862 ], [ 8.636782537415788, 48.251419650180935 ], [ 8.636549588659859, 48.251385985790549 ], [ 8.637513289437614, 48.249770321137952 ], [ 8.638811253378842, 48.247984039173282 ], [ 8.639998994377381, 48.247015747695798 ], [ 8.640122210485449, 48.246713570381317 ], [ 8.640385175364569, 48.246440260013294 ], [ 8.64240133929793, 48.245495853854081 ], [ 8.642365937457198, 48.24485490017927 ], [ 8.641873735508559, 48.243990303078512 ], [ 8.641807205762273, 48.243275298210555 ], [ 8.642342973597801, 48.242410661689746 ], [ 8.642043241709414, 48.242321200222939 ], [ 8.639758823441516, 48.241031028428374 ], [ 8.638332995276606, 48.241114631444084 ], [ 8.636438267669377, 48.2416810343775 ], [ 8.63617397817341, 48.241647809851479 ], [ 8.635988110037859, 48.241382085077184 ], [ 8.636145135245339, 48.240985911924355 ], [ 8.635982937166933, 48.240573523728422 ], [ 8.635948947095164, 48.240637473539508 ], [ 8.635636846015913, 48.240472112898082 ], [ 8.635196281875016, 48.240549798107793 ] ] ] } },
{ "type": "Feature", "properties": { "Gemarkung": "Hausen", "Schluessel": "085933", "Ebene": "Gemarkung" }, "geometry": { "type": "Polygon", "coordinates": [ [ [ 8.564406916082389, 48.124523468544005 ], [ 8.563352694019855, 48.125015833643083 ], [ 8.566114909082621, 48.126611569247295 ], [ 8.567439748185617, 48.127708350900086 ], [ 8.568137527884845, 48.129291300256341 ], [ 8.569972035324907, 48.130155234119663 ], [ 8.571944804831453, 48.130820279849189 ], [ 8.572540651274057, 48.131136313131513 ], [ 8.578711889713043, 48.132717920938084 ], [ 8.579776140144771, 48.133056865470728 ], [ 8.57985613040533, 48.132971956278212 ], [ 8.580063429946192, 48.13303164426182 ], [ 8.579996818921146, 48.133124070003625 ], [ 8.580164822637233, 48.133124054030546 ], [ 8.580058307499966, 48.133758763365371 ], [ 8.580268777585273, 48.134171954780527 ], [ 8.581136552228079, 48.134760465494772 ], [ 8.581617635472664, 48.134705896512344 ], [ 8.582520024731531, 48.134360094192274 ], [ 8.584500492833838, 48.134060922979472 ], [ 8.585025633862264, 48.134225306079898 ], [ 8.585426749038438, 48.134653391422482 ], [ 8.58544753022071, 48.134893596326577 ], [ 8.585287711208439, 48.135311920095489 ], [ 8.584754709449161, 48.135787556386553 ], [ 8.584269509682743, 48.135951617083151 ], [ 8.582675547913496, 48.136166087034937 ], [ 8.580194917554106, 48.136109818917873 ], [ 8.579806304340719, 48.136047849023662 ], [ 8.579648127044678, 48.136094324934696 ], [ 8.579144444663013, 48.136659112697352 ], [ 8.578551721123606, 48.136950602824584 ], [ 8.578498360720657, 48.137262423033405 ], [ 8.578404214056302, 48.137154473638098 ], [ 8.578118612675901, 48.137479296914222 ], [ 8.578103052257491, 48.137819956075255 ], [ 8.578311546392529, 48.138179071582087 ], [ 8.578890283439062, 48.13881080321535 ], [ 8.578926607648068, 48.139069959780663 ], [ 8.578605155899746, 48.13948759176774 ], [ 8.577969943584291, 48.139743384865319 ], [ 8.577014159794198, 48.139815716041582 ], [ 8.576336514662811, 48.139672597172584 ], [ 8.576191441074956, 48.139284831688549 ], [ 8.574914596401433, 48.138665981525016 ], [ 8.574461326385398, 48.138326197112157 ], [ 8.574261236166409, 48.138433240138262 ], [ 8.573747337960658, 48.138500972184012 ], [ 8.572894652227468, 48.138461908716266 ], [ 8.571842243417841, 48.138275084159801 ], [ 8.571636717853387, 48.138097707300417 ], [ 8.571891775612425, 48.137749664086492 ], [ 8.571857976236693, 48.137563030421468 ], [ 8.571285283991724, 48.137524997650878 ], [ 8.570818553340933, 48.137852815803939 ], [ 8.570353896009232, 48.137899213718555 ], [ 8.570027559605297, 48.13779974614318 ], [ 8.569806491447476, 48.137488702420555 ], [ 8.569700901194235, 48.13773896352442 ], [ 8.569273631331109, 48.137734753970499 ], [ 8.568616033398218, 48.137851857806332 ], [ 8.56962795211764, 48.139246137205141 ], [ 8.56948772355029, 48.139474765514649 ], [ 8.569515962172535, 48.13984329822847 ], [ 8.570203733860291, 48.140043446161656 ], [ 8.570330377374468, 48.139863979778163 ], [ 8.570894938556293, 48.139864559419728 ], [ 8.571326583742765, 48.140249532041992 ], [ 8.572157011311775, 48.140463245872525 ], [ 8.57246732445933, 48.140795130038754 ], [ 8.572417096099809, 48.14255394499363 ], [ 8.572096105249948, 48.14303651855473 ], [ 8.57129899205581, 48.143321181946689 ], [ 8.571397798941767, 48.143886201442513 ], [ 8.571302620078054, 48.14395098467633 ], [ 8.570631120222528, 48.144001290466235 ], [ 8.570608793335625, 48.144115468805722 ], [ 8.568293414594203, 48.14423527257302 ], [ 8.568266560156681, 48.144343675378991 ], [ 8.56836242632982, 48.147436209341656 ], [ 8.571315609515608, 48.147928420223089 ], [ 8.571428189747735, 48.148293487712856 ], [ 8.571538440792658, 48.148308653797358 ], [ 8.571575854883731, 48.149046995519235 ], [ 8.572053248068126, 48.150375288518624 ], [ 8.572263128181977, 48.151280445894493 ], [ 8.572164665042818, 48.151932900012483 ], [ 8.57240482476965, 48.152706273940218 ], [ 8.572529346956452, 48.152720322537945 ], [ 8.572470998997591, 48.152816822998126 ], [ 8.572688508334943, 48.153841577341439 ], [ 8.572629789632952, 48.154403579811401 ], [ 8.572807456921245, 48.156260585091168 ], [ 8.57270905277648, 48.156808404597648 ], [ 8.5737283261833, 48.157048179566537 ], [ 8.576265573510405, 48.157339615886102 ], [ 8.576681642167049, 48.157221489288752 ], [ 8.577264886316005, 48.156722414763593 ], [ 8.578070952051149, 48.156351192567456 ], [ 8.578399590838234, 48.155956082003172 ], [ 8.579400700729444, 48.155885794524345 ], [ 8.58060683165095, 48.154235389048651 ], [ 8.581369831994666, 48.153927325138234 ], [ 8.583594592788682, 48.154089524466009 ], [ 8.586550238029661, 48.154123226178406 ], [ 8.588216300195958, 48.153955565410435 ], [ 8.590214779255009, 48.153646464103034 ], [ 8.591608877523781, 48.153521059684607 ], [ 8.592603638888576, 48.153548071859881 ], [ 8.593395408507655, 48.153655600170609 ], [ 8.594752182326264, 48.154051669898564 ], [ 8.596307157034234, 48.15474064137387 ], [ 8.596571539127794, 48.15463324611175 ], [ 8.597639317427658, 48.154920573275412 ], [ 8.598276903782859, 48.154647766082491 ], [ 8.598245097521662, 48.153658258261842 ], [ 8.597734285104975, 48.152163244466117 ], [ 8.59789010572641, 48.150804976861203 ], [ 8.597744351594013, 48.150651608272774 ], [ 8.599308948830783, 48.150770075175039 ], [ 8.599683929210757, 48.149767139449786 ], [ 8.599628856392398, 48.149691552974318 ], [ 8.599081754663597, 48.149593198385595 ], [ 8.599361507268489, 48.149355124182037 ], [ 8.599648054083938, 48.148537037852165 ], [ 8.599031051892158, 48.148352698303277 ], [ 8.599529357761018, 48.147705393554844 ], [ 8.599097243691986, 48.147414634309449 ], [ 8.599222569798291, 48.146772147201474 ], [ 8.599349674413187, 48.146781677276188 ], [ 8.600528371896766, 48.14510883252219 ], [ 8.599677683052406, 48.143292260724103 ], [ 8.598837483714922, 48.142017607220176 ], [ 8.598112065310938, 48.141146413790587 ], [ 8.595568345530845, 48.140703836382798 ], [ 8.594035031808129, 48.140340080701286 ], [ 8.593001763158082, 48.139979065978444 ], [ 8.594132793971465, 48.138698204984621 ], [ 8.594852024206864, 48.137284975466798 ], [ 8.595818144148442, 48.136040673525152 ], [ 8.596825764902244, 48.135463906175829 ], [ 8.598628727649926, 48.134015131915582 ], [ 8.599031961405251, 48.132925203152944 ], [ 8.598765961627821, 48.131978599900684 ], [ 8.599056010192879, 48.131355310004764 ], [ 8.59919183088158, 48.130274433684306 ], [ 8.599309903813433, 48.130247674426755 ], [ 8.598579989307435, 48.129594103991586 ], [ 8.596625355086555, 48.128583284312967 ], [ 8.595579869274575, 48.128162778766978 ], [ 8.595521922307329, 48.128200182349012 ], [ 8.592415783928546, 48.126907134833331 ], [ 8.59209448606644, 48.126106880274037 ], [ 8.591652944666425, 48.124473523763029 ], [ 8.589304753305358, 48.124932461598547 ], [ 8.587865216118837, 48.124921010556342 ], [ 8.583172381518251, 48.125315339949935 ], [ 8.58188939916622, 48.125021335623636 ], [ 8.581708826013504, 48.125083117854793 ], [ 8.582303491548956, 48.125560592972668 ], [ 8.582439793558326, 48.125854390958104 ], [ 8.581857390039623, 48.126613960753495 ], [ 8.581843685482998, 48.127143385133202 ], [ 8.581444690274926, 48.12757333952112 ], [ 8.580661222061375, 48.12798407626147 ], [ 8.579245975281195, 48.130056043648253 ], [ 8.576742391672564, 48.129312964926385 ], [ 8.572057596996983, 48.128147238184226 ], [ 8.570786545220475, 48.127710821731839 ], [ 8.569035548709127, 48.126672131711913 ], [ 8.568170794360386, 48.126349131869084 ], [ 8.568452033484505, 48.126144066592204 ], [ 8.566703867004501, 48.125611613504596 ], [ 8.565177447956385, 48.124954014661654 ], [ 8.564406916082389, 48.124523468544005 ] ] ] } },
{ "type": "Feature", "properties": { "Gemarkung": "Herrenzimmern", "Schluessel": "085891", "Ebene": "Gemarkung" }, "geometry": { "type": "Polygon", "coordinates": [ [ [ 8.546451890906711, 48.204842562509882 ], [ 8.545882394631787, 48.204893216145969 ], [ 8.544994631468535, 48.206306806985658 ], [ 8.544600946958171, 48.206154550239589 ], [ 8.543658771513282, 48.207095937965562 ], [ 8.544786623476611, 48.207574185605942 ], [ 8.545455931897679, 48.208096494249368 ], [ 8.544705040919716, 48.208502341738253 ], [ 8.54376739241874, 48.207883777084582 ], [ 8.542709812737343, 48.207495138146712 ], [ 8.541672046159459, 48.209322682744954 ], [ 8.541415885585716, 48.210198498070035 ], [ 8.541106345480054, 48.210253133640052 ], [ 8.541367049610635, 48.21081369040003 ], [ 8.542191501566599, 48.211781352627298 ], [ 8.541595322890268, 48.212007228079244 ], [ 8.542249552254006, 48.212532643753228 ], [ 8.541393967571338, 48.213014975848274 ], [ 8.54085529331031, 48.212377825733462 ], [ 8.54048957858056, 48.211653284916018 ], [ 8.539041021315986, 48.212422297975486 ], [ 8.539545062863018, 48.213376458064715 ], [ 8.538260283109162, 48.213589929602918 ], [ 8.538343263337623, 48.213882931451799 ], [ 8.535958999992893, 48.214327315542313 ], [ 8.536142923136646, 48.214934087732082 ], [ 8.535508994040683, 48.217495909015476 ], [ 8.537552407372052, 48.217530147326293 ], [ 8.537587458832506, 48.218212341551762 ], [ 8.540582167433092, 48.218366857662417 ], [ 8.540565007395658, 48.218599538263234 ], [ 8.542032645880333, 48.218983622281613 ], [ 8.541951266249788, 48.219866161335055 ], [ 8.541605129429151, 48.221284038402139 ], [ 8.54294404080925, 48.221573579942692 ], [ 8.542829044824501, 48.221878026672051 ], [ 8.542360556761308, 48.222145169272473 ], [ 8.543799677529583, 48.222312022442225 ], [ 8.543775345601775, 48.223080528376819 ], [ 8.54355061862101, 48.223582021515128 ], [ 8.544980496714112, 48.223778872668674 ], [ 8.544946144055254, 48.224221562473907 ], [ 8.545794387493801, 48.224282046669472 ], [ 8.549323845056307, 48.225359364921559 ], [ 8.549692735312449, 48.226115467161193 ], [ 8.551115708349887, 48.226758549109832 ], [ 8.552772471339001, 48.227308595746599 ], [ 8.555845513076067, 48.227844665019674 ], [ 8.561504879895615, 48.228980018843266 ], [ 8.56436473321002, 48.229827597603112 ], [ 8.56573769442625, 48.230622265300561 ], [ 8.568181914947024, 48.231721529526823 ], [ 8.574373856957664, 48.233528152831845 ], [ 8.576457180190822, 48.234436340287061 ], [ 8.576846545206461, 48.234480508919738 ], [ 8.577186169764879, 48.234759400968223 ], [ 8.577687111739507, 48.234893495603231 ], [ 8.577727531929597, 48.235087526062046 ], [ 8.578215461296139, 48.235265205288798 ], [ 8.5791212277417, 48.235777295879046 ], [ 8.579176020460954, 48.236058737748891 ], [ 8.580148933224617, 48.237304758308369 ], [ 8.58080944439822, 48.237758719671753 ], [ 8.581136335214458, 48.237870482123085 ], [ 8.582164933817102, 48.237713001209819 ], [ 8.582447493545653, 48.237463735572909 ], [ 8.583277771481416, 48.23713197527745 ], [ 8.583745571362819, 48.236541857544339 ], [ 8.584637547043089, 48.236271579229346 ], [ 8.585018603795335, 48.236246594399276 ], [ 8.585328802848574, 48.236107362796176 ], [ 8.585628211534958, 48.235302864911333 ], [ 8.586107931468131, 48.234732123583065 ], [ 8.586096096004244, 48.234296093894393 ], [ 8.586263388473776, 48.234275013594846 ], [ 8.588561804299413, 48.233177638765909 ], [ 8.590637043384564, 48.232596562269919 ], [ 8.600614068266296, 48.233119909605108 ], [ 8.604012371281629, 48.232520777753997 ], [ 8.604665258131297, 48.233651768539566 ], [ 8.605430078834949, 48.233259524203881 ], [ 8.606615757095691, 48.232791162630022 ], [ 8.607752486746124, 48.231958609458935 ], [ 8.607991538707967, 48.231655241364415 ], [ 8.608352990126104, 48.23080528144196 ], [ 8.607264242125364, 48.230616232659692 ], [ 8.607544376194372, 48.230275668823651 ], [ 8.607604373342351, 48.229878392816836 ], [ 8.607366214817532, 48.229432055799606 ], [ 8.606926838093235, 48.228957050319217 ], [ 8.606354130460552, 48.22857416431038 ], [ 8.606011570276284, 48.228434349503168 ], [ 8.605481724666195, 48.228467980276577 ], [ 8.605220134539529, 48.22851539548595 ], [ 8.605033009337857, 48.228684973259973 ], [ 8.602447560736792, 48.228334542242344 ], [ 8.601224340045377, 48.228080013817383 ], [ 8.599975643136379, 48.22810698522499 ], [ 8.599288357355478, 48.228265455718528 ], [ 8.598852814912364, 48.227913689481838 ], [ 8.598673483015318, 48.227617966870724 ], [ 8.59822762767673, 48.227346414161708 ], [ 8.597018784281902, 48.226929857801238 ], [ 8.596654467479393, 48.226427635420002 ], [ 8.595670136800996, 48.226196107798607 ], [ 8.59488764235477, 48.226272525721527 ], [ 8.594011142202893, 48.226147166801958 ], [ 8.594105653162407, 48.22495649649003 ], [ 8.593516706406115, 48.224414604307448 ], [ 8.593097406839142, 48.224332869167014 ], [ 8.59296193101974, 48.224166397571189 ], [ 8.594319980894443, 48.223681678195575 ], [ 8.59469173317575, 48.223629008129528 ], [ 8.594374944434959, 48.222058928238773 ], [ 8.594612995265146, 48.221920586355886 ], [ 8.594712635693918, 48.221697545518701 ], [ 8.594774827013184, 48.221118816535203 ], [ 8.595057636321533, 48.220869700114442 ], [ 8.595350634311384, 48.220062003468811 ], [ 8.597036415193669, 48.218354111014627 ], [ 8.597124511745646, 48.217918611425389 ], [ 8.597232902559252, 48.217864830035175 ], [ 8.597388428457975, 48.218066454784555 ], [ 8.597433599928845, 48.217937058045081 ], [ 8.597361269369365, 48.217478234329995 ], [ 8.597158609589403, 48.217210227418761 ], [ 8.596679392419059, 48.216930903906544 ], [ 8.596188389619455, 48.216918384179124 ], [ 8.596238642582565, 48.216348428941288 ], [ 8.595157692131771, 48.216290556541104 ], [ 8.593770243868095, 48.214305900597793 ], [ 8.592780067967897, 48.21441800755796 ], [ 8.59177042892366, 48.214725718913307 ], [ 8.590617803380074, 48.215372544343609 ], [ 8.589460517724211, 48.214156988511668 ], [ 8.587352227563136, 48.214854795900536 ], [ 8.587283626605387, 48.214781135159583 ], [ 8.58034917710091, 48.213704568085909 ], [ 8.575209516205048, 48.21266031868759 ], [ 8.569841917928722, 48.212064290858997 ], [ 8.568108458643692, 48.211755406841171 ], [ 8.566898276599419, 48.211793409575868 ], [ 8.565925308993256, 48.211636073425481 ], [ 8.563707627795548, 48.211003475224388 ], [ 8.561684257149592, 48.21008448448282 ], [ 8.560472650446231, 48.209349221699654 ], [ 8.559177151722603, 48.2083241944786 ], [ 8.557756143205516, 48.207422197015362 ], [ 8.556580057574314, 48.208058605411097 ], [ 8.555527453772051, 48.207814413789094 ], [ 8.554717240228413, 48.207356305821513 ], [ 8.553705452904026, 48.206553188680303 ], [ 8.553062339531172, 48.206199541622475 ], [ 8.552945905549327, 48.206046051767089 ], [ 8.550774174650433, 48.205160569082601 ], [ 8.550494311672225, 48.205489031443399 ], [ 8.549441431947571, 48.204947975270457 ], [ 8.548744517678898, 48.20425886869743 ], [ 8.547994233638752, 48.204589796113005 ], [ 8.547835641487378, 48.204273831248862 ], [ 8.546451890906711, 48.204842562509882 ] ] ] } },
{ "type": "Feature", "properties": { "Gemarkung": "Hochmössingen", "Schluessel": "085816", "Ebene": "Gemarkung" }, "geometry": { "type": "Polygon", "coordinates": [ [ [ 8.526738581595495, 48.297922268749112 ], [ 8.526321339762413, 48.297972732220941 ], [ 8.524805138926551, 48.296633878275479 ], [ 8.523485604209032, 48.297192245304686 ], [ 8.523371421696138, 48.297074094599616 ], [ 8.522137421103116, 48.297638738442402 ], [ 8.521502017568652, 48.297183919679249 ], [ 8.521205802469723, 48.297283450547503 ], [ 8.521479735230514, 48.297519495906371 ], [ 8.520465435240961, 48.297686299532266 ], [ 8.519510261406809, 48.297615197146229 ], [ 8.518690762689991, 48.297411862589883 ], [ 8.518316623911563, 48.298584552638133 ], [ 8.516940932099525, 48.298365109827266 ], [ 8.515864002831469, 48.298093377889984 ], [ 8.514614077581609, 48.298975279440796 ], [ 8.517705371093991, 48.299633531454802 ], [ 8.515403671790795, 48.300159432906149 ], [ 8.513060439659258, 48.299773111702507 ], [ 8.511601715152239, 48.299959636825058 ], [ 8.511974491606708, 48.300191985937893 ], [ 8.511821295424912, 48.30111296299674 ], [ 8.510900000273505, 48.300934151904926 ], [ 8.510801957988349, 48.301330491637593 ], [ 8.510366386867519, 48.30126260196338 ], [ 8.510254044796241, 48.301630900438489 ], [ 8.509566216108569, 48.301643443843346 ], [ 8.509066245264419, 48.302314897423464 ], [ 8.50847150089848, 48.302799801039718 ], [ 8.509504482303672, 48.303020133045585 ], [ 8.509002475438534, 48.303297789880709 ], [ 8.508568542824214, 48.304448419841442 ], [ 8.508019750889227, 48.304652998778884 ], [ 8.507082503252763, 48.304767203004552 ], [ 8.508554614958229, 48.305112590051344 ], [ 8.508285205090592, 48.305741390610372 ], [ 8.507098979375712, 48.305464971208984 ], [ 8.506892961590674, 48.305922742138286 ], [ 8.507413135736474, 48.306031312669809 ], [ 8.506768095069111, 48.306887377335585 ], [ 8.507255818775395, 48.306949656096805 ], [ 8.506870731031427, 48.307516419805388 ], [ 8.506223859397101, 48.308000188247227 ], [ 8.507238436542771, 48.308152895789505 ], [ 8.506630590624978, 48.309260577600014 ], [ 8.506268413260415, 48.309644803575921 ], [ 8.506162910172225, 48.309620779173038 ], [ 8.506371159760574, 48.310961467256128 ], [ 8.506363401040353, 48.311681982515623 ], [ 8.505687377338388, 48.311728921012971 ], [ 8.501282147142208, 48.3114167003029 ], [ 8.493552334423065, 48.310173671756701 ], [ 8.493686821672469, 48.310607456856118 ], [ 8.493355669835742, 48.312533459601504 ], [ 8.493891728953582, 48.313535446905455 ], [ 8.494592439848587, 48.315553706221394 ], [ 8.495253737519937, 48.31647256727004 ], [ 8.495300678717152, 48.316691213842354 ], [ 8.495049895863989, 48.318348389993773 ], [ 8.495180317223518, 48.318309017023815 ], [ 8.495210129693263, 48.318924074090944 ], [ 8.495835980439631, 48.319831709662722 ], [ 8.496647503992063, 48.319967965618268 ], [ 8.499210589444163, 48.32074171592668 ], [ 8.499462617555563, 48.32240558689044 ], [ 8.498903558695224, 48.322450475413959 ], [ 8.499083815386877, 48.323811294489268 ], [ 8.499603609939118, 48.324513411598893 ], [ 8.499815403136706, 48.325686964655397 ], [ 8.500549057935531, 48.327370198829378 ], [ 8.504488140840467, 48.327533432110421 ], [ 8.506865522213985, 48.328253039678465 ], [ 8.50738592758352, 48.328347126003287 ], [ 8.508199335778615, 48.328122180281177 ], [ 8.509524474650041, 48.327403873258746 ], [ 8.510687763232642, 48.326959262188687 ], [ 8.512256822763845, 48.325696040511609 ], [ 8.516640457883767, 48.326074953653219 ], [ 8.519334850355083, 48.326679487789683 ], [ 8.519448229304691, 48.326673753798467 ], [ 8.519653664161117, 48.326174574750176 ], [ 8.520723697111357, 48.325145226259238 ], [ 8.524223410502552, 48.325178288874987 ], [ 8.527530480653647, 48.325561955333328 ], [ 8.527651721001689, 48.325537262490144 ], [ 8.528070740241333, 48.323665957059568 ], [ 8.528369885798856, 48.321741887134358 ], [ 8.528759937126472, 48.321295809228744 ], [ 8.529132344544562, 48.321446949776636 ], [ 8.529234602132812, 48.32129973223158 ], [ 8.530029109337613, 48.321450257555355 ], [ 8.530949511507181, 48.32152382912232 ], [ 8.532290077914698, 48.321336578434241 ], [ 8.532447370427274, 48.321277209830249 ], [ 8.532080164877332, 48.320895605299754 ], [ 8.533233201508107, 48.320294901142226 ], [ 8.533926271375796, 48.319615400524526 ], [ 8.534542276252363, 48.319175796233999 ], [ 8.535622958636278, 48.3214716283006 ], [ 8.538497988236484, 48.320966608415389 ], [ 8.541227344844707, 48.320619277927143 ], [ 8.54320097143531, 48.320213464036065 ], [ 8.545343157027496, 48.319628348351436 ], [ 8.545533700228782, 48.319407242339764 ], [ 8.546507137537994, 48.319644009463175 ], [ 8.547381745660005, 48.319678223251465 ], [ 8.548661493915944, 48.319874162418088 ], [ 8.548852122830768, 48.319993666937201 ], [ 8.550009069246279, 48.319552501738357 ], [ 8.550808164894269, 48.31910740883005 ], [ 8.551347776416028, 48.319348017891365 ], [ 8.552351851535718, 48.31842940668318 ], [ 8.553345954190378, 48.318819050606763 ], [ 8.554635209085815, 48.318155413886579 ], [ 8.554299825056296, 48.317588401110186 ], [ 8.555068479580367, 48.315687851023696 ], [ 8.555851638177639, 48.314425039028677 ], [ 8.554340538841977, 48.313610658266668 ], [ 8.552674891953583, 48.313139151542302 ], [ 8.552388358162217, 48.312775828593217 ], [ 8.552292890571403, 48.311740203595136 ], [ 8.552682973171303, 48.310131396746634 ], [ 8.552763966565196, 48.309274143282735 ], [ 8.552390941539077, 48.309087809323444 ], [ 8.551556372937027, 48.308998639572017 ], [ 8.551876131976458, 48.308644784822341 ], [ 8.550183582214681, 48.308232335151644 ], [ 8.549208547733334, 48.307786148270679 ], [ 8.547050199430203, 48.306418351631933 ], [ 8.546135075547731, 48.306020866848975 ], [ 8.546328101364606, 48.304828750785077 ], [ 8.545539215699918, 48.304828155383753 ], [ 8.544870095035723, 48.304734822340293 ], [ 8.545200364287926, 48.303685849264582 ], [ 8.542565121875203, 48.303519934683358 ], [ 8.537120464828568, 48.302651017518464 ], [ 8.537238977756308, 48.302309888025619 ], [ 8.53302323351598, 48.300835555217724 ], [ 8.530003953702513, 48.297973085823955 ], [ 8.527107591958536, 48.297984244810166 ], [ 8.526738581595495, 48.297922268749112 ] ] ] } },
{ "type": "Feature", "properties": { "Gemarkung": "Holzhausen", "Schluessel": "085745", "Ebene": "Gemarkung" }, "geometry": { "type": "Polygon", "coordinates": [ [ [ 8.650187184816852, 48.352314120590236 ], [ 8.648691443350014, 48.352085455876612 ], [ 8.647826573115172, 48.352036658581987 ], [ 8.647619058375346, 48.35222072439646 ], [ 8.647451418037333, 48.352220390690846 ], [ 8.647472918180178, 48.352293059568353 ], [ 8.643649762056986, 48.355762983843647 ], [ 8.645997144578246, 48.356938895692373 ], [ 8.645931517651714, 48.35727318900247 ], [ 8.646297783382888, 48.357385244348876 ], [ 8.647435826260759, 48.357258646285857 ], [ 8.64870228275543, 48.356693842709994 ], [ 8.649082115796126, 48.356422763482946 ], [ 8.649158645779666, 48.356620653220183 ], [ 8.64980501535371, 48.356969443363575 ], [ 8.646439260308677, 48.359393820025019 ], [ 8.643811146546932, 48.360690315775948 ], [ 8.641101366945682, 48.362888589391979 ], [ 8.640876410497121, 48.364410927845213 ], [ 8.643076586322474, 48.365775726828758 ], [ 8.645824102008037, 48.366809924136447 ], [ 8.646418324005758, 48.367178454620202 ], [ 8.646199700243619, 48.367494733738489 ], [ 8.646852586095905, 48.36760146049604 ], [ 8.647449442712125, 48.367414631788407 ], [ 8.647761360092456, 48.367528404958684 ], [ 8.648511306192935, 48.36869783121935 ], [ 8.650674187531346, 48.368721692520232 ], [ 8.651627294144326, 48.368624270228722 ], [ 8.652441929422006, 48.368755565874999 ], [ 8.653404648366214, 48.369609011281604 ], [ 8.653249473350213, 48.369772912021027 ], [ 8.655826491996628, 48.371003471455957 ], [ 8.656313426500878, 48.371320798556873 ], [ 8.656618121591801, 48.371611489582108 ], [ 8.657836166474723, 48.373312421017722 ], [ 8.658289387949196, 48.373587715093784 ], [ 8.658815295063707, 48.37377739521326 ], [ 8.660583479641762, 48.374056212498225 ], [ 8.663019251868148, 48.37401542083245 ], [ 8.664584621587034, 48.373680732807074 ], [ 8.666388102771105, 48.373397725016211 ], [ 8.667300575032836, 48.373100150231188 ], [ 8.667706216830936, 48.373037536551081 ], [ 8.668313178035602, 48.373060160208134 ], [ 8.669436476360753, 48.373734091081069 ], [ 8.670025537814446, 48.374459379957017 ], [ 8.670276599312727, 48.374936020713946 ], [ 8.670421530164383, 48.375453651356004 ], [ 8.670502321560319, 48.376661588116448 ], [ 8.670869475735355, 48.378132235458054 ], [ 8.671158532310356, 48.378689502309378 ], [ 8.671854534014519, 48.378484837443786 ], [ 8.672162372219676, 48.378790160295267 ], [ 8.673130416208565, 48.378006701012971 ], [ 8.673665866730822, 48.378726240425159 ], [ 8.674931960432795, 48.379974775226678 ], [ 8.675464047031252, 48.380465872677362 ], [ 8.675999006192519, 48.380718745606714 ], [ 8.676273709452108, 48.379503897459642 ], [ 8.676920754965995, 48.378817655736079 ], [ 8.673766099594543, 48.377517200432202 ], [ 8.675247780419204, 48.376226779974402 ], [ 8.675431377824205, 48.37663970277044 ], [ 8.675578703240319, 48.376746908081067 ], [ 8.676421070925686, 48.376495755836928 ], [ 8.676042205518039, 48.375804739434997 ], [ 8.676181712684333, 48.375526237172437 ], [ 8.676023913604165, 48.375112038653995 ], [ 8.676102521151499, 48.37504577500841 ], [ 8.675447209996753, 48.374403729127529 ], [ 8.674807519150946, 48.372944111040802 ], [ 8.67431835094207, 48.372511969248585 ], [ 8.673604197531468, 48.37210608715008 ], [ 8.673221782892924, 48.371790839630535 ], [ 8.673275583899645, 48.371697157692111 ], [ 8.672705263207993, 48.371311111030536 ], [ 8.675368423453614, 48.369803535642973 ], [ 8.678057653753102, 48.366212712512102 ], [ 8.67107138585453, 48.36437644022201 ], [ 8.673764329014015, 48.360861836211612 ], [ 8.673635349109988, 48.360722382372245 ], [ 8.671232615954242, 48.360008495117455 ], [ 8.668433823247224, 48.35894812568106 ], [ 8.66580807175125, 48.358321289037981 ], [ 8.663876098945503, 48.357552565221056 ], [ 8.661410933972251, 48.356912062311565 ], [ 8.656798229722547, 48.354995153002385 ], [ 8.656356070860362, 48.354605897568675 ], [ 8.656759052407333, 48.354437153971347 ], [ 8.656598452587634, 48.354271856071712 ], [ 8.656418045231254, 48.35428220333776 ], [ 8.654483420186494, 48.352491743418383 ], [ 8.654198437153001, 48.352737485331055 ], [ 8.651675396418723, 48.35174833861327 ], [ 8.651089903659788, 48.352612941928584 ], [ 8.650187184816852, 48.352314120590236 ] ] ] } },
{ "type": "Feature", "properties": { "Gemarkung": "Hopfau", "Schluessel": "085746", "Ebene": "Gemarkung" }, "geometry": { "type": "Polygon", "coordinates": [ [ [ 8.575016439748937, 48.351777399724845 ], [ 8.573233711601105, 48.352854717708595 ], [ 8.572763412560704, 48.353568656366157 ], [ 8.571417546269448, 48.353081519016001 ], [ 8.570761840383712, 48.352949522312883 ], [ 8.570066570368628, 48.352627184578047 ], [ 8.569632082163318, 48.352513821369669 ], [ 8.568779237105241, 48.351959671960884 ], [ 8.569151273031268, 48.351618922857803 ], [ 8.567801786799768, 48.35043673703634 ], [ 8.567890152101926, 48.350409809102572 ], [ 8.567351597447116, 48.350060333611609 ], [ 8.566677858200181, 48.34929110173384 ], [ 8.566541767188452, 48.350569105303897 ], [ 8.566662219982938, 48.350642072237008 ], [ 8.567158363727495, 48.350628555843201 ], [ 8.567304393352737, 48.351028557144289 ], [ 8.568005720010895, 48.352066888929173 ], [ 8.568185949571413, 48.352478173289896 ], [ 8.568422801466928, 48.35441640306847 ], [ 8.569454732072817, 48.354755395412511 ], [ 8.570250833597864, 48.354904477927825 ], [ 8.571590347329085, 48.355284274964824 ], [ 8.571201084712598, 48.35563369429407 ], [ 8.571041232322404, 48.35558874481935 ], [ 8.570779933738576, 48.355793343790815 ], [ 8.569854849440691, 48.356677048744324 ], [ 8.569157020043658, 48.357629522227604 ], [ 8.569355367496188, 48.358024768180066 ], [ 8.569410074859633, 48.358469137731248 ], [ 8.567996365355373, 48.358538419798101 ], [ 8.567966331305003, 48.358162966634815 ], [ 8.566197236907284, 48.358194814796391 ], [ 8.566254617897131, 48.357955270334799 ], [ 8.563608061094691, 48.35765655858912 ], [ 8.563262570143475, 48.358230403595073 ], [ 8.562339628812682, 48.358181642836193 ], [ 8.56239476988457, 48.357843218528096 ], [ 8.559855151533318, 48.357623277992232 ], [ 8.559749393708756, 48.35824112344104 ], [ 8.558569290185245, 48.358130080769797 ], [ 8.558423265375925, 48.358406797243255 ], [ 8.557073719184048, 48.358438675312186 ], [ 8.556725223753686, 48.358198291877244 ], [ 8.556250705093246, 48.358370997559433 ], [ 8.555846182893234, 48.35819373177717 ], [ 8.55494825999005, 48.359225596476215 ], [ 8.553217714663331, 48.360602213851934 ], [ 8.553140631671701, 48.360586530183134 ], [ 8.553046654563916, 48.360835372351595 ], [ 8.550866754277481, 48.360471424629822 ], [ 8.550781712187874, 48.360685482801934 ], [ 8.551412986325007, 48.360807151762337 ], [ 8.551046776887679, 48.361662024433762 ], [ 8.550944060869732, 48.362289319798826 ], [ 8.551957977064975, 48.362516749868604 ], [ 8.552747259513605, 48.362943833172203 ], [ 8.551471549803461, 48.36397788926427 ], [ 8.552599634161764, 48.36483174526014 ], [ 8.55162308874341, 48.36569396033314 ], [ 8.551876212706372, 48.365927869712372 ], [ 8.551643873346537, 48.366094751850987 ], [ 8.551947027915842, 48.366397320482861 ], [ 8.552703678759858, 48.366857204365864 ], [ 8.554189054326061, 48.367531510454121 ], [ 8.553802817352768, 48.36786567773764 ], [ 8.553929187329331, 48.367974847209553 ], [ 8.553177150697433, 48.368095632599868 ], [ 8.552510227318464, 48.368009911417353 ], [ 8.551515276201417, 48.367808830648073 ], [ 8.550955208231676, 48.367548622253018 ], [ 8.550198675747358, 48.36701459505209 ], [ 8.549242892400573, 48.367794461602394 ], [ 8.549570333002, 48.367868886788813 ], [ 8.549422122855589, 48.368170323635276 ], [ 8.549663321807236, 48.368439997702815 ], [ 8.549792268237153, 48.369267023648568 ], [ 8.549107705408405, 48.370122981824515 ], [ 8.551183278753253, 48.370634369726773 ], [ 8.55265807498948, 48.371123862906593 ], [ 8.553430120907594, 48.371067214652221 ], [ 8.553890724845669, 48.373738752570155 ], [ 8.553878515047007, 48.374610838582868 ], [ 8.552559796112389, 48.374481204014103 ], [ 8.551434122772994, 48.374128201094699 ], [ 8.550740021674962, 48.374053249755605 ], [ 8.550600412340653, 48.374143300566914 ], [ 8.548571128614967, 48.373008527612562 ], [ 8.547127486718683, 48.372415013797237 ], [ 8.546412341693078, 48.372280215807471 ], [ 8.545749880976764, 48.372295145467398 ], [ 8.545374617442302, 48.372417816707404 ], [ 8.544904739670034, 48.372671823212904 ], [ 8.54469871131972, 48.372986430010592 ], [ 8.545648163923866, 48.372739627362598 ], [ 8.545268720877326, 48.373573915431123 ], [ 8.545155720579048, 48.374086726601796 ], [ 8.545594456524933, 48.374207665709569 ], [ 8.545128392806433, 48.374986821471069 ], [ 8.546188569766652, 48.376112258233967 ], [ 8.544822872650693, 48.377675335097948 ], [ 8.546358122835837, 48.378490105587282 ], [ 8.545403468143078, 48.378824160635808 ], [ 8.547727116298429, 48.379677471866906 ], [ 8.548662832453497, 48.379805389837614 ], [ 8.549678593679989, 48.379509692679889 ], [ 8.550440609966211, 48.379410561147353 ], [ 8.5538748239964, 48.379407465415845 ], [ 8.554879840003339, 48.379658315443116 ], [ 8.55681452071898, 48.380504809224092 ], [ 8.557824763454233, 48.37990682245659 ], [ 8.55868789161476, 48.380405040614768 ], [ 8.559019718614296, 48.380514182444763 ], [ 8.559427061422967, 48.380433244046117 ], [ 8.559444884604206, 48.38048063451766 ], [ 8.561490306855713, 48.380349361047557 ], [ 8.561492668524176, 48.380184462006447 ], [ 8.561629371998086, 48.380212332690419 ], [ 8.561632209004683, 48.379614518073211 ], [ 8.561798720028058, 48.379630986455858 ], [ 8.562235352088541, 48.379424646801212 ], [ 8.564862458638109, 48.379237047207461 ], [ 8.56625972089669, 48.379248261201717 ], [ 8.566302916745204, 48.379441401556974 ], [ 8.568095937069968, 48.379238525414209 ], [ 8.570506187315683, 48.378786471639017 ], [ 8.571762841254854, 48.378283836571917 ], [ 8.574260337279403, 48.377578773933699 ], [ 8.574862937186385, 48.377510468773337 ], [ 8.576669488932673, 48.377650370291889 ], [ 8.577092483316884, 48.377776889033434 ], [ 8.579853704383911, 48.378177729130904 ], [ 8.58050488765115, 48.37844217689311 ], [ 8.582260365121792, 48.37872323117849 ], [ 8.582063891550403, 48.379116569541367 ], [ 8.584363662189714, 48.378799133298848 ], [ 8.58474175830669, 48.378820561080538 ], [ 8.587705565040601, 48.379234358929629 ], [ 8.58990630176082, 48.379624760677892 ], [ 8.591834115356704, 48.380135606659039 ], [ 8.59367373245372, 48.380295780612556 ], [ 8.595052093364524, 48.380838458004227 ], [ 8.596123039664056, 48.381542159034645 ], [ 8.600395102295034, 48.381423296861144 ], [ 8.600575452511453, 48.380985158304334 ], [ 8.600597939058281, 48.380372297056631 ], [ 8.601599918337778, 48.380057560856621 ], [ 8.60134716904699, 48.37951274998489 ], [ 8.601757865768766, 48.37923455751455 ], [ 8.600712516835467, 48.378655870564778 ], [ 8.599588417651404, 48.378271946668576 ], [ 8.59832406426877, 48.377951398151914 ], [ 8.599459227408303, 48.37657851315744 ], [ 8.597013983292959, 48.375521507745965 ], [ 8.597184005328275, 48.375315180847728 ], [ 8.596275722678831, 48.374855238525626 ], [ 8.595083264461881, 48.373944907743798 ], [ 8.595230351297227, 48.37339555157326 ], [ 8.594969285598419, 48.370711118498882 ], [ 8.595352837084045, 48.369883608591834 ], [ 8.595756661889139, 48.369717331041684 ], [ 8.595696657948796, 48.369638759521322 ], [ 8.593982420911816, 48.368446156446936 ], [ 8.59335429543211, 48.368684597887693 ], [ 8.592405812726867, 48.367883869674188 ], [ 8.590564510639016, 48.367400599578531 ], [ 8.588307308784954, 48.368401696759143 ], [ 8.585639232482281, 48.367078159218181 ], [ 8.586527284249657, 48.365621739767278 ], [ 8.586086017281417, 48.365427085086274 ], [ 8.585925474856634, 48.365695057046352 ], [ 8.585209220942701, 48.36554619143692 ], [ 8.58581837100059, 48.364284358137169 ], [ 8.584617446884231, 48.363223012691478 ], [ 8.583821476445005, 48.362357357736407 ], [ 8.583623973060027, 48.362074688211315 ], [ 8.583795385573929, 48.36204678912371 ], [ 8.583458091569433, 48.361341400862109 ], [ 8.582307742860689, 48.359408798367987 ], [ 8.58196255733572, 48.359441551867171 ], [ 8.581812736369217, 48.358795137825865 ], [ 8.583081926072049, 48.358799744541855 ], [ 8.585240323341729, 48.358938357907746 ], [ 8.585671985504788, 48.357946233327482 ], [ 8.585845851451859, 48.357763687570412 ], [ 8.586377568378726, 48.357282480372383 ], [ 8.587070988833482, 48.356851962587982 ], [ 8.587444832516807, 48.356811649384284 ], [ 8.585649675138633, 48.356519103933678 ], [ 8.586324375236757, 48.355749259322032 ], [ 8.584871587566877, 48.355107782451739 ], [ 8.587584533116139, 48.353752657693171 ], [ 8.586350833943044, 48.352597375576721 ], [ 8.584201730791243, 48.352510277187214 ], [ 8.581772063425214, 48.353109913623257 ], [ 8.580551810298008, 48.352702420417636 ], [ 8.580010240275382, 48.353018476395782 ], [ 8.579538865270827, 48.353447964373103 ], [ 8.578560148882037, 48.353427559231122 ], [ 8.577982886132137, 48.35317605555678 ], [ 8.577235932759123, 48.352634053067163 ], [ 8.576030593926133, 48.352126613728743 ], [ 8.575016439748937, 48.351777399724845 ] ] ] } },
{ "type": "Feature", "properties": { "Gemarkung": "Horgen", "Schluessel": "085922", "Ebene": "Gemarkung" }, "geometry": { "type": "Polygon", "coordinates": [ [ [ 8.544029368414334, 48.158230846966184 ], [ 8.54419143719039, 48.158773467163769 ], [ 8.544931957012194, 48.158576488644208 ], [ 8.54555608589887, 48.158859393394835 ], [ 8.547806418446264, 48.16097382824838 ], [ 8.551399722518564, 48.161978653656 ], [ 8.555730051371354, 48.161948238017004 ], [ 8.557423818984716, 48.162618747730797 ], [ 8.561045954273318, 48.163747450124681 ], [ 8.561431263066437, 48.163209283290215 ], [ 8.565739512564553, 48.164149178005729 ], [ 8.565828290342518, 48.164003582719175 ], [ 8.56719295469914, 48.164284215971648 ], [ 8.567465733390097, 48.164102964385798 ], [ 8.567746521563619, 48.163736494914879 ], [ 8.568613169989609, 48.162063617227595 ], [ 8.569909239412143, 48.15992809683992 ], [ 8.570646780411352, 48.158934080497808 ], [ 8.571798128215189, 48.156751032922415 ], [ 8.57270905277648, 48.156808404597648 ], [ 8.572807456921245, 48.156260585091168 ], [ 8.572629789632952, 48.154403579811401 ], [ 8.572688508334943, 48.153841577341439 ], [ 8.572470998997591, 48.152816822998126 ], [ 8.572537952340511, 48.152768848231702 ], [ 8.57240482476965, 48.152706273940218 ], [ 8.572164665042818, 48.151932900012483 ], [ 8.572263128181977, 48.151280445894493 ], [ 8.572053248068126, 48.150375288518624 ], [ 8.571575854883731, 48.149046995519235 ], [ 8.571538440792658, 48.148308653797358 ], [ 8.571428189747735, 48.148293487712856 ], [ 8.571315609515608, 48.147928420223089 ], [ 8.56836242632982, 48.147436209341656 ], [ 8.568266560156681, 48.144343675378991 ], [ 8.568293414594203, 48.14423527257302 ], [ 8.570608793335625, 48.144115468805722 ], [ 8.570631120222528, 48.144001290466235 ], [ 8.571302620078054, 48.14395098467633 ], [ 8.571397798941767, 48.143886201442513 ], [ 8.57129899205581, 48.143321181946689 ], [ 8.572096105249948, 48.14303651855473 ], [ 8.572417096099809, 48.14255394499363 ], [ 8.57246732445933, 48.140795130038754 ], [ 8.572157011311775, 48.140463245872525 ], [ 8.571326583742765, 48.140249532041992 ], [ 8.570894938556293, 48.139864559419728 ], [ 8.570330377374468, 48.139863979778163 ], [ 8.570203733860291, 48.140043446161656 ], [ 8.569515962172535, 48.13984329822847 ], [ 8.56948772355029, 48.139474765514649 ], [ 8.56962795211764, 48.139246137205141 ], [ 8.568616033398218, 48.137851857806332 ], [ 8.569273631331109, 48.137734753970499 ], [ 8.569700901194235, 48.13773896352442 ], [ 8.569806491447476, 48.137488702420555 ], [ 8.570027559605297, 48.13779974614318 ], [ 8.570353896009232, 48.137899213718555 ], [ 8.570818553340933, 48.137852815803939 ], [ 8.571285283991724, 48.137524997650878 ], [ 8.571857976236693, 48.137563030421468 ], [ 8.571891775612425, 48.137749664086492 ], [ 8.571636717853387, 48.138097707300417 ], [ 8.571842243417841, 48.138275084159801 ], [ 8.572894652227468, 48.138461908716266 ], [ 8.573747337960658, 48.138500972184012 ], [ 8.574261236166409, 48.138433240138262 ], [ 8.574461326385398, 48.138326197112157 ], [ 8.574914596401433, 48.138665981525016 ], [ 8.576191441074956, 48.139284831688549 ], [ 8.576336514662811, 48.139672597172584 ], [ 8.577014159794198, 48.139815716041582 ], [ 8.577969943584291, 48.139743384865319 ], [ 8.578605155899746, 48.13948759176774 ], [ 8.578926607648068, 48.139069959780663 ], [ 8.578890283439062, 48.13881080321535 ], [ 8.578311546392529, 48.138179071582087 ], [ 8.578103052257491, 48.137819956075255 ], [ 8.578118612675901, 48.137479296914222 ], [ 8.578404214056302, 48.137154473638098 ], [ 8.578498360720657, 48.137262423033405 ], [ 8.578551721123606, 48.136950602824584 ], [ 8.579144444663013, 48.136659112697352 ], [ 8.579648127044678, 48.136094324934696 ], [ 8.579806304340719, 48.136047849023662 ], [ 8.580194917554106, 48.136109818917873 ], [ 8.582675547913496, 48.136166087034937 ], [ 8.583907101908792, 48.136039465903451 ], [ 8.584636130549249, 48.135841199877831 ], [ 8.585287711208439, 48.135311920095489 ], [ 8.585394077966303, 48.13508872839536 ], [ 8.585426749038438, 48.134653391422482 ], [ 8.585135667494717, 48.134297589351235 ], [ 8.584673462516594, 48.13407882239968 ], [ 8.584230787787497, 48.134071823688345 ], [ 8.582520024731531, 48.134360094192274 ], [ 8.581617635472664, 48.134705896512344 ], [ 8.581136552228079, 48.134760465494772 ], [ 8.580268777585273, 48.134171954780527 ], [ 8.580058307499966, 48.133758763365371 ], [ 8.580164822637233, 48.133124054030546 ], [ 8.579996818921146, 48.133124070003625 ], [ 8.580063429946192, 48.13303164426182 ], [ 8.57985613040533, 48.132971956278212 ], [ 8.579776140144771, 48.133056865470728 ], [ 8.578711889713043, 48.132717920938084 ], [ 8.572540651274057, 48.131136313131513 ], [ 8.571944804831453, 48.130820279849189 ], [ 8.569972035324907, 48.130155234119663 ], [ 8.568137527884845, 48.129291300256341 ], [ 8.567439748185617, 48.127708350900086 ], [ 8.566114909082621, 48.126611569247295 ], [ 8.563352694019855, 48.125015833643083 ], [ 8.561170396451352, 48.125765790502683 ], [ 8.557899248020068, 48.127313696536554 ], [ 8.55647925030749, 48.127835360624204 ], [ 8.558229931595992, 48.129857434215168 ], [ 8.55570421149082, 48.130314643089342 ], [ 8.55587443857126, 48.13085062316793 ], [ 8.554420017011838, 48.131205323987075 ], [ 8.553164486728161, 48.131374001892759 ], [ 8.551506828596365, 48.132005523226162 ], [ 8.549242695451026, 48.133775014392029 ], [ 8.544430189519016, 48.135265557152898 ], [ 8.542019781352746, 48.135755941175439 ], [ 8.536594066405648, 48.136531957552329 ], [ 8.535266674042408, 48.137910517001352 ], [ 8.535759903635736, 48.138977395371668 ], [ 8.538545578737196, 48.141678085959903 ], [ 8.537197903066389, 48.143539363783532 ], [ 8.533950033231063, 48.14382566011006 ], [ 8.533131837481461, 48.144231342872246 ], [ 8.531947297200386, 48.144311906720581 ], [ 8.525104618373993, 48.145369955068951 ], [ 8.521819677036694, 48.145719814069786 ], [ 8.520366555994176, 48.145806788332116 ], [ 8.524781825907995, 48.148531602581976 ], [ 8.528894864524618, 48.150262999848778 ], [ 8.531129706296698, 48.151541342364247 ], [ 8.533603002904531, 48.152676117386825 ], [ 8.538489592655781, 48.153591490913108 ], [ 8.541678778450724, 48.154541016897404 ], [ 8.541986437649207, 48.156019636375696 ], [ 8.542405398086572, 48.157247322417739 ], [ 8.542323088676845, 48.157657346548163 ], [ 8.542388175399775, 48.157838264851222 ], [ 8.542830797832444, 48.157767600544034 ], [ 8.543054212945695, 48.157866285984845 ], [ 8.543917657629217, 48.157908582166691 ], [ 8.544276764873418, 48.157808610643073 ], [ 8.544029368414334, 48.158230846966184 ] ] ] } },
{ "type": "Feature", "properties": { "Gemarkung": "Irslingen", "Schluessel": "085913", "Ebene": "Gemarkung" }, "geometry": { "type": "Polygon", "coordinates": [ [ [ 8.615750220029298, 48.219665322789027 ], [ 8.615086357574395, 48.221066882744516 ], [ 8.613945591432465, 48.222430580876477 ], [ 8.612442093685958, 48.223270507745845 ], [ 8.611290687664043, 48.223338505723 ], [ 8.610140626694829, 48.223264436327042 ], [ 8.608429986779436, 48.222742203380292 ], [ 8.606368055139704, 48.22245625988009 ], [ 8.603651100094275, 48.221809678177912 ], [ 8.602418411908992, 48.222118962788407 ], [ 8.601900463390443, 48.222831521348532 ], [ 8.602837007201712, 48.223596614427009 ], [ 8.603743556277619, 48.223244996204407 ], [ 8.604172460112942, 48.223164782115646 ], [ 8.605240336693035, 48.223717351962684 ], [ 8.606672826577491, 48.224289873195097 ], [ 8.608771376381211, 48.224586282079599 ], [ 8.61059954157504, 48.224959739952283 ], [ 8.612576301716745, 48.226503260628142 ], [ 8.610883226477087, 48.227731821462292 ], [ 8.612319760379133, 48.23025228335478 ], [ 8.613223062755097, 48.235127296513653 ], [ 8.613835801347753, 48.235361114636525 ], [ 8.614329569510419, 48.235764390814332 ], [ 8.615338871639036, 48.237030028167524 ], [ 8.615340917219829, 48.237152391992588 ], [ 8.617120404695644, 48.237311367505036 ], [ 8.618259548119203, 48.238498328925083 ], [ 8.618641068128175, 48.238392892481187 ], [ 8.62087010660963, 48.237284026552473 ], [ 8.620834160017715, 48.237136629813456 ], [ 8.622020682444116, 48.237223217316618 ], [ 8.622465856580984, 48.237323195228214 ], [ 8.6243992196815, 48.237990794401661 ], [ 8.624223876602965, 48.237530123359008 ], [ 8.627778110070226, 48.237103358335489 ], [ 8.62744932065714, 48.236367971740165 ], [ 8.627280060138519, 48.235085373829584 ], [ 8.629746472043001, 48.235168646002187 ], [ 8.632665830963887, 48.236318178824014 ], [ 8.633558460421021, 48.236541989356873 ], [ 8.636597510671487, 48.23758654040693 ], [ 8.636792097749861, 48.238597769475263 ], [ 8.636981553971497, 48.238755272524934 ], [ 8.637306612066945, 48.239373121080504 ], [ 8.637186642241737, 48.239483043738637 ], [ 8.636618671900678, 48.239523895156758 ], [ 8.636412928681899, 48.239649920135051 ], [ 8.636416611605272, 48.239947456956969 ], [ 8.636261526260578, 48.24008974615387 ], [ 8.63623195608487, 48.240347231839237 ], [ 8.635982937166933, 48.240573523728422 ], [ 8.636145135245339, 48.240985911924355 ], [ 8.635988110037859, 48.241382085077184 ], [ 8.63617397817341, 48.241647809851479 ], [ 8.636438267669377, 48.2416810343775 ], [ 8.638332995276606, 48.241114631444084 ], [ 8.639758823441516, 48.241031028428374 ], [ 8.642043241709414, 48.242321200222939 ], [ 8.642342973597801, 48.242410661689746 ], [ 8.642314477385813, 48.242460325493944 ], [ 8.642758126288447, 48.242559410234676 ], [ 8.643048506089347, 48.242541508676972 ], [ 8.643592938216456, 48.24178269581477 ], [ 8.643601376078502, 48.240664956154539 ], [ 8.64344505584863, 48.240502978456639 ], [ 8.643352018411143, 48.239820640316815 ], [ 8.643808192366338, 48.238558719424134 ], [ 8.643964242196864, 48.238429018577065 ], [ 8.644649452861691, 48.238161503201241 ], [ 8.645299278764071, 48.238063194963836 ], [ 8.64570001885202, 48.238325428569567 ], [ 8.645768914845814, 48.238568105445587 ], [ 8.645495424692717, 48.239107792160063 ], [ 8.645423974158151, 48.239488227726937 ], [ 8.645795636188502, 48.239828283795816 ], [ 8.646259418600398, 48.239993633762467 ], [ 8.64685178570206, 48.239969183887716 ], [ 8.646980027425036, 48.239906959756624 ], [ 8.647838285393389, 48.238445717364009 ], [ 8.648150394722657, 48.238181716169834 ], [ 8.648392706672535, 48.238118849798099 ], [ 8.648718403130626, 48.23811210801729 ], [ 8.649134636054852, 48.238553503874257 ], [ 8.649780268170836, 48.239009902089585 ], [ 8.651972661609072, 48.239475487150926 ], [ 8.653106928486581, 48.239836628632325 ], [ 8.653368955203256, 48.239866118725608 ], [ 8.653680061583515, 48.239767731188834 ], [ 8.654182201052079, 48.239361326283849 ], [ 8.654241344038549, 48.238938923071025 ], [ 8.654502198884265, 48.238701830998046 ], [ 8.65414667904351, 48.238337290243123 ], [ 8.653886088089989, 48.237876408184142 ], [ 8.653528706320666, 48.237569709484518 ], [ 8.653032984436255, 48.237546712246747 ], [ 8.652531435698362, 48.237310290402725 ], [ 8.652236472085601, 48.236995949011664 ], [ 8.652362934814265, 48.236697276696376 ], [ 8.652203721232819, 48.23658235549582 ], [ 8.652245965664159, 48.236449600035726 ], [ 8.652558086631343, 48.236238398257839 ], [ 8.65296817274645, 48.23565970074219 ], [ 8.653381934922606, 48.235372780170437 ], [ 8.653966824815004, 48.235330367411301 ], [ 8.654275499511296, 48.23540875869903 ], [ 8.654714299300094, 48.235342241105457 ], [ 8.654917039275659, 48.235232998391581 ], [ 8.655123754499257, 48.235333663411616 ], [ 8.655251667594008, 48.235317132955174 ], [ 8.655653640028376, 48.235179336383709 ], [ 8.656056579489778, 48.234856746291882 ], [ 8.656269306375499, 48.23490443587869 ], [ 8.656267751998563, 48.234694175176173 ], [ 8.656512407171256, 48.23465954874095 ], [ 8.656508874293049, 48.234523416054735 ], [ 8.65667619481882, 48.234373128804521 ], [ 8.656932643261509, 48.234387119604861 ], [ 8.657300161655646, 48.234123438677848 ], [ 8.657342717249183, 48.233982135229631 ], [ 8.65722431057883, 48.233866352879346 ], [ 8.657610512656172, 48.233566739286474 ], [ 8.657628586993852, 48.233461440136331 ], [ 8.657794763112904, 48.233421179155883 ], [ 8.657851145666587, 48.233528499287146 ], [ 8.658428046890833, 48.233428190395699 ], [ 8.658631814485359, 48.233182372154644 ], [ 8.658843976077488, 48.233111836862072 ], [ 8.658751977493639, 48.23271021488582 ], [ 8.658823572416267, 48.232393018863164 ], [ 8.659031716527076, 48.232196965382762 ], [ 8.659785026340332, 48.231931270940187 ], [ 8.65989547258625, 48.231947971937515 ], [ 8.660159046083693, 48.232389146575663 ], [ 8.660380440919319, 48.232448730027492 ], [ 8.661165875153424, 48.23255873947187 ], [ 8.662458286400065, 48.232571447687526 ], [ 8.663406587838796, 48.232673372829829 ], [ 8.664975648078688, 48.233400851325854 ], [ 8.668767073135095, 48.234017053285228 ], [ 8.671245198629549, 48.234187098190127 ], [ 8.675509799025654, 48.233788776905541 ], [ 8.675425443787208, 48.230454310584435 ], [ 8.676710057629359, 48.230735032436705 ], [ 8.678720881301201, 48.230803736592712 ], [ 8.678690097840475, 48.230709183752282 ], [ 8.679645891802101, 48.230840055721778 ], [ 8.680207285127411, 48.230818046781714 ], [ 8.680807393246859, 48.230763394086416 ], [ 8.68011890316067, 48.229853159689888 ], [ 8.68322184686836, 48.23003817853926 ], [ 8.684020089594309, 48.230016263474937 ], [ 8.685158605394898, 48.229643498650844 ], [ 8.68554636235946, 48.228266963306012 ], [ 8.686989744637719, 48.227066134372691 ], [ 8.685900885555634, 48.226442922413064 ], [ 8.685283841786259, 48.22579904018005 ], [ 8.685153910658148, 48.225271919032949 ], [ 8.685226523892322, 48.224101537842913 ], [ 8.685727600224656, 48.223582890624733 ], [ 8.688711005563265, 48.223527488932191 ], [ 8.689530739900297, 48.223430020282315 ], [ 8.690225628309296, 48.223181782145602 ], [ 8.690637400892061, 48.223374793653917 ], [ 8.691368037220538, 48.222934921901647 ], [ 8.691924346396485, 48.222847435014977 ], [ 8.693248568114809, 48.222453854611238 ], [ 8.693801595268109, 48.221560771723667 ], [ 8.694344029739913, 48.220928566656752 ], [ 8.69421075186821, 48.220520294893468 ], [ 8.692618594688019, 48.21923966540097 ], [ 8.690833593650119, 48.218250713099984 ], [ 8.689263141376895, 48.217012740033496 ], [ 8.686338746591817, 48.215910510792192 ], [ 8.685715778585386, 48.215836384810721 ], [ 8.683926643057173, 48.21540682822188 ], [ 8.682856556926321, 48.21542997233567 ], [ 8.681017532393639, 48.215322950317166 ], [ 8.680435651578186, 48.215203295594719 ], [ 8.679365922191689, 48.215471572756513 ], [ 8.678181831368086, 48.216479601857671 ], [ 8.677434525058002, 48.2166552856512 ], [ 8.676682228599383, 48.216297076734584 ], [ 8.676331931152815, 48.215851016292099 ], [ 8.675682964843825, 48.21650667825697 ], [ 8.675129183489142, 48.217371422645584 ], [ 8.671797857363666, 48.218184004472313 ], [ 8.670130401292274, 48.21916708766777 ], [ 8.668211051039208, 48.219827872212527 ], [ 8.667279352002973, 48.220232287584274 ], [ 8.665867106558677, 48.220682893222126 ], [ 8.664714781695913, 48.220705269625746 ], [ 8.663348888360787, 48.220549141467778 ], [ 8.66111675981675, 48.220458373408022 ], [ 8.659835355148472, 48.220273212699261 ], [ 8.658307878495378, 48.220246461086511 ], [ 8.650878120234772, 48.21914226802695 ], [ 8.646747511380243, 48.219782193376886 ], [ 8.644196731235613, 48.220086698898498 ], [ 8.643750352816221, 48.221223509335132 ], [ 8.639399919629602, 48.221649443693387 ], [ 8.635825116763241, 48.221572319284434 ], [ 8.633651283592101, 48.221142560848655 ], [ 8.630070479285342, 48.219998480529554 ], [ 8.629734599390027, 48.219920746075331 ], [ 8.62963296683861, 48.21997493971336 ], [ 8.626626282651365, 48.219140832340699 ], [ 8.624852582035398, 48.218732628857417 ], [ 8.621313155407149, 48.21737572414446 ], [ 8.619484595978284, 48.21695421149213 ], [ 8.618932568734511, 48.216728721017162 ], [ 8.617973568921524, 48.216559996091711 ], [ 8.617246607491102, 48.216524919626849 ], [ 8.61719078620099, 48.216446461018684 ], [ 8.616220792207072, 48.21623719893811 ], [ 8.615195571284891, 48.216123200621027 ], [ 8.615120221442345, 48.215992493791447 ], [ 8.614859775896859, 48.215932872066126 ], [ 8.614666684055887, 48.215598351211924 ], [ 8.614287686071147, 48.215568740211566 ], [ 8.614046971888779, 48.21532015857327 ], [ 8.612009849609816, 48.215206779049147 ], [ 8.614059945279013, 48.21619118915153 ], [ 8.613764195017723, 48.218194428325269 ], [ 8.614769410463328, 48.21904206671617 ], [ 8.615750220029298, 48.219665322789027 ] ] ] } },
{ "type": "Feature", "properties": { "Gemarkung": "Kaltbrunn", "Schluessel": "085781", "Ebene": "Gemarkung" }, "geometry": { "type": "Polygon", "coordinates": [ [ [ 8.394000312566281, 48.321904410645317 ], [ 8.393923881892421, 48.321614942714675 ], [ 8.393531571886838, 48.321253095219561 ], [ 8.393208757168711, 48.321060301884167 ], [ 8.392497627218001, 48.320886239767717 ], [ 8.391738265043738, 48.32041250664205 ], [ 8.390243422170107, 48.320509403664374 ], [ 8.389051559803082, 48.320255128770519 ], [ 8.389018665894254, 48.319519200431358 ], [ 8.388242950555398, 48.319108874201461 ], [ 8.387855916453583, 48.31932570577041 ], [ 8.387141186692823, 48.319512000835111 ], [ 8.386961759565716, 48.319716350325294 ], [ 8.386529629190814, 48.319879586364301 ], [ 8.385952348488484, 48.32042512725809 ], [ 8.385708694876501, 48.320866106048634 ], [ 8.384863662999841, 48.32118394305153 ], [ 8.384759449179715, 48.32126858479478 ], [ 8.384819715371869, 48.321405927513347 ], [ 8.384112597104764, 48.321853059956766 ], [ 8.384097182938646, 48.322349057667992 ], [ 8.384404295874635, 48.322622583245824 ], [ 8.384211605407042, 48.322862304523618 ], [ 8.384542806968811, 48.3232419402432 ], [ 8.384239428419976, 48.323924248506103 ], [ 8.383889766546252, 48.323979505339373 ], [ 8.383839832091388, 48.323835559956827 ], [ 8.382207034057624, 48.32427609856429 ], [ 8.381217496199847, 48.324332766851647 ], [ 8.378929536425055, 48.323897048902083 ], [ 8.376794426112509, 48.324194987986424 ], [ 8.375160401953286, 48.324221929874916 ], [ 8.374780399842225, 48.326383310243934 ], [ 8.374893892024756, 48.326700792103615 ], [ 8.374612562372327, 48.327774372527834 ], [ 8.374661311560249, 48.328763828296601 ], [ 8.374535581577677, 48.329369614321813 ], [ 8.374667411438587, 48.330538106626165 ], [ 8.371452241027297, 48.329110434593666 ], [ 8.370930355193696, 48.328487166869913 ], [ 8.370117950253787, 48.327770269534575 ], [ 8.369401814154443, 48.327519565175358 ], [ 8.36884376990964, 48.327457395833626 ], [ 8.366833226703015, 48.326623504372449 ], [ 8.366134718248299, 48.326596805399433 ], [ 8.364672470106292, 48.326310198873635 ], [ 8.363415445501298, 48.325610859754399 ], [ 8.362410690892071, 48.325239397138866 ], [ 8.361998031647092, 48.325270036982566 ], [ 8.361225342041037, 48.325567678962166 ], [ 8.359781764328542, 48.326564048804556 ], [ 8.358349737087881, 48.326592146002653 ], [ 8.357479137134948, 48.326507754853637 ], [ 8.356261575800236, 48.32607828015886 ], [ 8.355482587809142, 48.325276806560467 ], [ 8.354424719993313, 48.325153106579869 ], [ 8.352382600504766, 48.324675865286451 ], [ 8.351257238723107, 48.324333585074953 ], [ 8.346383100381814, 48.323321386555811 ], [ 8.345428948833083, 48.322993517080391 ], [ 8.343619793880572, 48.322141111422049 ], [ 8.341472652158901, 48.323227071214468 ], [ 8.339305638592503, 48.3238808529374 ], [ 8.338414104565086, 48.323595659605495 ], [ 8.337748454542323, 48.322691974173189 ], [ 8.336527695382161, 48.323267298362019 ], [ 8.334907958458441, 48.323295730056543 ], [ 8.333698157745484, 48.323419720733071 ], [ 8.333238108741909, 48.322759662327599 ], [ 8.333334120151934, 48.322213936220962 ], [ 8.333611343554749, 48.321654325421413 ], [ 8.335065548549679, 48.320512326933361 ], [ 8.334893634986868, 48.320423344707045 ], [ 8.33479655268544, 48.319693866330276 ], [ 8.332101484688135, 48.31899449443263 ], [ 8.331065234461644, 48.318820412903364 ], [ 8.33029979076677, 48.318774573477285 ], [ 8.329529781151338, 48.31857287851652 ], [ 8.327502681386857, 48.318396403359245 ], [ 8.325900008010892, 48.318533398667341 ], [ 8.324968580592687, 48.318524157260093 ], [ 8.324426657399657, 48.318253681760979 ], [ 8.324051177862074, 48.318208921022787 ], [ 8.323636039839464, 48.318307154242248 ], [ 8.323851030255311, 48.318390558712515 ], [ 8.323857820595869, 48.318499369434832 ], [ 8.323027355192687, 48.319219353173089 ], [ 8.323327193384829, 48.319884268499351 ], [ 8.323200278101984, 48.320984094801716 ], [ 8.322856953746545, 48.321647563937844 ], [ 8.322169677142226, 48.322459881041283 ], [ 8.322427267836993, 48.323351177505742 ], [ 8.32282613916337, 48.32365959600083 ], [ 8.322932149839136, 48.323916177624 ], [ 8.32279808637594, 48.324535444330607 ], [ 8.322977646549562, 48.325575085970598 ], [ 8.323297059816486, 48.326190723686636 ], [ 8.322930876556539, 48.327212758218288 ], [ 8.322511234490969, 48.327706457678971 ], [ 8.32231495797182, 48.328875687720178 ], [ 8.322529024861332, 48.329347748257597 ], [ 8.322202753830769, 48.33014473666335 ], [ 8.321958746503736, 48.330445229124052 ], [ 8.321265268438209, 48.330769250166675 ], [ 8.320951814611401, 48.331645391824217 ], [ 8.320600665554336, 48.331864368100092 ], [ 8.320413266341559, 48.332259477371629 ], [ 8.31983336173418, 48.332796573640834 ], [ 8.319760228063746, 48.332969238366744 ], [ 8.319058509306787, 48.333391711544579 ], [ 8.318993031211777, 48.333597169207451 ], [ 8.319117813474314, 48.334045135627797 ], [ 8.318843870710333, 48.334341395586428 ], [ 8.318855533621351, 48.334691527577363 ], [ 8.318389358807694, 48.335247013379885 ], [ 8.318320659747162, 48.335724062870746 ], [ 8.317664849711061, 48.336494433177378 ], [ 8.3174292586784, 48.336928387212744 ], [ 8.317377216746387, 48.337258618256669 ], [ 8.316965946124656, 48.33754974012345 ], [ 8.316500890907125, 48.33761418320919 ], [ 8.315692526880959, 48.338456419021632 ], [ 8.314919637981115, 48.338824462888745 ], [ 8.314201471025022, 48.339448064988026 ], [ 8.314191877823239, 48.339710532294674 ], [ 8.314027079658576, 48.339823358219171 ], [ 8.313752979947409, 48.339955864469978 ], [ 8.313531006405215, 48.339944823501213 ], [ 8.312868807153711, 48.340156971028854 ], [ 8.31257208993209, 48.340335312624745 ], [ 8.310571921086526, 48.340673944187657 ], [ 8.309288708696968, 48.341332363548574 ], [ 8.309190837701163, 48.341304785638123 ], [ 8.308999276314736, 48.341389643733088 ], [ 8.307985158433764, 48.34217480916314 ], [ 8.30725263253705, 48.343220857394428 ], [ 8.306905542281026, 48.343568199269995 ], [ 8.307165167070028, 48.343869174247985 ], [ 8.308035044385042, 48.344261989136854 ], [ 8.308284252538432, 48.344665281560196 ], [ 8.308090929987088, 48.346394727815721 ], [ 8.303940334358987, 48.349035774007412 ], [ 8.304871791684841, 48.34962925185053 ], [ 8.305574557663347, 48.350495921385445 ], [ 8.30608510798149, 48.350867957505429 ], [ 8.30809574392692, 48.352031107938288 ], [ 8.312071825652176, 48.353453043110825 ], [ 8.312851572022936, 48.354249413632338 ], [ 8.313905732394739, 48.354757002142932 ], [ 8.316409741985101, 48.355632714004791 ], [ 8.317747417728832, 48.355929899298367 ], [ 8.318291917307324, 48.356236766008394 ], [ 8.320181128842268, 48.358415520735711 ], [ 8.320599977672487, 48.359687608917461 ], [ 8.319223315002725, 48.36054486220258 ], [ 8.318687687623703, 48.361087340620195 ], [ 8.3179080942051, 48.36140759138128 ], [ 8.317701838969157, 48.362962076140221 ], [ 8.31699856388998, 48.364306776461227 ], [ 8.316730982568954, 48.365123616168816 ], [ 8.315743914277782, 48.366463293695212 ], [ 8.315513395458987, 48.367564915857784 ], [ 8.315199014003962, 48.368133074717491 ], [ 8.315219154449819, 48.36864501586961 ], [ 8.315409034306732, 48.369085363973269 ], [ 8.315828738844258, 48.369595543504957 ], [ 8.316760238771279, 48.370244162204564 ], [ 8.316812387324852, 48.370706361399385 ], [ 8.317011283065437, 48.371201100150358 ], [ 8.318845280856966, 48.372555087525008 ], [ 8.319817630689482, 48.373986003698505 ], [ 8.319763748360083, 48.374827593689531 ], [ 8.32064354284992, 48.375546858170765 ], [ 8.3207871157335, 48.375788636726298 ], [ 8.320916699057369, 48.376270093747742 ], [ 8.320725874972185, 48.377428007950854 ], [ 8.321300085481223, 48.378830198529755 ], [ 8.321317208912202, 48.379258990614566 ], [ 8.32163250208157, 48.379903032024949 ], [ 8.322167696111224, 48.380524797058641 ], [ 8.322818209727279, 48.38102668310556 ], [ 8.32372324441223, 48.381585031431065 ], [ 8.325038521472647, 48.382221172106078 ], [ 8.32722999893223, 48.383715487757179 ], [ 8.328034883769766, 48.384788994306668 ], [ 8.328163185082044, 48.385200260921877 ], [ 8.328273634803869, 48.387101628534289 ], [ 8.32837577315564, 48.387151076642816 ], [ 8.328957616685829, 48.387236521236126 ], [ 8.330996524011148, 48.38696814968241 ], [ 8.33244142057158, 48.386933628515415 ], [ 8.334347264898343, 48.386364027292935 ], [ 8.335951916545564, 48.386216218760865 ], [ 8.336518676862177, 48.386236042451991 ], [ 8.336792171758557, 48.386164746482066 ], [ 8.337684592988616, 48.385684068294431 ], [ 8.338791753494668, 48.385224140243459 ], [ 8.339822632840729, 48.384937849040277 ], [ 8.340351256268837, 48.384876825028215 ], [ 8.341586447541449, 48.38495893260037 ], [ 8.342305872282985, 48.384785993448496 ], [ 8.343821722262861, 48.384805624949685 ], [ 8.345309652204817, 48.38449589014688 ], [ 8.349451432666083, 48.382669672989437 ], [ 8.353492406842717, 48.381752211836769 ], [ 8.353684354690168, 48.380277479085649 ], [ 8.354291327277721, 48.380081701399419 ], [ 8.355073879892245, 48.380002152069451 ], [ 8.356968650729131, 48.379423926975868 ], [ 8.357698593814979, 48.379381401859867 ], [ 8.358500732624528, 48.378268402599311 ], [ 8.359469045654004, 48.377523836418185 ], [ 8.359716534952783, 48.377140067099333 ], [ 8.360013052962625, 48.376292072404731 ], [ 8.359641353722392, 48.375801755267567 ], [ 8.359187797002647, 48.375453757983756 ], [ 8.358911130082658, 48.374978092463756 ], [ 8.357747992493755, 48.373661330778823 ], [ 8.357278245152768, 48.372091667985728 ], [ 8.357513693330409, 48.371483548839343 ], [ 8.358303026486807, 48.370842713266114 ], [ 8.359354306861308, 48.370394330564437 ], [ 8.360815647179365, 48.369999408359099 ], [ 8.358745565175273, 48.369343726500283 ], [ 8.356866015631164, 48.368573015490348 ], [ 8.356158547488528, 48.368001638015031 ], [ 8.355945771564372, 48.366886748555885 ], [ 8.355933412610213, 48.366560549843449 ], [ 8.356940959978367, 48.364647284864084 ], [ 8.357144239959846, 48.363256364630679 ], [ 8.357038325662188, 48.362618177856689 ], [ 8.356541553077887, 48.362013972002089 ], [ 8.356407344772538, 48.361500680148801 ], [ 8.356492477903622, 48.360915472219972 ], [ 8.35644393039939, 48.359946707383834 ], [ 8.356667248458002, 48.358475558537251 ], [ 8.356979333186743, 48.357962602824941 ], [ 8.357028046367605, 48.356869957129199 ], [ 8.357412637926187, 48.355903702151757 ], [ 8.358169743178436, 48.354854056173046 ], [ 8.357910653768986, 48.353880607355556 ], [ 8.357860968336931, 48.35295771877032 ], [ 8.357939190976881, 48.352404318679916 ], [ 8.358556340161526, 48.351574307479247 ], [ 8.359121049115455, 48.349833354621126 ], [ 8.35949572981019, 48.34942429217778 ], [ 8.359155362459221, 48.347893316712835 ], [ 8.358967326288692, 48.345990635146926 ], [ 8.358674162286048, 48.344336125613239 ], [ 8.359327763448018, 48.344411471570105 ], [ 8.35986668959614, 48.342759436873806 ], [ 8.359757143104385, 48.342228560918343 ], [ 8.359321678354236, 48.341548053964594 ], [ 8.358755213010673, 48.340962540112926 ], [ 8.358705760981872, 48.340784489314942 ], [ 8.359235885328706, 48.339316390381299 ], [ 8.36010107971358, 48.338265351801297 ], [ 8.360819333641937, 48.338441362517592 ], [ 8.361865718010023, 48.338319059026681 ], [ 8.363575378256417, 48.338605270082134 ], [ 8.364539614777748, 48.338675557308584 ], [ 8.364496437595582, 48.338327775534857 ], [ 8.365204283525737, 48.337636957435045 ], [ 8.365394994660232, 48.337264016105628 ], [ 8.365124565854382, 48.336580212512295 ], [ 8.364433393029852, 48.335985041032728 ], [ 8.36467489147419, 48.334728183404529 ], [ 8.365978670518208, 48.33463614339697 ], [ 8.366421243664528, 48.334211777415781 ], [ 8.367222966303592, 48.333735045814088 ], [ 8.367841717756971, 48.333596119852132 ], [ 8.36858284542113, 48.333632128971757 ], [ 8.370085443070868, 48.333378382901039 ], [ 8.37476429721783, 48.332909900643095 ], [ 8.377204764151116, 48.332796556445452 ], [ 8.377918065895493, 48.332457551196157 ], [ 8.378621058780825, 48.332100042536553 ], [ 8.379233775404964, 48.331598184745054 ], [ 8.380641783485888, 48.329564327483176 ], [ 8.381493452515917, 48.329124111978153 ], [ 8.383799397455306, 48.327147491296039 ], [ 8.38540894421503, 48.326313108943182 ], [ 8.387152059677261, 48.32586762482515 ], [ 8.389056499852572, 48.325263549163047 ], [ 8.390511362686102, 48.324593723526306 ], [ 8.392361828696863, 48.323994705116242 ], [ 8.394543140787421, 48.323158535596484 ], [ 8.394027806495819, 48.322851822019494 ], [ 8.393904008208038, 48.32258648572072 ], [ 8.393834893400818, 48.322339880788824 ], [ 8.394000312566281, 48.321904410645317 ] ] ] } },
{ "type": "Feature", "properties": { "Gemarkung": "Kappel", "Schluessel": "086032", "Ebene": "Gemarkung" }, "geometry": { "type": "Polygon", "coordinates": [ [ [ 8.506580956382507, 48.104387305080778 ], [ 8.505758080860918, 48.104707663137496 ], [ 8.505313039537128, 48.104792659841429 ], [ 8.503404313848186, 48.10496445876035 ], [ 8.502355381959603, 48.105182148622674 ], [ 8.501084763556362, 48.105278216141528 ], [ 8.4949730581873, 48.103078100163685 ], [ 8.49220752512028, 48.10470670746858 ], [ 8.489862413181809, 48.10621322546011 ], [ 8.488162228707942, 48.106625918243964 ], [ 8.487693059732507, 48.106809167068029 ], [ 8.488185612258651, 48.107287935899819 ], [ 8.487580677357043, 48.108100913272814 ], [ 8.486808152226303, 48.109539513997568 ], [ 8.485808580664598, 48.110435381073202 ], [ 8.484757764647776, 48.111118589227772 ], [ 8.482643256774514, 48.112313884661432 ], [ 8.482043371864467, 48.112556262181727 ], [ 8.481186956734176, 48.113297444769586 ], [ 8.479857832695822, 48.114693806658607 ], [ 8.47786282630889, 48.115592471980072 ], [ 8.475924025414015, 48.116823529778024 ], [ 8.468887548471816, 48.118649926053486 ], [ 8.468486891634239, 48.119325281096266 ], [ 8.467410420886674, 48.119291686957773 ], [ 8.467291844451809, 48.121832261184515 ], [ 8.469107938243912, 48.124045838146891 ], [ 8.467776212761779, 48.126181512206138 ], [ 8.470389389959994, 48.126371635079465 ], [ 8.471843663559627, 48.126730021274803 ], [ 8.475225963292585, 48.127924305398707 ], [ 8.477547405064525, 48.127222317233333 ], [ 8.47936958913691, 48.126488871214661 ], [ 8.480824380431354, 48.126175697847437 ], [ 8.482636487858173, 48.125527356317541 ], [ 8.486087486699345, 48.124863563826992 ], [ 8.488048038166731, 48.124316657315028 ], [ 8.490093230418774, 48.122939127072804 ], [ 8.492559978206339, 48.122407164055616 ], [ 8.494297432780572, 48.121642067161361 ], [ 8.496946726848845, 48.120899472720673 ], [ 8.499123343302616, 48.120712304347528 ], [ 8.500373115579956, 48.120699390392765 ], [ 8.502183147436279, 48.120957452488803 ], [ 8.503748790745055, 48.121297563630193 ], [ 8.506126371463564, 48.121563950856185 ], [ 8.50845346888743, 48.122279294702437 ], [ 8.511841354831738, 48.12047489493289 ], [ 8.513082788964969, 48.118200942574937 ], [ 8.515470857639405, 48.117127522402953 ], [ 8.516940252519449, 48.115950057683236 ], [ 8.516475230279537, 48.114361474046149 ], [ 8.516833104107524, 48.112589302126054 ], [ 8.519393883416692, 48.113416431485348 ], [ 8.51974568241876, 48.113625553897847 ], [ 8.523854029064541, 48.112055750364419 ], [ 8.526771663893443, 48.111719346067304 ], [ 8.526440015270564, 48.108350295250467 ], [ 8.52617083242267, 48.108361511664128 ], [ 8.525933932020381, 48.107973841452612 ], [ 8.52527681942791, 48.107339445948583 ], [ 8.525365401743835, 48.107202156947949 ], [ 8.523316405289515, 48.106328249636512 ], [ 8.522819629232785, 48.106590791297243 ], [ 8.521318906857429, 48.105876032128108 ], [ 8.51979333847966, 48.105323816181837 ], [ 8.518811267048765, 48.105753546284447 ], [ 8.517318961854752, 48.104650456998549 ], [ 8.51528507560718, 48.102851841605649 ], [ 8.511273569293747, 48.101341159332584 ], [ 8.508267440103646, 48.102726029078234 ], [ 8.507009021606374, 48.103520386182161 ], [ 8.506580956382507, 48.104387305080778 ] ] ] } },
{ "type": "Feature", "properties": { "Gemarkung": "Königsfeld", "Schluessel": "086000", "Ebene": "Gemarkung" }, "geometry": { "type": "Polygon", "coordinates": [ [ [ 8.420528861234185, 48.135725037295849 ], [ 8.420067858726858, 48.134684545438567 ], [ 8.420141571764939, 48.134560038651777 ], [ 8.419482729200755, 48.13440322349512 ], [ 8.419606235608562, 48.13427321044211 ], [ 8.419479398996584, 48.133887857022799 ], [ 8.419100826030263, 48.133764574336055 ], [ 8.417651379732579, 48.133980635430383 ], [ 8.416051088059858, 48.134045211730509 ], [ 8.414521083698252, 48.133932702451517 ], [ 8.412546624729808, 48.134938121714946 ], [ 8.412656507551791, 48.134990776087768 ], [ 8.412382548492449, 48.13545326237324 ], [ 8.41096844722354, 48.135475084151416 ], [ 8.40965771704362, 48.135085535688127 ], [ 8.40415516195602, 48.134807652814793 ], [ 8.405469474010028, 48.135581275724014 ], [ 8.405444449939345, 48.135629910156851 ], [ 8.406635048554342, 48.135828509450775 ], [ 8.407601250823483, 48.135799844755972 ], [ 8.407485517377484, 48.136431199209767 ], [ 8.407162988554502, 48.136367636488743 ], [ 8.40700072926232, 48.136404766864644 ], [ 8.407270748114138, 48.137106668015605 ], [ 8.408107875289483, 48.138007175607434 ], [ 8.408232214090589, 48.138310925531371 ], [ 8.408298228345883, 48.139104982587085 ], [ 8.409070947005636, 48.139273783499583 ], [ 8.409136868880504, 48.13923372579643 ], [ 8.40874657617513, 48.137495923355253 ], [ 8.409914466243364, 48.137182621089224 ], [ 8.410274625394639, 48.138796645951224 ], [ 8.411105745490667, 48.138818991434782 ], [ 8.411199966600146, 48.139748146513242 ], [ 8.41166150861765, 48.139764995234053 ], [ 8.411293981278474, 48.141295215418516 ], [ 8.410975463286567, 48.143380710985817 ], [ 8.412476724865396, 48.144209912046648 ], [ 8.412594088503447, 48.143479054831928 ], [ 8.415050718443887, 48.142989460458267 ], [ 8.41626133028762, 48.142946941480368 ], [ 8.416948329391822, 48.143107156536061 ], [ 8.417050893763891, 48.142917659876254 ], [ 8.417456525599139, 48.142900462900094 ], [ 8.419013072914739, 48.143270021496178 ], [ 8.419776165671466, 48.143359257943224 ], [ 8.420083500918285, 48.143583485065164 ], [ 8.421285810497199, 48.143778122444374 ], [ 8.423950756190925, 48.144968858431582 ], [ 8.425741931744007, 48.145236215695839 ], [ 8.426381145085758, 48.145395235781905 ], [ 8.428056324230429, 48.145529991877318 ], [ 8.428765184055106, 48.145386326049021 ], [ 8.429375388191463, 48.145422466116827 ], [ 8.429761624043996, 48.145361493924213 ], [ 8.430091764862231, 48.145291515207028 ], [ 8.430329761951912, 48.145080725570047 ], [ 8.430578076044311, 48.145006561118961 ], [ 8.431127836301219, 48.144964748248526 ], [ 8.431147191764603, 48.145074517562193 ], [ 8.431390867852912, 48.14501850235564 ], [ 8.431421881036838, 48.145290005504997 ], [ 8.428874045691115, 48.145692045504653 ], [ 8.428149958029712, 48.145874953155783 ], [ 8.42774382286137, 48.145730059321309 ], [ 8.427192946212056, 48.145726235622256 ], [ 8.427475342237681, 48.147846437313547 ], [ 8.426096606284654, 48.14775328008141 ], [ 8.424138523000167, 48.147928554762579 ], [ 8.423532166449531, 48.150055465510867 ], [ 8.42390355486001, 48.151276690929095 ], [ 8.424078799918739, 48.152989877666997 ], [ 8.423900432133692, 48.154078070053551 ], [ 8.424374768597236, 48.155823883778041 ], [ 8.425924952214107, 48.156260883035422 ], [ 8.425871022006733, 48.156599260382229 ], [ 8.425975999700084, 48.156675089497035 ], [ 8.426929985477894, 48.156956507192689 ], [ 8.427586984111459, 48.156883936306912 ], [ 8.429903877198326, 48.156878806663109 ], [ 8.430421016438086, 48.157074445806479 ], [ 8.431062609342536, 48.156826067528939 ], [ 8.431426834804292, 48.156890578793259 ], [ 8.432497941624536, 48.156614086451157 ], [ 8.432897657393253, 48.156642780321981 ], [ 8.433437391922007, 48.156399104444986 ], [ 8.434207712093164, 48.156401279399986 ], [ 8.434724113994269, 48.156212184317461 ], [ 8.436079924087293, 48.155891803533194 ], [ 8.436515120121957, 48.155602525347838 ], [ 8.437833897513672, 48.155050899604149 ], [ 8.438445311022532, 48.15459297250235 ], [ 8.438918903945135, 48.154380797033596 ], [ 8.439990686021181, 48.154206713862131 ], [ 8.440043124403102, 48.154330318086721 ], [ 8.440738527967847, 48.154170948195997 ], [ 8.441300915605996, 48.153903143660457 ], [ 8.441939971747361, 48.152875822647111 ], [ 8.442164425094809, 48.152598455253383 ], [ 8.442714020491925, 48.152230805007015 ], [ 8.443232028317301, 48.151364475628242 ], [ 8.443145586710134, 48.151351101200319 ], [ 8.442760831683847, 48.152042544934545 ], [ 8.44208601284979, 48.152551200335807 ], [ 8.441629071490448, 48.153201803283274 ], [ 8.439530969391576, 48.152416860642163 ], [ 8.438445445237086, 48.152769282799092 ], [ 8.436585555490321, 48.153565861824461 ], [ 8.435323317285555, 48.153782793108576 ], [ 8.43363052628621, 48.153902761495331 ], [ 8.4337343703955, 48.154302109817166 ], [ 8.43271733762111, 48.154398670878209 ], [ 8.431637163289981, 48.154368233083396 ], [ 8.43153940919755, 48.15416153859438 ], [ 8.430562168649306, 48.154234345379727 ], [ 8.430319246240277, 48.151108665102626 ], [ 8.42985625847682, 48.150945593088601 ], [ 8.428866865923204, 48.150301354336094 ], [ 8.429345958203818, 48.150551151418981 ], [ 8.430693351569943, 48.149328123198686 ], [ 8.430623923416935, 48.149284413748788 ], [ 8.433583062208436, 48.147525455541235 ], [ 8.434120795345947, 48.146831106400157 ], [ 8.435321615543822, 48.146106995271886 ], [ 8.434957340822951, 48.14586975342236 ], [ 8.434534196139653, 48.145423580229668 ], [ 8.434119997053923, 48.14517934230706 ], [ 8.433773688042368, 48.145045380774135 ], [ 8.433230542442685, 48.144962720343372 ], [ 8.433159982235582, 48.144509373066242 ], [ 8.433401761766568, 48.144600805194997 ], [ 8.433618190676848, 48.144516040459877 ], [ 8.433734361371352, 48.144343060587204 ], [ 8.43397021458598, 48.144313272631805 ], [ 8.433952866727997, 48.144093750174207 ], [ 8.434528645212893, 48.143566840510303 ], [ 8.434071989352431, 48.143334089544027 ], [ 8.43337578267554, 48.142808383003057 ], [ 8.433542521977241, 48.142523009992367 ], [ 8.434477836720474, 48.14175504251795 ], [ 8.435194500744229, 48.141457256594535 ], [ 8.434933144923674, 48.140970403204875 ], [ 8.434075259549513, 48.139416626549703 ], [ 8.431663219288836, 48.138869941964806 ], [ 8.430691965636729, 48.13848834004088 ], [ 8.429649251002918, 48.138188608016989 ], [ 8.427853597249687, 48.137896906890361 ], [ 8.426019585770977, 48.137213525787274 ], [ 8.42211678038964, 48.136024535897661 ], [ 8.42205748587609, 48.135870568599401 ], [ 8.421704510966276, 48.135931592331154 ], [ 8.420528861234185, 48.135725037295849 ] ], [ [ 8.438851880781419, 48.154263239046202 ], [ 8.439040567046263, 48.154284133386859 ], [ 8.438895274467114, 48.154315903347609 ], [ 8.438851880781419, 48.154263239046202 ] ] ] } },
{ "type": "Feature", "properties": { "Gemarkung": "Lackendorf", "Schluessel": "085871", "Ebene": "Gemarkung" }, "geometry": { "type": "Polygon", "coordinates": [ [ [ 8.525218420043924, 48.182259323822244 ], [ 8.521506929375551, 48.182798326003422 ], [ 8.520222149509209, 48.182826259678478 ], [ 8.516760224130307, 48.183111536702832 ], [ 8.516367935438565, 48.181708794212078 ], [ 8.513268905483672, 48.181353290917848 ], [ 8.509360648539259, 48.181373024089019 ], [ 8.505851703500365, 48.181179404710171 ], [ 8.501734063622546, 48.182358133544142 ], [ 8.498096653928776, 48.182875828244022 ], [ 8.497075279531428, 48.184223513887403 ], [ 8.496122944766501, 48.185700868724219 ], [ 8.49362244539836, 48.185598202577388 ], [ 8.490768563680033, 48.184255129129866 ], [ 8.489525201140296, 48.183575114175419 ], [ 8.484515750180197, 48.183096435132256 ], [ 8.483787294792926, 48.184994579090471 ], [ 8.48374087134604, 48.18538384797354 ], [ 8.48425555952563, 48.186851578929243 ], [ 8.483980891014614, 48.186831272823731 ], [ 8.48418944164016, 48.187541077113124 ], [ 8.484345378862416, 48.188815292308568 ], [ 8.484906616124002, 48.188852086730513 ], [ 8.485025132863107, 48.18980764175641 ], [ 8.485716446257042, 48.190050774581877 ], [ 8.486163779075879, 48.189746429517299 ], [ 8.489206333953486, 48.190049150027264 ], [ 8.491296233973207, 48.189881897357864 ], [ 8.493591000231957, 48.18951397817375 ], [ 8.494739722594044, 48.189206209563039 ], [ 8.495614585694403, 48.188792683910059 ], [ 8.49622437813437, 48.188337774001852 ], [ 8.500206655683574, 48.188523309044008 ], [ 8.505062511154655, 48.189904113393027 ], [ 8.507535520440591, 48.190330211970434 ], [ 8.5089891430757, 48.190479750866388 ], [ 8.510031670565764, 48.190393869859619 ], [ 8.510857599924176, 48.190148802098157 ], [ 8.511590568182422, 48.189830638334691 ], [ 8.513281217906783, 48.190724365599849 ], [ 8.513284648578562, 48.19100148534266 ], [ 8.513540646770718, 48.19123513934634 ], [ 8.514496941668357, 48.191475891022193 ], [ 8.514826455142575, 48.191448761930587 ], [ 8.515859639558588, 48.191798689474197 ], [ 8.516177309847954, 48.192086398853782 ], [ 8.516292449311919, 48.192333848833172 ], [ 8.516054781708574, 48.192980986647918 ], [ 8.516498278730673, 48.193654382761103 ], [ 8.517680281156553, 48.194957333131462 ], [ 8.519334585700088, 48.19578091183152 ], [ 8.519332617644471, 48.196250272592195 ], [ 8.519901942093233, 48.197089184529588 ], [ 8.520653571253719, 48.197920036819177 ], [ 8.521575524506314, 48.198657395355632 ], [ 8.522125953736641, 48.198250055394176 ], [ 8.52296099352742, 48.198480605437155 ], [ 8.524915566799763, 48.198856582951983 ], [ 8.527960527012672, 48.199317711759193 ], [ 8.529750435229673, 48.199768414770595 ], [ 8.529967254579327, 48.199928546691289 ], [ 8.530734690794304, 48.198800500727053 ], [ 8.531034004293785, 48.199933712917307 ], [ 8.532049617006285, 48.201076409698977 ], [ 8.532344159901408, 48.201614633404951 ], [ 8.532565308961864, 48.201596459356821 ], [ 8.532609875170484, 48.201831009872038 ], [ 8.533200753860671, 48.201809478824984 ], [ 8.53332307612143, 48.20235914634889 ], [ 8.535130600026136, 48.203289461501186 ], [ 8.537157247039467, 48.203628094656892 ], [ 8.540078000771535, 48.203770091427693 ], [ 8.541839676174265, 48.202495967090265 ], [ 8.542169373917522, 48.203013252751113 ], [ 8.543586526848902, 48.20253233527923 ], [ 8.543892505901631, 48.202812633452133 ], [ 8.545272018845695, 48.202339553106142 ], [ 8.545372895359302, 48.202437748370208 ], [ 8.546911897731286, 48.201854167201375 ], [ 8.548686938303582, 48.200058170002229 ], [ 8.550727099590333, 48.197246171002 ], [ 8.550886692487095, 48.195476382873458 ], [ 8.55129129096586, 48.193878311945646 ], [ 8.552077770716506, 48.192631617752333 ], [ 8.552734179203483, 48.192133135277096 ], [ 8.553038157824009, 48.191512630675263 ], [ 8.554007241553737, 48.190347964786881 ], [ 8.555245173548739, 48.19021789697608 ], [ 8.555261984225218, 48.189830104873501 ], [ 8.554870673553813, 48.189834258414805 ], [ 8.554985183103087, 48.18852807913688 ], [ 8.553510865264734, 48.188552592108877 ], [ 8.552158896087477, 48.188401942974025 ], [ 8.552168734874803, 48.188183805963156 ], [ 8.550572641019999, 48.188010504298042 ], [ 8.549228898085016, 48.187660840907682 ], [ 8.549289565044306, 48.187416812324741 ], [ 8.549104968422569, 48.187370923882085 ], [ 8.548624026354268, 48.188069446915421 ], [ 8.547948798793472, 48.187832963680343 ], [ 8.547612342450046, 48.188103257219709 ], [ 8.547230191126404, 48.187817449979185 ], [ 8.54733349666866, 48.187728697305168 ], [ 8.546499469096286, 48.187299315869438 ], [ 8.545999699832644, 48.18706360314598 ], [ 8.545747958096564, 48.187216995883951 ], [ 8.544798119464414, 48.186391549579334 ], [ 8.54446409286953, 48.186052841726394 ], [ 8.543374704095672, 48.184114990013839 ], [ 8.541561826021557, 48.184582992441335 ], [ 8.541308607651551, 48.184615270980103 ], [ 8.541287031794909, 48.184439924718866 ], [ 8.540360101556589, 48.185113690931082 ], [ 8.537913897242921, 48.185774425069475 ], [ 8.537527920711929, 48.185293606602748 ], [ 8.536993458216042, 48.184285868483087 ], [ 8.536582130424183, 48.184306253528533 ], [ 8.535467159173937, 48.183688162745405 ], [ 8.535243554266451, 48.183748528045996 ], [ 8.534612705359017, 48.183556770393174 ], [ 8.53471666956629, 48.18332237133103 ], [ 8.533064644058227, 48.182516565364018 ], [ 8.532381067535505, 48.182651799671866 ], [ 8.531625586552934, 48.182690289850662 ], [ 8.530801935543435, 48.182577078462842 ], [ 8.529996938823581, 48.182336810769215 ], [ 8.527756339469102, 48.182260960791432 ], [ 8.525218420043924, 48.182259323822244 ] ] ] } },
{ "type": "Feature", "properties": { "Gemarkung": "Lauffen", "Schluessel": "085956", "Ebene": "Gemarkung" }, "geometry": { "type": "Polygon", "coordinates": [ [ [ 8.631430117438791, 48.108738209257787 ], [ 8.630477449342642, 48.109872195319866 ], [ 8.63032722211133, 48.110438705266006 ], [ 8.629114283707406, 48.111775984877752 ], [ 8.627097122872014, 48.114330012029249 ], [ 8.626408059348897, 48.115918808320508 ], [ 8.626626986186384, 48.116819492160346 ], [ 8.625294035612853, 48.118144734004765 ], [ 8.624855134026831, 48.11880026469332 ], [ 8.624464757692431, 48.119138267420865 ], [ 8.622287935888556, 48.119993408255588 ], [ 8.622284222595137, 48.119491812193949 ], [ 8.622219768640955, 48.119559347906396 ], [ 8.622122527057224, 48.119517192076643 ], [ 8.620499136761367, 48.120643488077739 ], [ 8.620343422667867, 48.121807727712088 ], [ 8.619533881840745, 48.121927230099189 ], [ 8.619366117150332, 48.121808903647818 ], [ 8.619331123534579, 48.12139825384773 ], [ 8.619228896942172, 48.121266828656061 ], [ 8.618998295779493, 48.121342089215418 ], [ 8.618282198103843, 48.121871976579051 ], [ 8.618118802053845, 48.122125509521766 ], [ 8.617340523149705, 48.122720412692772 ], [ 8.616244927547065, 48.123121445408479 ], [ 8.612642564903, 48.123692277055866 ], [ 8.610901154124814, 48.124706925931427 ], [ 8.610894895990036, 48.12478823774449 ], [ 8.610664302438547, 48.124752098555284 ], [ 8.608972199170978, 48.123828568507633 ], [ 8.608340954125648, 48.123926016023226 ], [ 8.607016226074082, 48.123365118508104 ], [ 8.603448020201503, 48.124510778024252 ], [ 8.601326447616628, 48.126035719571917 ], [ 8.602056240312161, 48.126146392870005 ], [ 8.603545008228348, 48.127361546069054 ], [ 8.605185900916231, 48.129235333456798 ], [ 8.606045710507427, 48.129890027002993 ], [ 8.60669101824382, 48.130513120456243 ], [ 8.608846771744014, 48.131941104264286 ], [ 8.609513326190999, 48.132623724093875 ], [ 8.609792357869955, 48.133171779378806 ], [ 8.611303467374308, 48.134166749633565 ], [ 8.613520372118357, 48.134844681898258 ], [ 8.615042272926505, 48.135437113321053 ], [ 8.618095046993808, 48.136187480418975 ], [ 8.619060788255705, 48.136950661391019 ], [ 8.620309198287085, 48.138903360756316 ], [ 8.620987683609236, 48.139550144451341 ], [ 8.621310720331369, 48.139656204096767 ], [ 8.622368952252245, 48.139498819693678 ], [ 8.623288306775587, 48.139123153341878 ], [ 8.623462017411232, 48.139246081613287 ], [ 8.62398144985818, 48.138780658434356 ], [ 8.62436941592834, 48.138259651744292 ], [ 8.6267173782069, 48.138002789784778 ], [ 8.626324257528193, 48.137033436062154 ], [ 8.626387903222893, 48.136801700501216 ], [ 8.626658039235792, 48.13662083904115 ], [ 8.626981988412822, 48.136767012356387 ], [ 8.628791350967147, 48.136892170447986 ], [ 8.629300182997804, 48.136712973158062 ], [ 8.630219190303031, 48.136184481184081 ], [ 8.630677511555023, 48.136018520782443 ], [ 8.631701694074694, 48.135871557450763 ], [ 8.632027461668917, 48.135896262973922 ], [ 8.632751604721314, 48.136337902260202 ], [ 8.634279442569625, 48.136207369213786 ], [ 8.634128712268435, 48.135969278910871 ], [ 8.635728854815664, 48.135913811724329 ], [ 8.635821898721378, 48.135149002236744 ], [ 8.636295566900959, 48.135146993282184 ], [ 8.636418064125767, 48.134111646788106 ], [ 8.637815081496193, 48.133747360718118 ], [ 8.639050165324925, 48.133683858628537 ], [ 8.638922777147178, 48.133277424042248 ], [ 8.642616119894839, 48.132336455647994 ], [ 8.644572213660251, 48.131631578644154 ], [ 8.645343205014148, 48.131698108930159 ], [ 8.646925679729177, 48.130963877709355 ], [ 8.647086172458254, 48.131097886104612 ], [ 8.648352626482364, 48.130247502765897 ], [ 8.648729653798872, 48.13029948875262 ], [ 8.649043995605018, 48.130557223438203 ], [ 8.649930884408224, 48.130259248454969 ], [ 8.651070773863992, 48.130048586141335 ], [ 8.653942164292012, 48.129721499608266 ], [ 8.654766574035349, 48.128131779477798 ], [ 8.656425235090982, 48.126476082750983 ], [ 8.656761519233791, 48.125863221819202 ], [ 8.657278137034957, 48.125613837010583 ], [ 8.658413881524863, 48.124163931481661 ], [ 8.659034933953142, 48.123013978436177 ], [ 8.659489132804685, 48.1210407507253 ], [ 8.660414775582961, 48.120312931931373 ], [ 8.656997713898297, 48.1193313767033 ], [ 8.654752970847632, 48.118069751253067 ], [ 8.651160285822447, 48.116353967045789 ], [ 8.648411311124523, 48.11475725555583 ], [ 8.647744238585711, 48.11328311945033 ], [ 8.646710699600556, 48.112593743587254 ], [ 8.643824829603389, 48.111220526300862 ], [ 8.642857496396955, 48.110528981420558 ], [ 8.639794126807102, 48.109903393860002 ], [ 8.639661548240586, 48.109631897617497 ], [ 8.639758974842554, 48.109377856903095 ], [ 8.64031392863461, 48.109109504165659 ], [ 8.642051501036633, 48.108816857532311 ], [ 8.643646845095059, 48.10869099857026 ], [ 8.644303197182643, 48.108734058395115 ], [ 8.644711803268896, 48.107806288464403 ], [ 8.644453776130613, 48.106885993298931 ], [ 8.643935272228847, 48.106415372384838 ], [ 8.64345008733094, 48.105712368967978 ], [ 8.642806735746422, 48.105601686893834 ], [ 8.641503477254812, 48.105656649357336 ], [ 8.63960702157992, 48.105613739891609 ], [ 8.637995614783852, 48.105743630829345 ], [ 8.633993685686621, 48.105695776569796 ], [ 8.633356116737875, 48.106493671074681 ], [ 8.6319907040586, 48.107723610502781 ], [ 8.631430117438791, 48.108738209257787 ] ] ] } },
{ "type": "Feature", "properties": { "Gemarkung": "Lauterbach", "Schluessel": "085840", "Ebene": "Gemarkung" }, "geometry": { "type": "Polygon", "coordinates": [ [ [ 8.33218220362858, 48.21453575473079 ], [ 8.324991358327376, 48.215696018129101 ], [ 8.320800434569103, 48.21479656525301 ], [ 8.316006599561577, 48.214239485421729 ], [ 8.313988686755604, 48.213848241937235 ], [ 8.31220924978431, 48.213654702763613 ], [ 8.309435994617195, 48.214390580892918 ], [ 8.304769479603914, 48.215149776877425 ], [ 8.301332941102922, 48.216456349923504 ], [ 8.298099309453832, 48.217797347716072 ], [ 8.299929314217929, 48.220469793660257 ], [ 8.299259199402677, 48.22104565237737 ], [ 8.298843653729696, 48.221957475203794 ], [ 8.298225484608235, 48.221922124422662 ], [ 8.296750786851577, 48.221600020875776 ], [ 8.296110161041652, 48.221622011626089 ], [ 8.295637012465306, 48.223332485921489 ], [ 8.295577187029641, 48.22430720456537 ], [ 8.295259958096219, 48.22488673074816 ], [ 8.294180947347742, 48.224659777378612 ], [ 8.293391912641285, 48.225297489993125 ], [ 8.293324273174925, 48.225917141191061 ], [ 8.2930327008063, 48.226293218795206 ], [ 8.295006020104525, 48.22723966454906 ], [ 8.29468766751606, 48.228232319846825 ], [ 8.293618888890071, 48.229683436617648 ], [ 8.293336779287007, 48.230251026970095 ], [ 8.29315517122404, 48.231029941895962 ], [ 8.29311672438182, 48.231748647760156 ], [ 8.29295851229597, 48.232060317168681 ], [ 8.293677905851409, 48.233741310598404 ], [ 8.293513311713905, 48.234506564900933 ], [ 8.295372476817336, 48.236326349195814 ], [ 8.297207990764626, 48.237748745506948 ], [ 8.297995237506754, 48.238148158309784 ], [ 8.301140602843391, 48.240999538905939 ], [ 8.298696459917517, 48.242181692320699 ], [ 8.293393759401628, 48.24324702648245 ], [ 8.29089630337536, 48.243519821461341 ], [ 8.289235622385718, 48.246683306823158 ], [ 8.287133051697785, 48.24769305537756 ], [ 8.289458060839724, 48.250190223545481 ], [ 8.290585579846503, 48.251115765978874 ], [ 8.292385804760386, 48.253932981478933 ], [ 8.295943614338748, 48.25655356458067 ], [ 8.296656625609666, 48.258407232316252 ], [ 8.298560437158164, 48.259191241661142 ], [ 8.301820667523518, 48.259413062604914 ], [ 8.303100417522259, 48.259627933385403 ], [ 8.306435186227608, 48.260249445402437 ], [ 8.3099027783572, 48.261219385991552 ], [ 8.310589519908584, 48.261451575494156 ], [ 8.312065769859178, 48.262593119939865 ], [ 8.312769622762705, 48.262797328539605 ], [ 8.313265862964913, 48.263090441513192 ], [ 8.314119816637907, 48.263900126126224 ], [ 8.314562304127337, 48.263810816817596 ], [ 8.315329318928129, 48.263182188354875 ], [ 8.316879119253203, 48.262334816003793 ], [ 8.317329510940203, 48.26217671712417 ], [ 8.319152482287784, 48.261827741402463 ], [ 8.320418881711911, 48.261687504502326 ], [ 8.321094428850261, 48.261527752354596 ], [ 8.321996282822335, 48.26115790491388 ], [ 8.323086389456725, 48.259346334125482 ], [ 8.32470739941216, 48.258597700711917 ], [ 8.327182322847397, 48.258297678723395 ], [ 8.328224409270254, 48.258291985586311 ], [ 8.328540228287006, 48.258003231940151 ], [ 8.329357219416487, 48.256871247596685 ], [ 8.32939795830071, 48.255991682937825 ], [ 8.328344716873669, 48.25438400543846 ], [ 8.328047833912294, 48.252961937005033 ], [ 8.327717776799023, 48.252037019932786 ], [ 8.328151519926774, 48.250651699280169 ], [ 8.328551982616954, 48.250026597270377 ], [ 8.328978643604643, 48.249632596194459 ], [ 8.330952185521815, 48.248688089664363 ], [ 8.332407031813922, 48.248096544776949 ], [ 8.333594703889956, 48.248346709497909 ], [ 8.334521152289547, 48.2487349816925 ], [ 8.334814159644843, 48.248785260193358 ], [ 8.337867116283189, 48.248724698430912 ], [ 8.339336434866366, 48.248247949276077 ], [ 8.342397984556428, 48.248354748235435 ], [ 8.343620763255846, 48.248465828626628 ], [ 8.343461301692098, 48.247842605224214 ], [ 8.344461635527251, 48.247282140011123 ], [ 8.344927415257319, 48.246186817170837 ], [ 8.34655091560905, 48.24477239088084 ], [ 8.348369293662294, 48.243670697563132 ], [ 8.350712930416075, 48.243246437974456 ], [ 8.352591626412702, 48.243095717570156 ], [ 8.353962446673787, 48.243101088698609 ], [ 8.35395351619802, 48.242066848369767 ], [ 8.353721095330393, 48.241047006438443 ], [ 8.354148839864401, 48.240374374566962 ], [ 8.355976781607833, 48.238882239788424 ], [ 8.357515696039728, 48.236952292392957 ], [ 8.359110819472715, 48.23596856912237 ], [ 8.358441681815469, 48.234887371069263 ], [ 8.35931886267683, 48.233468145898563 ], [ 8.360283897871671, 48.232678014883767 ], [ 8.361103744172469, 48.232244335284634 ], [ 8.362205472704607, 48.231817521985704 ], [ 8.360612928976211, 48.230415149125655 ], [ 8.360808629196827, 48.230336074999421 ], [ 8.361600290559556, 48.230346231427703 ], [ 8.362247726246341, 48.230270292006558 ], [ 8.363418670598795, 48.228937954235995 ], [ 8.364228603676041, 48.2283192212331 ], [ 8.363004519035789, 48.227003038417315 ], [ 8.363573016701196, 48.224841084267105 ], [ 8.364665549531923, 48.224544381221982 ], [ 8.364479763404779, 48.224151179737625 ], [ 8.363582902631236, 48.224467228013651 ], [ 8.363612222007642, 48.224176610625392 ], [ 8.364513250467303, 48.223610471417693 ], [ 8.361363144497357, 48.221137222976274 ], [ 8.360807684745559, 48.2211449324681 ], [ 8.360214588052175, 48.220866868179151 ], [ 8.359065064642095, 48.220664153198136 ], [ 8.357423133645852, 48.221133803245039 ], [ 8.354182958260969, 48.221814617459657 ], [ 8.352684438961315, 48.221005195957581 ], [ 8.350934726357529, 48.219558255709579 ], [ 8.349066451252046, 48.219273197540588 ], [ 8.348331894255152, 48.219041594491095 ], [ 8.345786948419221, 48.21950136813156 ], [ 8.344411405018418, 48.219535728151726 ], [ 8.34386187730329, 48.219438575607477 ], [ 8.34021020721409, 48.21811744406007 ], [ 8.338548660193993, 48.216915266117397 ], [ 8.338222509015923, 48.216525712230833 ], [ 8.337659561332945, 48.215405863426007 ], [ 8.336227593393511, 48.214106277425557 ], [ 8.33218220362858, 48.21453575473079 ] ] ] } },
{ "type": "Feature", "properties": { "Gemarkung": "Lehengericht", "Schluessel": "085791", "Ebene": "Gemarkung" }, "geometry": { "type": "Polygon", "coordinates": [ [ [ 8.352591626412702, 48.243095717570156 ], [ 8.350712930416075, 48.243246437974456 ], [ 8.348369293662294, 48.243670697563132 ], [ 8.34655091560905, 48.24477239088084 ], [ 8.344927415257319, 48.246186817170837 ], [ 8.344461635527251, 48.247282140011123 ], [ 8.343461301692098, 48.247842605224214 ], [ 8.343620763255846, 48.248465828626628 ], [ 8.342397984556428, 48.248354748235435 ], [ 8.339336434866366, 48.248247949276077 ], [ 8.337867116283189, 48.248724698430912 ], [ 8.334814159644843, 48.248785260193358 ], [ 8.334521152289547, 48.2487349816925 ], [ 8.333594703889956, 48.248346709497909 ], [ 8.332407031813922, 48.248096544776949 ], [ 8.330952185521815, 48.248688089664363 ], [ 8.328978643604643, 48.249632596194459 ], [ 8.328551982616954, 48.250026597270377 ], [ 8.328151519926774, 48.250651699280169 ], [ 8.327717776799023, 48.252037019932786 ], [ 8.328047833912294, 48.252961937005033 ], [ 8.328344716873669, 48.25438400543846 ], [ 8.32939795830071, 48.255991682937825 ], [ 8.329357219416487, 48.256871247596685 ], [ 8.328540228287006, 48.258003231940151 ], [ 8.328224409270254, 48.258291985586311 ], [ 8.327182322847397, 48.258297678723395 ], [ 8.32470739941216, 48.258597700711917 ], [ 8.323086389456725, 48.259346334125482 ], [ 8.321996282822335, 48.26115790491388 ], [ 8.321094428850261, 48.261527752354596 ], [ 8.320418881711911, 48.261687504502326 ], [ 8.319152482287784, 48.261827741402463 ], [ 8.317329510940203, 48.26217671712417 ], [ 8.316879119253203, 48.262334816003793 ], [ 8.315329318928129, 48.263182188354875 ], [ 8.314562304127337, 48.263810816817596 ], [ 8.314119816637907, 48.263900126126224 ], [ 8.313265862964913, 48.263090441513192 ], [ 8.312769622762705, 48.262797328539605 ], [ 8.312065769859178, 48.262593119939865 ], [ 8.310589519908584, 48.261451575494156 ], [ 8.3099027783572, 48.261219385991552 ], [ 8.306435186227608, 48.260249445402437 ], [ 8.303100417522259, 48.259627933385403 ], [ 8.301820667523518, 48.259413062604914 ], [ 8.298560437158164, 48.259191241661142 ], [ 8.296656625609666, 48.258407232316252 ], [ 8.295600921375001, 48.258776028945107 ], [ 8.294215141148205, 48.258956195571301 ], [ 8.292916484592297, 48.259373678535169 ], [ 8.291811209926015, 48.259455315764548 ], [ 8.290922076705648, 48.259612679422354 ], [ 8.290889881397218, 48.260060344370117 ], [ 8.290335210381166, 48.259853233665744 ], [ 8.289647908137319, 48.259815521525098 ], [ 8.287860184023351, 48.260711886635583 ], [ 8.286750723437398, 48.261411353311921 ], [ 8.287020949682798, 48.261648296882015 ], [ 8.287601793691138, 48.261514065089337 ], [ 8.287793295462871, 48.261695728241989 ], [ 8.28940423987037, 48.262435339421472 ], [ 8.289622731124652, 48.262828682252184 ], [ 8.290423128062193, 48.263751932671028 ], [ 8.290510236578513, 48.263990796714197 ], [ 8.29122859017987, 48.264496081303349 ], [ 8.291491796147556, 48.265087626666777 ], [ 8.291509935973243, 48.265383824680477 ], [ 8.291609924716152, 48.265364017852818 ], [ 8.291700593878907, 48.265589587519344 ], [ 8.291717173964404, 48.266593647692311 ], [ 8.291576680801699, 48.267038216038415 ], [ 8.291694777112708, 48.26774636537332 ], [ 8.291686126742386, 48.26813830454649 ], [ 8.291503404212961, 48.268712886837505 ], [ 8.290976667467937, 48.269353274321936 ], [ 8.290865413197801, 48.269719209559902 ], [ 8.290484893659197, 48.270222034932786 ], [ 8.290561794361841, 48.270274241219163 ], [ 8.289823465956882, 48.271000946908551 ], [ 8.289572360602859, 48.270984281166847 ], [ 8.288961873242595, 48.271373040035186 ], [ 8.288389878509635, 48.271483311809575 ], [ 8.288178265621367, 48.27159221336867 ], [ 8.287452302999192, 48.272986275663278 ], [ 8.287490912262616, 48.273853989782758 ], [ 8.287711988962515, 48.274180055127559 ], [ 8.288187459106831, 48.274491230782722 ], [ 8.288259589903454, 48.274867744885263 ], [ 8.288148671903999, 48.275236288349305 ], [ 8.288197195759818, 48.275488230117801 ], [ 8.286768897029201, 48.277100699282734 ], [ 8.286841607472677, 48.277793366287916 ], [ 8.287216109369572, 48.278533967907876 ], [ 8.287206048245082, 48.279324996555367 ], [ 8.287086197364058, 48.279491504617347 ], [ 8.287320727585142, 48.279995341079072 ], [ 8.287201282413516, 48.280374806606808 ], [ 8.287562380051286, 48.280888783630246 ], [ 8.287293071784656, 48.281673347294536 ], [ 8.287441370388375, 48.283377094693257 ], [ 8.287370978848402, 48.283795730381428 ], [ 8.285751858452393, 48.282707236696289 ], [ 8.284626474573106, 48.282309689472015 ], [ 8.284265748475026, 48.282088912107966 ], [ 8.283871717833474, 48.281753396645733 ], [ 8.283251329137601, 48.280881697956431 ], [ 8.282767333025669, 48.280580525538504 ], [ 8.281339388106556, 48.280761623641922 ], [ 8.281086513737332, 48.280944657925005 ], [ 8.280714814704602, 48.281430411394709 ], [ 8.27982296191095, 48.283257032717863 ], [ 8.277727502943835, 48.28504757359272 ], [ 8.27751321871364, 48.285493189541981 ], [ 8.277328786268791, 48.286326035775723 ], [ 8.277083888406377, 48.286542669388965 ], [ 8.277132897199584, 48.288075315227552 ], [ 8.276678551991477, 48.289328413720305 ], [ 8.276862298748913, 48.289777430627574 ], [ 8.279307689566629, 48.289011318199321 ], [ 8.282120444878553, 48.288297199947131 ], [ 8.283522625443911, 48.287785118753149 ], [ 8.284514195288153, 48.28775260582993 ], [ 8.285675247785708, 48.28806598508168 ], [ 8.286413400437379, 48.288486760269734 ], [ 8.286791345351038, 48.288975472462269 ], [ 8.286856089096315, 48.289263502027971 ], [ 8.286755537060804, 48.289755903680856 ], [ 8.286847561332426, 48.29000181739513 ], [ 8.287195051851452, 48.290403430078712 ], [ 8.288485567958581, 48.290981459469457 ], [ 8.288767820258991, 48.291072813607045 ], [ 8.289151921377451, 48.291082115971342 ], [ 8.290620809776538, 48.290611296251534 ], [ 8.291097883431137, 48.290176003486756 ], [ 8.291256750403136, 48.289684947174827 ], [ 8.291968388795956, 48.289044529337481 ], [ 8.292713819642968, 48.288816098920336 ], [ 8.293199179941269, 48.288813325008284 ], [ 8.293560276134155, 48.288984143962011 ], [ 8.294571969774873, 48.290535826000138 ], [ 8.295427698628242, 48.291041744175878 ], [ 8.297267745639274, 48.291587772743839 ], [ 8.299529920172255, 48.291968733201379 ], [ 8.301360495529348, 48.29211769944483 ], [ 8.304975405926211, 48.293719081467522 ], [ 8.306658715486133, 48.294075708921547 ], [ 8.307258093768038, 48.294020031992723 ], [ 8.310147122730724, 48.29330002039687 ], [ 8.312500631177297, 48.292996436836113 ], [ 8.313359391532602, 48.292719337720996 ], [ 8.316498520607851, 48.291966471723498 ], [ 8.3165880405042, 48.291744242945683 ], [ 8.316500736945919, 48.291012464082598 ], [ 8.315965903073907, 48.289196518202665 ], [ 8.315219518044259, 48.287345841601407 ], [ 8.315201853769992, 48.286448754587553 ], [ 8.316000858493016, 48.286154995515467 ], [ 8.316660045237819, 48.28562000539938 ], [ 8.317493751861919, 48.284703143056369 ], [ 8.318907346452482, 48.28394733459605 ], [ 8.319882510347419, 48.283183608509077 ], [ 8.320989078274236, 48.28307013003262 ], [ 8.321418494697751, 48.282920888462286 ], [ 8.321006908348597, 48.284338605927097 ], [ 8.320437461910329, 48.284901411671761 ], [ 8.319683942525836, 48.285458177527914 ], [ 8.31940429362214, 48.285919858552866 ], [ 8.319398985957536, 48.286339618250196 ], [ 8.319791690697585, 48.287343286402646 ], [ 8.319719075575144, 48.287796565840878 ], [ 8.319445129407971, 48.288162914386433 ], [ 8.31883051503344, 48.289948200228061 ], [ 8.319208438186639, 48.290827716280155 ], [ 8.31994604990464, 48.291140310814797 ], [ 8.320765363126066, 48.292195529189968 ], [ 8.326845133707574, 48.29142309431392 ], [ 8.327933281005494, 48.291010027671916 ], [ 8.328401608684715, 48.29074483887333 ], [ 8.327743673572888, 48.289668666064472 ], [ 8.326956389661166, 48.28806604906638 ], [ 8.327250940038789, 48.287194272728193 ], [ 8.327221565287896, 48.286844305067333 ], [ 8.326465876619082, 48.28638023481512 ], [ 8.324075359757947, 48.285227123359967 ], [ 8.323786467869638, 48.284982871024489 ], [ 8.323622057513436, 48.284233999302387 ], [ 8.322669101497763, 48.282535820151097 ], [ 8.323865008459315, 48.281922617300651 ], [ 8.325212894073745, 48.280288885330854 ], [ 8.325433424492054, 48.279048978167701 ], [ 8.326558787886077, 48.277907939663962 ], [ 8.327183126239536, 48.276664094976091 ], [ 8.329697355693538, 48.277288672125216 ], [ 8.330677812016768, 48.277428705427425 ], [ 8.332303617360813, 48.277816382971224 ], [ 8.333762191508091, 48.277539823256149 ], [ 8.334647091411973, 48.276798480399982 ], [ 8.334989168970353, 48.276611076027564 ], [ 8.33566056640236, 48.276616756034485 ], [ 8.336854479073743, 48.276915953783508 ], [ 8.338116593313019, 48.277080399447179 ], [ 8.340318768001607, 48.27778229956548 ], [ 8.342931107595794, 48.279402017592247 ], [ 8.343724918007913, 48.279976768543399 ], [ 8.343968969684521, 48.280475414902291 ], [ 8.344014704217317, 48.280809097663145 ], [ 8.344000613609126, 48.281120037074324 ], [ 8.343808139912523, 48.281550875883234 ], [ 8.343819056057109, 48.282003567717993 ], [ 8.345361942453543, 48.282538494427797 ], [ 8.346033107476774, 48.282895887675757 ], [ 8.346453547791519, 48.282535706423133 ], [ 8.346881760407125, 48.28253813916988 ], [ 8.349777473526922, 48.283235336786959 ], [ 8.350213430348321, 48.283180311308115 ], [ 8.352136541511669, 48.282617974818166 ], [ 8.353564109061439, 48.283273418533334 ], [ 8.354101215640213, 48.283246027243003 ], [ 8.354539599866742, 48.283447318009138 ], [ 8.355197105133412, 48.283460902986747 ], [ 8.355647963964705, 48.283656861373757 ], [ 8.356525428143913, 48.283683906636249 ], [ 8.357354972361366, 48.283619629758547 ], [ 8.358559562045556, 48.283735126306155 ], [ 8.359291355838293, 48.284523906959848 ], [ 8.359826758890595, 48.285291616849477 ], [ 8.36039243040049, 48.285784910110259 ], [ 8.36148409689563, 48.286117920224569 ], [ 8.362044660424864, 48.28616826443929 ], [ 8.362366061748386, 48.286057766850874 ], [ 8.363737142348542, 48.28529910320993 ], [ 8.366418480808568, 48.285365458547901 ], [ 8.368827677926495, 48.28512400697867 ], [ 8.369445412737457, 48.285161853437202 ], [ 8.370501497461801, 48.285443211104607 ], [ 8.372205004841375, 48.285585585859486 ], [ 8.372653657950337, 48.285440126809362 ], [ 8.374535314885883, 48.285102109973963 ], [ 8.375419274549641, 48.284809300093166 ], [ 8.376712061655256, 48.284240428892431 ], [ 8.377720835477534, 48.284134781387031 ], [ 8.379173525603228, 48.283837731271213 ], [ 8.381891928649505, 48.282547928135465 ], [ 8.384730812304769, 48.282101615710772 ], [ 8.385478696340931, 48.282052623416831 ], [ 8.388949489753481, 48.28209837808874 ], [ 8.390769956000179, 48.282431921510934 ], [ 8.391457479768352, 48.28280038195102 ], [ 8.39215048571719, 48.28335519092942 ], [ 8.392072337428589, 48.282613981379455 ], [ 8.391282361063482, 48.280533070862354 ], [ 8.38963500369878, 48.279963928302621 ], [ 8.389944926922244, 48.279529947532282 ], [ 8.388611781870571, 48.278781710755652 ], [ 8.388660516399154, 48.278730058267683 ], [ 8.387552590084345, 48.276891603241985 ], [ 8.38739935863728, 48.27628170301724 ], [ 8.387764053128956, 48.274692469052496 ], [ 8.387326701163028, 48.274129638292983 ], [ 8.386888462381577, 48.273867024785908 ], [ 8.384341579968568, 48.272786755178018 ], [ 8.383948508286439, 48.272233235169857 ], [ 8.38380877517581, 48.271794341471725 ], [ 8.383850386162406, 48.270743286114268 ], [ 8.383758192293891, 48.270497988618757 ], [ 8.382547108239887, 48.268369861561993 ], [ 8.382637790580755, 48.26757628870989 ], [ 8.382523932333614, 48.267195111667789 ], [ 8.383243167761709, 48.266182959882435 ], [ 8.383891631219157, 48.265529577676965 ], [ 8.383753679765505, 48.26476464784492 ], [ 8.382618240971023, 48.262855637648968 ], [ 8.384184900464495, 48.260645688979629 ], [ 8.385585318800402, 48.259873334491367 ], [ 8.386252503529999, 48.258513426753247 ], [ 8.386287525710504, 48.258086353799769 ], [ 8.386697689075433, 48.257508246021821 ], [ 8.387103474538444, 48.256596780436041 ], [ 8.386972711805885, 48.25534111384507 ], [ 8.386729000037271, 48.25439460585519 ], [ 8.386932859453779, 48.253817645629859 ], [ 8.386458789665951, 48.253321550104154 ], [ 8.384037892529939, 48.251471990623806 ], [ 8.383394473971041, 48.251070971301125 ], [ 8.38406173899253, 48.250024794940963 ], [ 8.38117703538288, 48.24959239212221 ], [ 8.3802694325055, 48.249018722904729 ], [ 8.379967691082827, 48.248583987623661 ], [ 8.37824340141171, 48.247655288020617 ], [ 8.377895328660722, 48.247366495567064 ], [ 8.377760249354118, 48.246886771945881 ], [ 8.377579774980109, 48.245263931291674 ], [ 8.377424137206049, 48.245302404973955 ], [ 8.377218528822716, 48.245551494211419 ], [ 8.376493143116532, 48.245798485446329 ], [ 8.376117318686294, 48.245755511168362 ], [ 8.375816484496696, 48.245317080898268 ], [ 8.373400139747179, 48.245472629513479 ], [ 8.372696893443228, 48.24559304166246 ], [ 8.372602795350501, 48.245665582771807 ], [ 8.369844420936513, 48.244878477999372 ], [ 8.369312028773505, 48.244654416117228 ], [ 8.368720432083395, 48.244283467811279 ], [ 8.367486816526682, 48.244661754113217 ], [ 8.366058778829519, 48.24545721957665 ], [ 8.363880405010693, 48.244993906080431 ], [ 8.363243486035577, 48.244761230540554 ], [ 8.361451156368728, 48.244388087433279 ], [ 8.358889473256758, 48.243703116275007 ], [ 8.356514721290306, 48.243776850386141 ], [ 8.355677179651357, 48.243563972584504 ], [ 8.354458085804776, 48.243103062728636 ], [ 8.352591626412702, 48.243095717570156 ] ] ] } },
{ "type": "Feature", "properties": { "Gemarkung": "Leinstetten", "Schluessel": "085774", "Ebene": "Gemarkung" }, "geometry": { "type": "MultiPolygon", "coordinates": [ [ [ [ 8.540951862324874, 48.381122575406579 ], [ 8.540690653125324, 48.380958963933253 ], [ 8.540848990235494, 48.381253335641581 ], [ 8.541342236305207, 48.381160298752526 ], [ 8.540951862324874, 48.381122575406579 ] ] ], [ [ [ 8.543813654858482, 48.378932484756561 ], [ 8.544374018168954, 48.379275407476385 ], [ 8.544556918673813, 48.37948251421561 ], [ 8.544920230023042, 48.379176537245385 ], [ 8.547181810003909, 48.379613340174537 ], [ 8.547932694491388, 48.380040034025974 ], [ 8.543711779547792, 48.379361039800614 ], [ 8.543435938142196, 48.379202684485684 ], [ 8.541802967928465, 48.381033212998375 ], [ 8.541452559273012, 48.380966681387292 ], [ 8.54139731139875, 48.381133258538966 ], [ 8.541489178729949, 48.381175009155022 ], [ 8.541347010479885, 48.381260270247786 ], [ 8.540994575834054, 48.381253736632686 ], [ 8.540626430037157, 48.381447314028591 ], [ 8.541110423335857, 48.38196322244027 ], [ 8.540038413837213, 48.383274427299106 ], [ 8.5372346679546, 48.384916582390396 ], [ 8.537396909246187, 48.385509572022535 ], [ 8.537183160682948, 48.385949726439534 ], [ 8.535212635407399, 48.387658606538658 ], [ 8.534450884783165, 48.388644794118314 ], [ 8.533540703949432, 48.389256115871135 ], [ 8.532568560792527, 48.389329901139106 ], [ 8.532110049422036, 48.389159890777634 ], [ 8.531492577602886, 48.389414411193037 ], [ 8.53179772038767, 48.39013538209943 ], [ 8.53165243450476, 48.390806117689579 ], [ 8.530807822383, 48.391286154147778 ], [ 8.530336491335818, 48.39131895800125 ], [ 8.529313212420556, 48.391308208811317 ], [ 8.528504487600427, 48.391204945179197 ], [ 8.527587141205505, 48.390914100462361 ], [ 8.525621016431991, 48.392878966674424 ], [ 8.524585884355822, 48.394702804084282 ], [ 8.524699907640011, 48.394731074675853 ], [ 8.524590367898529, 48.395091565801401 ], [ 8.524289443977848, 48.395259008288342 ], [ 8.524191327056787, 48.395524092291076 ], [ 8.523805175013852, 48.395790773391745 ], [ 8.522999314712397, 48.395808217439964 ], [ 8.522875170730067, 48.395966402743149 ], [ 8.521706357748617, 48.396699361120341 ], [ 8.521230849495474, 48.397272176201085 ], [ 8.521090528287841, 48.39762722777877 ], [ 8.520377035088194, 48.397933198958746 ], [ 8.519758694475138, 48.398032821077948 ], [ 8.519573044351409, 48.397992281076405 ], [ 8.519130187462569, 48.398150120684086 ], [ 8.518698214829564, 48.397970181850596 ], [ 8.518350428636955, 48.397931570537935 ], [ 8.517233973001579, 48.398273890273444 ], [ 8.516638269610567, 48.398378718666535 ], [ 8.516266908145006, 48.398774627666263 ], [ 8.515721038219475, 48.399094139691783 ], [ 8.515358785980796, 48.399781393855619 ], [ 8.513904288363397, 48.400614640529554 ], [ 8.513699474795029, 48.400925687008225 ], [ 8.513801545880762, 48.400989724292884 ], [ 8.512582538693406, 48.401180872450297 ], [ 8.512359647616938, 48.401318385605201 ], [ 8.510610219569097, 48.404069852982516 ], [ 8.512122470164483, 48.403613670446845 ], [ 8.513225607874498, 48.403946628243325 ], [ 8.514768578860298, 48.404803413211575 ], [ 8.515463083973604, 48.403807448661645 ], [ 8.516698761866598, 48.40331684356083 ], [ 8.517816220735018, 48.403066298648568 ], [ 8.51806832474057, 48.402781983002058 ], [ 8.518021125920026, 48.402043075153635 ], [ 8.518798104981988, 48.401302309029859 ], [ 8.520149150324738, 48.400817637096047 ], [ 8.521431202410351, 48.40065662969031 ], [ 8.52239872440472, 48.40045183891764 ], [ 8.522786275753674, 48.400776784540859 ], [ 8.523560672317803, 48.401055379498914 ], [ 8.525174812795029, 48.401271762600651 ], [ 8.529033814305228, 48.400637169505508 ], [ 8.530600640630357, 48.400710686827175 ], [ 8.530937587355801, 48.400785113281394 ], [ 8.532380847095343, 48.40080907111561 ], [ 8.533366356503214, 48.400996602629199 ], [ 8.53377989254275, 48.401206550107048 ], [ 8.534620960912392, 48.401307747976112 ], [ 8.537137806654671, 48.402537837819843 ], [ 8.540789487309475, 48.403480287829126 ], [ 8.541443672010184, 48.403754863640685 ], [ 8.542141948632862, 48.40339301274696 ], [ 8.543077920402782, 48.402438147065709 ], [ 8.543271676563544, 48.402482639754865 ], [ 8.543638803765612, 48.402751115187002 ], [ 8.544144007075637, 48.403761905091876 ], [ 8.544327051869535, 48.403659979101931 ], [ 8.54452382543661, 48.405031747754272 ], [ 8.544733762187198, 48.405247776881986 ], [ 8.545796133543835, 48.405406806670094 ], [ 8.545871243897979, 48.404513112634866 ], [ 8.548211779208563, 48.404355170016345 ], [ 8.549396416144205, 48.403903148774567 ], [ 8.551339977000659, 48.403296187042265 ], [ 8.552091233041358, 48.403277792077553 ], [ 8.553768427129919, 48.401883720308561 ], [ 8.555430067155708, 48.400108918031165 ], [ 8.556469813850448, 48.398681393227889 ], [ 8.55820432298413, 48.399436402812775 ], [ 8.56028999827519, 48.400131371921887 ], [ 8.560469119248673, 48.400056215064239 ], [ 8.563037844768182, 48.400799850713945 ], [ 8.562965575358149, 48.400561796418557 ], [ 8.563036378358275, 48.400592473797275 ], [ 8.563114801823438, 48.400064581900608 ], [ 8.565749283795817, 48.400944525006025 ], [ 8.566252055596092, 48.399716317974253 ], [ 8.564911938157721, 48.399259629433757 ], [ 8.565979816322038, 48.397302855558159 ], [ 8.567139101560318, 48.397492192695282 ], [ 8.567433623933461, 48.397395507385504 ], [ 8.567813526321366, 48.396692771701993 ], [ 8.567947797805221, 48.396215736788626 ], [ 8.568133404239035, 48.396073657660132 ], [ 8.567451750781402, 48.396022155589584 ], [ 8.567349264728893, 48.395952496478827 ], [ 8.566912501231156, 48.393676963545332 ], [ 8.566783752406865, 48.393646340240963 ], [ 8.567429829311484, 48.393412880264279 ], [ 8.566521975821228, 48.392498557789743 ], [ 8.566254339939549, 48.392581937255066 ], [ 8.563265557836459, 48.392396007079597 ], [ 8.563138291003481, 48.392950344261401 ], [ 8.562239908176991, 48.393981178675467 ], [ 8.561735110063005, 48.393915021226462 ], [ 8.561124043849849, 48.393702261524865 ], [ 8.56049870672687, 48.393311941145214 ], [ 8.559785604170433, 48.392651833380214 ], [ 8.559605821345825, 48.392055210504694 ], [ 8.55880813379, 48.390885564972763 ], [ 8.557568344058812, 48.38962595772194 ], [ 8.557167232880149, 48.389104410738121 ], [ 8.556698624179973, 48.387723875997388 ], [ 8.556719717223462, 48.387114796845729 ], [ 8.55656295920331, 48.386734895690367 ], [ 8.55611393827518, 48.386197056147118 ], [ 8.55538960855608, 48.385029467909455 ], [ 8.55472272729731, 48.38464993074377 ], [ 8.553919146617723, 48.384319700991071 ], [ 8.553364050344994, 48.38390145397215 ], [ 8.552607803062234, 48.383597308995974 ], [ 8.550751549403916, 48.38225911616567 ], [ 8.54953711218665, 48.381539676211325 ], [ 8.549138153554882, 48.381203709089455 ], [ 8.548864419860324, 48.38078852160271 ], [ 8.548662832453497, 48.379805389837614 ], [ 8.547727116298429, 48.379677471866906 ], [ 8.545403468143078, 48.378824160635808 ], [ 8.54423363746745, 48.378632042630372 ], [ 8.543813654858482, 48.378932484756561 ] ] ] ] } },
{ "type": "Feature", "properties": { "Gemarkung": "Locherhof", "Schluessel": "085880", "Ebene": "Gemarkung" }, "geometry": { "type": "Polygon", "coordinates": [ [ [ 8.474447436616598, 48.192487189232757 ], [ 8.472774848291232, 48.192463785967419 ], [ 8.467771800783847, 48.191220118911325 ], [ 8.464597604713267, 48.191586039466074 ], [ 8.461041943179819, 48.19269152148388 ], [ 8.459439119956704, 48.192777114068868 ], [ 8.45657820366012, 48.193189630420719 ], [ 8.455399113100743, 48.193272850399403 ], [ 8.451566163986827, 48.193839968678951 ], [ 8.45071221998003, 48.19408051808621 ], [ 8.451395342736681, 48.195673536911414 ], [ 8.451951430395203, 48.195933051476793 ], [ 8.451950780829913, 48.195993957557398 ], [ 8.451337302819026, 48.19604294355242 ], [ 8.450575819353757, 48.196303996271695 ], [ 8.45022362917941, 48.196532723752377 ], [ 8.450186828099776, 48.196853108134356 ], [ 8.451772488313404, 48.197494064126047 ], [ 8.456377835238348, 48.197782512626652 ], [ 8.457844994758439, 48.198504426294384 ], [ 8.461455248395236, 48.199168723668883 ], [ 8.464204464168532, 48.199855888509795 ], [ 8.466615254224827, 48.200066470633949 ], [ 8.467692255769467, 48.200043122199467 ], [ 8.469936493223434, 48.200263569670675 ], [ 8.471967972693482, 48.199502602490483 ], [ 8.472441267821292, 48.19949056027319 ], [ 8.473177315790952, 48.199708961887367 ], [ 8.474248827841866, 48.199050524593254 ], [ 8.47463439053419, 48.198957999542905 ], [ 8.474488644782838, 48.198839653745658 ], [ 8.47470687293688, 48.198726300291185 ], [ 8.47500016362485, 48.198326017687421 ], [ 8.474885484049299, 48.198157071633666 ], [ 8.475186536362132, 48.197997761423075 ], [ 8.47576029223012, 48.198056609983261 ], [ 8.475980267614123, 48.198008849595858 ], [ 8.476102489862827, 48.197821101165722 ], [ 8.477472680498153, 48.197572004643028 ], [ 8.477768253729774, 48.197646132774828 ], [ 8.477930398290644, 48.197793249073015 ], [ 8.478865615835021, 48.197321375451409 ], [ 8.479617862814395, 48.198065949046764 ], [ 8.477571926361344, 48.19902140909624 ], [ 8.475679950542313, 48.20027236379746 ], [ 8.477170263876857, 48.201424008248942 ], [ 8.479990032285611, 48.200132874897633 ], [ 8.481886755853287, 48.199080792511708 ], [ 8.483577904680029, 48.197895230853256 ], [ 8.483762999479294, 48.197876089017839 ], [ 8.484097916067713, 48.196472094067587 ], [ 8.483237881293062, 48.196419198136233 ], [ 8.484869428704624, 48.195180357245512 ], [ 8.486717641582517, 48.193918078932278 ], [ 8.48933698355528, 48.19254097916096 ], [ 8.491071062802629, 48.191383387428658 ], [ 8.491311632725724, 48.19112660031174 ], [ 8.489525653424307, 48.190723718490268 ], [ 8.490202135394801, 48.189969449082355 ], [ 8.489206333953486, 48.190049150027264 ], [ 8.486163779075879, 48.189746429517299 ], [ 8.485425843898453, 48.190276286713562 ], [ 8.484658436321888, 48.190442801063895 ], [ 8.484067190311416, 48.190739746760777 ], [ 8.483686939507376, 48.191208758788484 ], [ 8.483823875627452, 48.191882703671567 ], [ 8.483071086832586, 48.191877161858237 ], [ 8.483106176010734, 48.192495588332683 ], [ 8.482868864484502, 48.192985483220156 ], [ 8.481987300974955, 48.193846208546994 ], [ 8.481499643800703, 48.194060116198294 ], [ 8.480702798000882, 48.193897093979594 ], [ 8.480283836743039, 48.193890702222795 ], [ 8.479479938345108, 48.193468078389408 ], [ 8.47928538478263, 48.193545650490833 ], [ 8.474447436616598, 48.192487189232757 ] ] ] } },
{ "type": "Feature", "properties": { "Gemarkung": "Loßburg", "Schluessel": "084510", "Ebene": "Gemarkung" }, "geometry": { "type": "Polygon", "coordinates": [ [ [ 8.421571404743087, 48.398337893306504 ], [ 8.420846360653984, 48.398560510838678 ], [ 8.420465289151087, 48.398794123394069 ], [ 8.419112262901358, 48.399196106468857 ], [ 8.418691121376336, 48.399518577298956 ], [ 8.417872078230225, 48.399558069873137 ], [ 8.417733472007253, 48.399640047392808 ], [ 8.417100602485826, 48.40060163964268 ], [ 8.416514744057041, 48.400841128794987 ], [ 8.416357758833506, 48.401454441252454 ], [ 8.417032788800039, 48.402327025888177 ], [ 8.416115620841458, 48.402766807705618 ], [ 8.415840984517793, 48.402986910194002 ], [ 8.415523846554313, 48.403083722530148 ], [ 8.414978307909985, 48.403503700623702 ], [ 8.414049498429591, 48.403989019528566 ], [ 8.412951113479821, 48.404884070951745 ], [ 8.412578163048796, 48.406247312342536 ], [ 8.413008801618881, 48.407162575332663 ], [ 8.411787963327837, 48.407607340341606 ], [ 8.409694507906702, 48.407662564300203 ], [ 8.407928575600401, 48.408347758657683 ], [ 8.406441522427013, 48.408775712569586 ], [ 8.405809183086054, 48.408886525743036 ], [ 8.4041503306964, 48.40889944917793 ], [ 8.401996632121445, 48.409327670062638 ], [ 8.400182985217629, 48.409873859907492 ], [ 8.397455527660252, 48.410523468554494 ], [ 8.396538143397818, 48.410555007121353 ], [ 8.394373265513282, 48.41101433486584 ], [ 8.393595740767861, 48.411113520743513 ], [ 8.393396028443659, 48.412589079812477 ], [ 8.393476831306353, 48.41341935187959 ], [ 8.395518411455749, 48.417260124888664 ], [ 8.395687037952607, 48.417810972139918 ], [ 8.396552639910455, 48.419539261107509 ], [ 8.397465370351338, 48.420658541112296 ], [ 8.398341039446583, 48.421325361621214 ], [ 8.400200244240002, 48.422400173222307 ], [ 8.40113341655103, 48.42278001112679 ], [ 8.401553478553414, 48.423162661910787 ], [ 8.401819560507635, 48.423524898232017 ], [ 8.402346603650455, 48.425102127901461 ], [ 8.402918742487897, 48.425509584134375 ], [ 8.404183464146248, 48.425748341248763 ], [ 8.405045784529618, 48.426241946749663 ], [ 8.405491726460333, 48.426369303941009 ], [ 8.406227432937845, 48.426536030545506 ], [ 8.408901189024897, 48.426804939066812 ], [ 8.409687495804485, 48.42694599330251 ], [ 8.411067928549297, 48.427447968036915 ], [ 8.412605665349124, 48.428202453247088 ], [ 8.413003569453489, 48.428665827775411 ], [ 8.414207222104963, 48.428947886232443 ], [ 8.415194139143125, 48.429081287094242 ], [ 8.416434588189862, 48.429032345556728 ], [ 8.418104822557625, 48.428766318435173 ], [ 8.416059015796366, 48.430132879609573 ], [ 8.414855645381778, 48.430352760493406 ], [ 8.413243380707947, 48.430438834838633 ], [ 8.411344976303164, 48.430707492947313 ], [ 8.409260099043612, 48.431445233171573 ], [ 8.408665303735528, 48.431570559174482 ], [ 8.407940085881577, 48.431948644378792 ], [ 8.406365573752131, 48.433767194919724 ], [ 8.405299493590897, 48.43427152555163 ], [ 8.404575441903956, 48.434729484932596 ], [ 8.403204960873182, 48.434728593187295 ], [ 8.40223496283066, 48.434390955642698 ], [ 8.399550366383947, 48.433244311580701 ], [ 8.39935086752522, 48.433423921442802 ], [ 8.400405736649839, 48.434312525339962 ], [ 8.40161670552189, 48.43595719244928 ], [ 8.40094323489388, 48.437593401251753 ], [ 8.400337092742944, 48.438674959064237 ], [ 8.400638116709382, 48.438773960002649 ], [ 8.400672547442992, 48.438904409449052 ], [ 8.400869950100242, 48.438938994518757 ], [ 8.401086266824102, 48.439158916757094 ], [ 8.401280850212784, 48.439122863490475 ], [ 8.402299982539978, 48.439382403932285 ], [ 8.402470642621566, 48.439495477231439 ], [ 8.403174999420179, 48.439572004489065 ], [ 8.403332517023307, 48.439514433682064 ], [ 8.403720501950737, 48.439658770188082 ], [ 8.404349881531267, 48.439602922284003 ], [ 8.404405206283919, 48.439681838514844 ], [ 8.405291199488554, 48.439858884590073 ], [ 8.406740690997577, 48.439495978222155 ], [ 8.407222157442485, 48.43952050088663 ], [ 8.407356561382736, 48.439345670387688 ], [ 8.407865756368462, 48.439287744799614 ], [ 8.408166429587894, 48.439348668788533 ], [ 8.408524774277934, 48.439321902136307 ], [ 8.408766805016736, 48.439274744421283 ], [ 8.408958735442454, 48.43914060211597 ], [ 8.409480545775706, 48.439265454173601 ], [ 8.410534564433515, 48.438885895553028 ], [ 8.410854599399315, 48.438874399477136 ], [ 8.410886905637536, 48.439015450892605 ], [ 8.411310476623326, 48.438995217084347 ], [ 8.411890174280204, 48.438849468114988 ], [ 8.413029861497815, 48.438331327669168 ], [ 8.413490349364759, 48.4382395716029 ], [ 8.4145518365025, 48.438205751809853 ], [ 8.415505796339298, 48.437963015938983 ], [ 8.416088272351061, 48.437466574242173 ], [ 8.416925828327916, 48.437044204437342 ], [ 8.41712254968121, 48.436819567423413 ], [ 8.417987345275522, 48.436591113647573 ], [ 8.418117281546774, 48.436578635775327 ], [ 8.418134992987591, 48.436637832702544 ], [ 8.419492797462265, 48.436509831883846 ], [ 8.42079361627545, 48.436089679971452 ], [ 8.42184861024783, 48.436004119995644 ], [ 8.422709735657715, 48.436227779183184 ], [ 8.4231837676033, 48.436477021714914 ], [ 8.423561414594024, 48.43679712218232 ], [ 8.423536027139134, 48.437033424450469 ], [ 8.423776932762337, 48.437382437758281 ], [ 8.42383738870055, 48.43776329465765 ], [ 8.423644582584933, 48.438301492539487 ], [ 8.423732953560272, 48.438605118898671 ], [ 8.424094547184902, 48.43889976681367 ], [ 8.424910640621304, 48.439141267050445 ], [ 8.425571275044815, 48.439536546309135 ], [ 8.426813839810446, 48.439910161151154 ], [ 8.427109826936359, 48.439933226761731 ], [ 8.428162166630006, 48.438066458689072 ], [ 8.429220175626263, 48.438486722172307 ], [ 8.432036141250316, 48.43917692550977 ], [ 8.43351607341806, 48.440070200255619 ], [ 8.434497717465339, 48.440178758521341 ], [ 8.436285065776406, 48.439727534384183 ], [ 8.437152634243919, 48.439391621497158 ], [ 8.437722737495321, 48.439288069286427 ], [ 8.438043829379517, 48.43899653018773 ], [ 8.445940593567469, 48.439027714215896 ], [ 8.445428973154749, 48.435623384549395 ], [ 8.445310020441077, 48.435795185168246 ], [ 8.445083382798753, 48.435873622019891 ], [ 8.444958093663109, 48.435125134384741 ], [ 8.444732474487123, 48.434651277056631 ], [ 8.444096158992373, 48.433753947384815 ], [ 8.444069271329282, 48.433467457131584 ], [ 8.443973340764062, 48.43347464071843 ], [ 8.443406567155394, 48.432785373522755 ], [ 8.443149088806265, 48.432185856790142 ], [ 8.443078756171838, 48.431743605484066 ], [ 8.443146807635687, 48.431169774417178 ], [ 8.443511669060333, 48.430526845964877 ], [ 8.439245722612361, 48.425823424952419 ], [ 8.44035172099947, 48.424271143274126 ], [ 8.440918612201859, 48.423667979922342 ], [ 8.441801283969637, 48.425047930681671 ], [ 8.442553764159893, 48.424814698787294 ], [ 8.443380402429122, 48.425897568875044 ], [ 8.444004779287724, 48.42537608750591 ], [ 8.444563501302639, 48.424477779395978 ], [ 8.444729664632307, 48.424374850888924 ], [ 8.444679155515283, 48.424308752255101 ], [ 8.445438509381667, 48.423665111120627 ], [ 8.445879918874626, 48.422873650033608 ], [ 8.447575806201202, 48.423188497258344 ], [ 8.449396630530149, 48.423100870974324 ], [ 8.450135577820237, 48.423189062170607 ], [ 8.450250423516673, 48.423356227393484 ], [ 8.451164187193449, 48.423691753048075 ], [ 8.451331182013616, 48.423660791533528 ], [ 8.45189598822183, 48.423980522326936 ], [ 8.452013117913442, 48.423885626584344 ], [ 8.452343468414906, 48.424112113533269 ], [ 8.452340511425946, 48.423934417223656 ], [ 8.452713203513245, 48.42408238464229 ], [ 8.453147707012937, 48.424138699683155 ], [ 8.454701501843436, 48.423984225096582 ], [ 8.456003803803009, 48.42350709346352 ], [ 8.458074085828862, 48.422967081833669 ], [ 8.458432416731481, 48.422724691919377 ], [ 8.458672771145983, 48.421601611407894 ], [ 8.458803228868204, 48.421586391090678 ], [ 8.458893151067242, 48.421327982612013 ], [ 8.459127820015441, 48.421108669880006 ], [ 8.460207101654728, 48.421080900423185 ], [ 8.460692898845426, 48.420988624326384 ], [ 8.463064160057218, 48.420192181265719 ], [ 8.463699509364055, 48.419860921512857 ], [ 8.463594099949264, 48.419577038109765 ], [ 8.463470838505996, 48.419679654143835 ], [ 8.463394885469638, 48.419704850240521 ], [ 8.463330712750114, 48.419702301817544 ], [ 8.463527303465758, 48.419592650644361 ], [ 8.463845707299344, 48.41951793369492 ], [ 8.464636323893268, 48.419059190916997 ], [ 8.464742954545185, 48.419098462213462 ], [ 8.465036376800303, 48.418750669682105 ], [ 8.465837594935937, 48.418735589019271 ], [ 8.466563522886949, 48.41854049216807 ], [ 8.466610967868979, 48.41857867765296 ], [ 8.467040054897401, 48.418322644092115 ], [ 8.467463772626013, 48.418256771679012 ], [ 8.467360254478363, 48.418165337169008 ], [ 8.467599719382802, 48.417999558914062 ], [ 8.467776043824596, 48.418094928617769 ], [ 8.467948509450617, 48.417951421127761 ], [ 8.468248113860385, 48.41805779609615 ], [ 8.468423910386297, 48.418009487056331 ], [ 8.468496765805014, 48.417840148187814 ], [ 8.469082071395974, 48.417454378120354 ], [ 8.469785746136518, 48.417316826302716 ], [ 8.470171349154244, 48.417393094120946 ], [ 8.470335608871089, 48.417505227953711 ], [ 8.470894324619879, 48.417348828924119 ], [ 8.471351725404253, 48.417109283219986 ], [ 8.471540016645811, 48.417145774570209 ], [ 8.471812184797184, 48.417082878629415 ], [ 8.472199575806792, 48.416947368452817 ], [ 8.472246141479902, 48.41675739440587 ], [ 8.472873278312465, 48.416347776010788 ], [ 8.473106354490378, 48.416339936900904 ], [ 8.473227932760835, 48.416476071966507 ], [ 8.473537133882637, 48.416425486853107 ], [ 8.473599529541749, 48.416508180960214 ], [ 8.473462937942482, 48.416582497492051 ], [ 8.473504955476477, 48.416675444460523 ], [ 8.473943243228977, 48.41670164983357 ], [ 8.474247785470135, 48.416604889074179 ], [ 8.474591487886046, 48.416340700097635 ], [ 8.474803828324346, 48.416377835716105 ], [ 8.474958304281873, 48.416180795921221 ], [ 8.475344913717887, 48.416093493236517 ], [ 8.474990507489951, 48.415297658839478 ], [ 8.474891794513104, 48.41525069608911 ], [ 8.474769646743107, 48.414671118762783 ], [ 8.474494138690314, 48.414076176521597 ], [ 8.4732375785372, 48.413122101258033 ], [ 8.47339141427905, 48.412960507063637 ], [ 8.472983506431746, 48.412913836515486 ], [ 8.472491916143589, 48.412386903165711 ], [ 8.472537217523875, 48.411351783911854 ], [ 8.472372021956904, 48.41101806289506 ], [ 8.470926137352068, 48.409854102729909 ], [ 8.470047144853028, 48.409421730093612 ], [ 8.469206333657992, 48.409632782942055 ], [ 8.46852324004769, 48.408972428926035 ], [ 8.468435982037127, 48.408502313886039 ], [ 8.468511984646524, 48.408314906134599 ], [ 8.46816262280764, 48.407996611856746 ], [ 8.46881062383066, 48.406432668735427 ], [ 8.466638229946453, 48.405932664689551 ], [ 8.466843980261716, 48.405807036166806 ], [ 8.466768352086397, 48.405777446772177 ], [ 8.466967802232359, 48.405724481315339 ], [ 8.467635610242329, 48.405733060990116 ], [ 8.46919381641972, 48.40356425323116 ], [ 8.46889999330064, 48.403481568116277 ], [ 8.469775920556645, 48.401546211002916 ], [ 8.466868302846915, 48.400726049840081 ], [ 8.465797141126515, 48.400187582977892 ], [ 8.465600968008085, 48.399336312952585 ], [ 8.465196544903769, 48.398298024849055 ], [ 8.465057840337492, 48.398113489400835 ], [ 8.464741470123155, 48.397930016683191 ], [ 8.463456223013539, 48.397433535324957 ], [ 8.463909660334579, 48.397261744500028 ], [ 8.463410507958097, 48.39696315935889 ], [ 8.462248034357426, 48.397780381960956 ], [ 8.460630186481129, 48.399675501500255 ], [ 8.45898950066692, 48.40111373286495 ], [ 8.457897311875412, 48.40132783939103 ], [ 8.455748608257625, 48.400271210610612 ], [ 8.454678884876531, 48.399534181732768 ], [ 8.451620280464766, 48.398792178994903 ], [ 8.451173017239382, 48.399000297141619 ], [ 8.450814542244423, 48.399306090708023 ], [ 8.449956179735986, 48.399486510851979 ], [ 8.449508617047742, 48.399771272178356 ], [ 8.44942207805255, 48.39992820876013 ], [ 8.44898081652085, 48.399991681644188 ], [ 8.448022230309796, 48.399905937530242 ], [ 8.447784746221883, 48.399815821534546 ], [ 8.447252860603667, 48.399876333761632 ], [ 8.44650033008708, 48.39978904763413 ], [ 8.444343410531664, 48.399998168526594 ], [ 8.443604038179078, 48.400141689989638 ], [ 8.44329808764048, 48.399925461040773 ], [ 8.442896130673454, 48.400001606047397 ], [ 8.442731050257171, 48.399950515579761 ], [ 8.442662292984547, 48.399751627396874 ], [ 8.442318993962584, 48.399689776639505 ], [ 8.442375388514588, 48.399783524730616 ], [ 8.441383641375971, 48.40059308693435 ], [ 8.439536694262785, 48.401605489820085 ], [ 8.439125156177505, 48.400781734369154 ], [ 8.43881256721316, 48.400470277028248 ], [ 8.43775968441456, 48.399808384414662 ], [ 8.43524825345634, 48.39881770327522 ], [ 8.433800124866051, 48.397646604392499 ], [ 8.433451066389061, 48.397144494469622 ], [ 8.432847209455305, 48.395489021088444 ], [ 8.432166977992988, 48.394327081506979 ], [ 8.430736179207795, 48.39521670411154 ], [ 8.429327519931856, 48.395825454309268 ], [ 8.42787367687335, 48.397159629582163 ], [ 8.426816014882153, 48.397891907894561 ], [ 8.425842208549973, 48.398409126018841 ], [ 8.425187041725513, 48.397743254097421 ], [ 8.424487361476308, 48.397551907104109 ], [ 8.423908821679548, 48.398286104434611 ], [ 8.423206924843401, 48.39807548582133 ], [ 8.422883613990624, 48.39792173181506 ], [ 8.423162144447687, 48.397794207076316 ], [ 8.422780534988192, 48.397372241263838 ], [ 8.42240576875022, 48.397563607815357 ], [ 8.421813801706014, 48.398192466843724 ], [ 8.421571404743087, 48.398337893306504 ] ] ] } },
{ "type": "Feature", "properties": { "Gemarkung": "Mariazell", "Schluessel": "085881", "Ebene": "Gemarkung" }, "geometry": { "type": "Polygon", "coordinates": [ [ [ 8.462968399142044, 48.176981623653035 ], [ 8.462932859488044, 48.177525143401226 ], [ 8.46234052634564, 48.177580944593366 ], [ 8.462416460104635, 48.178411088479493 ], [ 8.461691923240048, 48.178501446069369 ], [ 8.460919729242573, 48.178774663538064 ], [ 8.460991964846002, 48.179172757397339 ], [ 8.460376580237716, 48.17932083904843 ], [ 8.460205349714387, 48.179152511923895 ], [ 8.460105056323624, 48.178839216993588 ], [ 8.459556671040835, 48.178897189573277 ], [ 8.459980632541452, 48.180016693015283 ], [ 8.459837708434087, 48.180035005067744 ], [ 8.459986728786308, 48.180973277065171 ], [ 8.457389531853822, 48.181368068840058 ], [ 8.456657094560713, 48.180393568733471 ], [ 8.456213278860531, 48.18062368134099 ], [ 8.455996999476078, 48.178890655404494 ], [ 8.455521344401607, 48.178266534189817 ], [ 8.45435142009827, 48.178735036177358 ], [ 8.45348696411558, 48.178027727869136 ], [ 8.452813805419783, 48.177637566605235 ], [ 8.451423832303425, 48.178871711402842 ], [ 8.451095218166619, 48.17874337568184 ], [ 8.450652605085132, 48.179350984687538 ], [ 8.450405360618785, 48.179916340806741 ], [ 8.449568821435738, 48.180223542722878 ], [ 8.448425748746029, 48.18083831331726 ], [ 8.44572602446657, 48.180440798089286 ], [ 8.4403152438222, 48.181069019547856 ], [ 8.435865529683166, 48.181968646287757 ], [ 8.432692863650589, 48.182921914084254 ], [ 8.429179214850162, 48.183337633371153 ], [ 8.429383565131733, 48.183786785865841 ], [ 8.425077697670467, 48.184645862796145 ], [ 8.42261553972231, 48.185255031537189 ], [ 8.421027674711782, 48.185448846716461 ], [ 8.419052237860972, 48.185471449400168 ], [ 8.418705263967533, 48.18538773319878 ], [ 8.41864113595823, 48.185490603878783 ], [ 8.41975724960799, 48.187901036144012 ], [ 8.421010799777795, 48.189778000497427 ], [ 8.419616072137265, 48.190275695686836 ], [ 8.420207136169045, 48.191291823418872 ], [ 8.42211964277076, 48.193104349114989 ], [ 8.419939798407174, 48.193697964651207 ], [ 8.416436791401143, 48.195223569646835 ], [ 8.417074755475934, 48.196920928261456 ], [ 8.416328432176627, 48.198591199801498 ], [ 8.415851913779766, 48.200638188964163 ], [ 8.415594828699092, 48.202475403335121 ], [ 8.416644219124102, 48.205779182954373 ], [ 8.418505273560934, 48.206239896508976 ], [ 8.420907888682848, 48.207078300355697 ], [ 8.424634266561565, 48.207756933533084 ], [ 8.425544327138107, 48.208006020505771 ], [ 8.427369387661759, 48.206687091407545 ], [ 8.429868146725868, 48.205693385652204 ], [ 8.430772250519889, 48.205167227782532 ], [ 8.43224273901737, 48.204466262201592 ], [ 8.432922365434427, 48.204239295556363 ], [ 8.434406638966323, 48.203454698920105 ], [ 8.435614497275139, 48.202406646210193 ], [ 8.436370576706102, 48.201978683432159 ], [ 8.439319052078917, 48.200619721557764 ], [ 8.447182123901076, 48.1986446507536 ], [ 8.448762096412885, 48.197120421622422 ], [ 8.448938859437462, 48.197088610234182 ], [ 8.449224509620295, 48.194192339426657 ], [ 8.450755804023228, 48.194182571543685 ], [ 8.45071221998003, 48.19408051808621 ], [ 8.451566163986827, 48.193839968678951 ], [ 8.455399113100743, 48.193272850399403 ], [ 8.45657820366012, 48.193189630420719 ], [ 8.459439119956704, 48.192777114068868 ], [ 8.461041943179819, 48.19269152148388 ], [ 8.464597604713267, 48.191586039466074 ], [ 8.467771800783847, 48.191220118911325 ], [ 8.472774848291232, 48.192463785967419 ], [ 8.474447436616598, 48.192487189232757 ], [ 8.47928538478263, 48.193545650490833 ], [ 8.479479938345108, 48.193468078389408 ], [ 8.480283836743039, 48.193890702222795 ], [ 8.480738807142473, 48.193902384880481 ], [ 8.481421602086249, 48.194059674213726 ], [ 8.481891782546725, 48.193910915819067 ], [ 8.482808385783645, 48.193058446108964 ], [ 8.483012752347831, 48.192753739841919 ], [ 8.483142084098668, 48.192270016936973 ], [ 8.483071086832586, 48.191877161858237 ], [ 8.483823875627452, 48.191882703671567 ], [ 8.483686939507376, 48.191208758788484 ], [ 8.483820215519831, 48.191135132647673 ], [ 8.483980343668351, 48.19082608733941 ], [ 8.484242603948889, 48.190610078435185 ], [ 8.484658436321888, 48.190442801063895 ], [ 8.485425843898453, 48.190276286713562 ], [ 8.485716446257042, 48.190050774581877 ], [ 8.485025132863107, 48.18980764175641 ], [ 8.484906616124002, 48.188852086730513 ], [ 8.484345378862416, 48.188815292308568 ], [ 8.48418944164016, 48.187541077113124 ], [ 8.483980891014614, 48.186831272823731 ], [ 8.48425555952563, 48.186851578929243 ], [ 8.48374087134604, 48.18538384797354 ], [ 8.483787294792926, 48.184994579090471 ], [ 8.484515750180197, 48.183096435132256 ], [ 8.475363014180759, 48.181014071468731 ], [ 8.474414986751912, 48.178685379930208 ], [ 8.472670705587904, 48.179478929560986 ], [ 8.470200485242875, 48.179892047226716 ], [ 8.465186177646173, 48.179828431518281 ], [ 8.465466302459598, 48.178931389192847 ], [ 8.465770718673463, 48.177132514643944 ], [ 8.464484253354829, 48.175963672603523 ], [ 8.463905557326253, 48.176739031705914 ], [ 8.463551515622777, 48.176712548447838 ], [ 8.463459729535362, 48.177013427998794 ], [ 8.462968399142044, 48.176981623653035 ] ] ] } },
{ "type": "Feature", "properties": { "Gemarkung": "Marschalkenzimmern", "Schluessel": "085775", "Ebene": "Gemarkung" }, "geometry": { "type": "Polygon", "coordinates": [ [ [ 8.534542276252363, 48.319175796233999 ], [ 8.533233201508107, 48.320294901142226 ], [ 8.532080164877332, 48.320895605299754 ], [ 8.532447370427274, 48.321277209830249 ], [ 8.532290077914698, 48.321336578434241 ], [ 8.530949511507181, 48.32152382912232 ], [ 8.530029109337613, 48.321450257555355 ], [ 8.529234602132812, 48.32129973223158 ], [ 8.529132344544562, 48.321446949776636 ], [ 8.528759937126472, 48.321295809228744 ], [ 8.528369885798856, 48.321741887134358 ], [ 8.527651721001689, 48.325537262490144 ], [ 8.524223410502552, 48.325178288874987 ], [ 8.520723697111357, 48.325145226259238 ], [ 8.519653664161117, 48.326174574750176 ], [ 8.519448229304691, 48.326673753798467 ], [ 8.519334850355083, 48.326679487789683 ], [ 8.516640457883767, 48.326074953653219 ], [ 8.512256822763845, 48.325696040511609 ], [ 8.512907623388502, 48.331745035609011 ], [ 8.520324599695584, 48.331364695599426 ], [ 8.519754305718971, 48.334824605850713 ], [ 8.521420976412644, 48.335546879545582 ], [ 8.531118663233109, 48.342157550330249 ], [ 8.530545211755184, 48.343763998218122 ], [ 8.53170847415832, 48.344168012420553 ], [ 8.530724683921513, 48.346912128659945 ], [ 8.535666245453609, 48.347062543361844 ], [ 8.536976311374106, 48.344935791513564 ], [ 8.539328150958939, 48.345305191104814 ], [ 8.539476252532449, 48.345239658533131 ], [ 8.541363147707273, 48.34564323083675 ], [ 8.542340578725952, 48.345773886893006 ], [ 8.543234790301483, 48.344555062508142 ], [ 8.545423070085358, 48.343590830004523 ], [ 8.547207278574643, 48.343229272968024 ], [ 8.548476941530616, 48.34310570112202 ], [ 8.553918753797522, 48.343980537527315 ], [ 8.556436772299495, 48.344493548678216 ], [ 8.557175111408483, 48.344292708582969 ], [ 8.557369076153865, 48.343494190290819 ], [ 8.557932250794424, 48.342931544492309 ], [ 8.557748817431596, 48.342810373878528 ], [ 8.559649939114014, 48.341944629485418 ], [ 8.560235819170273, 48.341263303019055 ], [ 8.560064182159314, 48.340539763352986 ], [ 8.559636053873582, 48.339749475951947 ], [ 8.560211687690259, 48.339283760664664 ], [ 8.56103186709983, 48.338923427455477 ], [ 8.561034960613947, 48.337792915768489 ], [ 8.561705032403275, 48.33710497518662 ], [ 8.561980425042549, 48.335988455588478 ], [ 8.561809181793434, 48.335533020728889 ], [ 8.561830678411194, 48.335307645567383 ], [ 8.55957318020975, 48.334907398093669 ], [ 8.55661000839201, 48.334151268122888 ], [ 8.55520822360438, 48.332986902095996 ], [ 8.555991809811889, 48.332187064370672 ], [ 8.556748521542133, 48.331216000479877 ], [ 8.557736819807245, 48.329422894057835 ], [ 8.556906538245116, 48.327553602869791 ], [ 8.554822080101751, 48.327947077114537 ], [ 8.555365343673014, 48.327283782270065 ], [ 8.555790873672159, 48.326007984339164 ], [ 8.555500129890074, 48.32574577674584 ], [ 8.55494092706699, 48.325467595433437 ], [ 8.552651517883287, 48.325023453530392 ], [ 8.551127842327885, 48.324951481694733 ], [ 8.550113429777296, 48.325110898722386 ], [ 8.550091358486064, 48.325058811422608 ], [ 8.5495135365626, 48.325213992218572 ], [ 8.548733316162968, 48.325158932869158 ], [ 8.548272099976325, 48.324712505143424 ], [ 8.546833595369295, 48.324758937651353 ], [ 8.546058506391752, 48.324674011288465 ], [ 8.546439646288148, 48.324396526894716 ], [ 8.545311484687977, 48.324193965206561 ], [ 8.54277341920216, 48.323949989635089 ], [ 8.541227344844707, 48.320619277927143 ], [ 8.538497988236484, 48.320966608415389 ], [ 8.535622958636278, 48.3214716283006 ], [ 8.534542276252363, 48.319175796233999 ] ] ] } },
{ "type": "Feature", "properties": { "Gemarkung": "Mönchweiler", "Schluessel": "086040", "Ebene": "Gemarkung" }, "geometry": { "type": "Polygon", "coordinates": [ [ [ 8.433087389609778, 48.090858170067079 ], [ 8.431149058249948, 48.090597572236625 ], [ 8.430414820163886, 48.091977327893105 ], [ 8.430222646001793, 48.090797846261957 ], [ 8.428545575945147, 48.092157256270013 ], [ 8.427074215271986, 48.093113158265233 ], [ 8.425022983850486, 48.093445972088261 ], [ 8.421628747452289, 48.093464927035512 ], [ 8.420836014231343, 48.093018997356829 ], [ 8.419960318036409, 48.093717703043815 ], [ 8.419719510690353, 48.093754095119877 ], [ 8.417677315273469, 48.093446680577642 ], [ 8.412454097336287, 48.095983813664574 ], [ 8.40860930793772, 48.09803324110726 ], [ 8.407986721386632, 48.09823660844399 ], [ 8.408370828273069, 48.098508139243194 ], [ 8.40733375707587, 48.100147641918952 ], [ 8.406894084955129, 48.10155332658109 ], [ 8.406677790909512, 48.101883392514964 ], [ 8.406478701598177, 48.101885513412299 ], [ 8.405092546561507, 48.101148142906702 ], [ 8.404495386363347, 48.100994708732316 ], [ 8.404411680079191, 48.101136428797261 ], [ 8.401404663534969, 48.101240375934175 ], [ 8.401774640173141, 48.102427667740649 ], [ 8.401996188390665, 48.103963632250334 ], [ 8.401906573904583, 48.106906108718562 ], [ 8.402059816414152, 48.108159748227706 ], [ 8.401999707493943, 48.109288117720581 ], [ 8.402119420034586, 48.11009757692927 ], [ 8.40276200762561, 48.111359247792329 ], [ 8.402586722974615, 48.112352782163654 ], [ 8.401842881864672, 48.113760731903419 ], [ 8.4013302628526, 48.115535701663973 ], [ 8.398961425291601, 48.1159373818696 ], [ 8.39804397293692, 48.116286974120854 ], [ 8.397345610123235, 48.11667441613735 ], [ 8.396461505430729, 48.118075116701817 ], [ 8.395149784228193, 48.119545356904055 ], [ 8.392751061702509, 48.121528073549527 ], [ 8.393126581880546, 48.122228408125657 ], [ 8.39344773633692, 48.123666662209828 ], [ 8.393616962220742, 48.124016910533875 ], [ 8.395353308287412, 48.126041036889816 ], [ 8.396909187277471, 48.127604530536544 ], [ 8.398725852704628, 48.129320247564735 ], [ 8.39936689503706, 48.129551944305163 ], [ 8.400929014573027, 48.12985888905785 ], [ 8.401477657223229, 48.130132738263555 ], [ 8.401856999941328, 48.130554154922685 ], [ 8.402044544132508, 48.130190031149226 ], [ 8.402705399388481, 48.129573031965975 ], [ 8.402644330079175, 48.128801308643752 ], [ 8.402758378812987, 48.128295638057658 ], [ 8.405748872780238, 48.127780224394051 ], [ 8.407697966262559, 48.127215285134156 ], [ 8.409676508049266, 48.126750601116079 ], [ 8.41145523451666, 48.126128491404444 ], [ 8.415431801421448, 48.125313051510339 ], [ 8.41807787139019, 48.125294810430589 ], [ 8.419821915940561, 48.124648283532025 ], [ 8.422002683524974, 48.124346084827998 ], [ 8.423045450944704, 48.12316029605546 ], [ 8.424526475491625, 48.119835126144764 ], [ 8.424286033308233, 48.119659829039151 ], [ 8.424826634863193, 48.11910264958636 ], [ 8.428370854727364, 48.116144468594044 ], [ 8.431670985456858, 48.114754956495489 ], [ 8.433377919938003, 48.113134198366247 ], [ 8.435906518770507, 48.111061749574837 ], [ 8.437078450391214, 48.109508665378101 ], [ 8.438524629483688, 48.107967795567021 ], [ 8.437816453624684, 48.106460294049555 ], [ 8.438053138827135, 48.10570956680619 ], [ 8.438790870353065, 48.104279848958825 ], [ 8.438959721514435, 48.102761518076449 ], [ 8.439610864706866, 48.101914291911093 ], [ 8.439453858685393, 48.101912806406425 ], [ 8.439905573075546, 48.101208918578983 ], [ 8.441895490922793, 48.101125030435355 ], [ 8.443112553536665, 48.10056618841999 ], [ 8.443605798413232, 48.10019016066768 ], [ 8.445352860893214, 48.101201779895177 ], [ 8.448250106930425, 48.097979119115081 ], [ 8.447542120058293, 48.097580835894796 ], [ 8.447872851411935, 48.097274275472984 ], [ 8.447646098205203, 48.097139939044361 ], [ 8.449021199180535, 48.096205805758345 ], [ 8.448103589021583, 48.095706203138477 ], [ 8.449176461575732, 48.094860046902269 ], [ 8.448174076448108, 48.093863309333372 ], [ 8.447936231924022, 48.093373805195576 ], [ 8.447305275757413, 48.093099690075682 ], [ 8.444106738388131, 48.092782859318945 ], [ 8.442967478645178, 48.091129975723682 ], [ 8.440381581243555, 48.091099507434016 ], [ 8.439074714030548, 48.091499804075482 ], [ 8.437957134612029, 48.091239095956006 ], [ 8.437383909194265, 48.090788955530307 ], [ 8.435628023475525, 48.090077762358597 ], [ 8.434170958929327, 48.089637746865748 ], [ 8.433087389609778, 48.090858170067079 ] ] ] } },
{ "type": "Feature", "properties": { "Gemarkung": "Mühlhausen", "Schluessel": "086062", "Ebene": "Gemarkung" }, "geometry": { "type": "Polygon", "coordinates": [ [ [ 8.592335897807382, 48.044110171447528 ], [ 8.590839365262232, 48.042126469838422 ], [ 8.589177664225316, 48.041306658283077 ], [ 8.586396966392225, 48.040420629382076 ], [ 8.584840745595175, 48.040697886887706 ], [ 8.583588415119321, 48.040688676278336 ], [ 8.581001597928781, 48.041354777421091 ], [ 8.580339270924872, 48.041366305660844 ], [ 8.577625448456452, 48.041180016868722 ], [ 8.57604230249196, 48.040871341865333 ], [ 8.576113840009661, 48.043353558737948 ], [ 8.575596548656005, 48.043427315067404 ], [ 8.574967821154324, 48.043298041174268 ], [ 8.575172835579986, 48.043803359289541 ], [ 8.574895602543496, 48.043840481754494 ], [ 8.570593332229896, 48.044352345278497 ], [ 8.567255056656927, 48.044522282273846 ], [ 8.567038271723987, 48.045526446464798 ], [ 8.566209109981576, 48.046624389107336 ], [ 8.564934633137664, 48.047029479905532 ], [ 8.562852143344886, 48.047319110808125 ], [ 8.561930833415376, 48.047544578958735 ], [ 8.558942071558382, 48.048412974866075 ], [ 8.559075676968213, 48.049911061272944 ], [ 8.55781248169589, 48.050204911621989 ], [ 8.559938079904216, 48.051581986624868 ], [ 8.56129863759246, 48.052087610165557 ], [ 8.563285195482138, 48.053073796161684 ], [ 8.562304162670408, 48.053747277185352 ], [ 8.562402397082218, 48.055093172040273 ], [ 8.559125615168396, 48.055693799733213 ], [ 8.559835191576104, 48.056569151583197 ], [ 8.560143684801877, 48.057219925446603 ], [ 8.560092906311327, 48.057540748461669 ], [ 8.56111291881632, 48.057787931434156 ], [ 8.561768647775756, 48.058041544014571 ], [ 8.566580115337716, 48.060439982827745 ], [ 8.567844936397679, 48.060970088701879 ], [ 8.568655867152607, 48.061371258312633 ], [ 8.568723144200286, 48.061479566235619 ], [ 8.568801419796273, 48.061395916907884 ], [ 8.575375599449615, 48.064593502550693 ], [ 8.576572248062472, 48.065341619754207 ], [ 8.577676011556656, 48.066192309940391 ], [ 8.578961963487995, 48.06750367918972 ], [ 8.579796069801514, 48.068626332388611 ], [ 8.581203125490148, 48.068873761389369 ], [ 8.582742550777667, 48.068490237120976 ], [ 8.582097927382675, 48.0666533844987 ], [ 8.582015976269565, 48.065783515891638 ], [ 8.580972335255257, 48.065720153823072 ], [ 8.581939602291484, 48.064258407796082 ], [ 8.582375944397297, 48.062136765847505 ], [ 8.582450570852549, 48.061555733453133 ], [ 8.582152935487494, 48.060503878232183 ], [ 8.582068963987155, 48.059735398905133 ], [ 8.58289039268039, 48.058881498161249 ], [ 8.58455978532335, 48.057785399012822 ], [ 8.585165108235824, 48.056359022997057 ], [ 8.587001836747135, 48.055382344029518 ], [ 8.588267985085899, 48.054881429696266 ], [ 8.587974955457309, 48.054638266616166 ], [ 8.589193085213269, 48.053877782676764 ], [ 8.589362047060687, 48.053977984853539 ], [ 8.591078252656427, 48.053033469194652 ], [ 8.593713832924125, 48.051156390984836 ], [ 8.596231455079124, 48.050371808998662 ], [ 8.595354780526938, 48.047720418550902 ], [ 8.595123516777599, 48.046068809131029 ], [ 8.593952369831431, 48.045017679053892 ], [ 8.592335897807382, 48.044110171447528 ] ] ] } },
{ "type": "Feature", "properties": { "Gemarkung": "Neuhausen", "Schluessel": "086004", "Ebene": "Gemarkung" }, "geometry": { "type": "Polygon", "coordinates": [ [ [ 8.477617364921723, 48.132541675361459 ], [ 8.476776381350279, 48.129065449281434 ], [ 8.475225963292585, 48.127924305398707 ], [ 8.471843663559627, 48.126730021274803 ], [ 8.470389389959994, 48.126371635079465 ], [ 8.467776212761779, 48.126181512206138 ], [ 8.469107938243912, 48.124045838146891 ], [ 8.467291844451809, 48.121832261184515 ], [ 8.467410420886674, 48.119291686957773 ], [ 8.464845829129438, 48.119271856092325 ], [ 8.461261808329976, 48.118852583432464 ], [ 8.459177612089331, 48.118703430201045 ], [ 8.457225556478328, 48.119072733145586 ], [ 8.455154303654089, 48.120241184998363 ], [ 8.450520841157548, 48.121992351926814 ], [ 8.449110803108605, 48.122336396285469 ], [ 8.44807123057274, 48.122679503960562 ], [ 8.446025191647301, 48.123557217663425 ], [ 8.444530571550279, 48.124036923244866 ], [ 8.442381578835278, 48.1241483365026 ], [ 8.437691704083631, 48.123977934512141 ], [ 8.435566411705393, 48.123703453283007 ], [ 8.430889928346051, 48.12337260211379 ], [ 8.429801038125994, 48.123933568561355 ], [ 8.42905903279758, 48.124572903225406 ], [ 8.428468822493453, 48.124937138811163 ], [ 8.426662863535531, 48.125384023614046 ], [ 8.423510998507316, 48.125292051864662 ], [ 8.422002683524974, 48.124346084827998 ], [ 8.419821915940561, 48.124648283532025 ], [ 8.41807787139019, 48.125294810430589 ], [ 8.415431801421448, 48.125313051510339 ], [ 8.41145523451666, 48.126128491404444 ], [ 8.409676508049266, 48.126750601116079 ], [ 8.407697966262559, 48.127215285134156 ], [ 8.405748872780238, 48.127780224394051 ], [ 8.402758378812987, 48.128295638057658 ], [ 8.402644330079175, 48.128801308643752 ], [ 8.402705399388481, 48.129573031965975 ], [ 8.402044544132508, 48.130190031149226 ], [ 8.401046039150279, 48.132126931538153 ], [ 8.399905126491289, 48.133682864727334 ], [ 8.399566437077617, 48.134327532403944 ], [ 8.400417274733337, 48.134485283632166 ], [ 8.404137969217286, 48.134806663977912 ], [ 8.40965771704362, 48.135085535688127 ], [ 8.41096844722354, 48.135475084151416 ], [ 8.412382548492449, 48.13545326237324 ], [ 8.412656507551791, 48.134990776087768 ], [ 8.412546624729808, 48.134938121714946 ], [ 8.414521083698252, 48.133932702451517 ], [ 8.416051088059858, 48.134045211730509 ], [ 8.417651379732579, 48.133980635430383 ], [ 8.419100826030263, 48.133764574336055 ], [ 8.419479398996584, 48.133887857022799 ], [ 8.419606235608562, 48.13427321044211 ], [ 8.419482729200755, 48.13440322349512 ], [ 8.420141571764939, 48.134560038651777 ], [ 8.420092989766429, 48.134780310619725 ], [ 8.420528861234185, 48.135725037295849 ], [ 8.421704510966276, 48.135931592331154 ], [ 8.42205748587609, 48.135870568599401 ], [ 8.42211678038964, 48.136024535897661 ], [ 8.426019585770977, 48.137213525787274 ], [ 8.427853597249687, 48.137896906890361 ], [ 8.429931106500582, 48.137777223160661 ], [ 8.434300709888582, 48.137872408865171 ], [ 8.440762286057272, 48.138805171963305 ], [ 8.443339192357135, 48.139018494945383 ], [ 8.447177342549409, 48.13812049428072 ], [ 8.449235253097859, 48.137831583360295 ], [ 8.450100863375139, 48.137594788046201 ], [ 8.450846696200149, 48.138190447607897 ], [ 8.451387328975585, 48.138820301282315 ], [ 8.450539867929777, 48.139433358124855 ], [ 8.452406586074769, 48.140567793185703 ], [ 8.452803397759682, 48.140960243268971 ], [ 8.455096558940996, 48.141516356669712 ], [ 8.457433163690268, 48.140684480869226 ], [ 8.460186856924027, 48.14066775691559 ], [ 8.461183139037994, 48.140814764485533 ], [ 8.46262140202017, 48.140602061019244 ], [ 8.464579186062007, 48.139356025145354 ], [ 8.465941611356568, 48.139762550897473 ], [ 8.467073149422779, 48.140218373362778 ], [ 8.46831055347273, 48.140512638303427 ], [ 8.471844478021916, 48.140411700854806 ], [ 8.474588971102323, 48.139753372824337 ], [ 8.475913789395749, 48.136533813193999 ], [ 8.477220486374971, 48.134857862344163 ], [ 8.477497991755847, 48.133895363883163 ], [ 8.477617364921723, 48.132541675361459 ] ] ] } },
{ "type": "Feature", "properties": { "Gemarkung": "Niedereschach", "Schluessel": "086030", "Ebene": "Gemarkung" }, "geometry": { "type": "Polygon", "coordinates": [ [ [ 8.539680223376186, 48.113785763376434 ], [ 8.538903413854429, 48.110224858907117 ], [ 8.539211373855533, 48.109212936778313 ], [ 8.538497858133912, 48.108796479415595 ], [ 8.540313701288246, 48.107759739683281 ], [ 8.540507175014932, 48.107560598991874 ], [ 8.537757456662444, 48.106181120445868 ], [ 8.533760811686884, 48.106832286644853 ], [ 8.533602990969005, 48.108700603364667 ], [ 8.532803439176819, 48.108785616733009 ], [ 8.526543537712207, 48.109014164195493 ], [ 8.526771663893443, 48.111719346067304 ], [ 8.523854029064541, 48.112055750364419 ], [ 8.51974568241876, 48.113625553897847 ], [ 8.519393883416692, 48.113416431485348 ], [ 8.516833104107524, 48.112589302126054 ], [ 8.516475230279537, 48.114361474046149 ], [ 8.516940252519449, 48.115950057683236 ], [ 8.515470857639405, 48.117127522402953 ], [ 8.513082788964969, 48.118200942574937 ], [ 8.511841354831738, 48.12047489493289 ], [ 8.50845346888743, 48.122279294702437 ], [ 8.50923662017677, 48.123631926065471 ], [ 8.510170833888706, 48.124760899808564 ], [ 8.51157760189831, 48.125873700930498 ], [ 8.513542810220626, 48.127754766070176 ], [ 8.513454891216504, 48.129308629109218 ], [ 8.511875641519939, 48.130400288677279 ], [ 8.510966190694681, 48.130498718638783 ], [ 8.509709688108114, 48.130488057098198 ], [ 8.509347118588323, 48.130837483467928 ], [ 8.507562128423531, 48.131364182146918 ], [ 8.504453252962502, 48.131947861771216 ], [ 8.504547972583907, 48.132104908176004 ], [ 8.501667502702057, 48.132716217957892 ], [ 8.501569873488844, 48.13252730713657 ], [ 8.500103735102199, 48.132910150415881 ], [ 8.497593041201206, 48.133825175521153 ], [ 8.495015475848206, 48.134464183428655 ], [ 8.494032906826114, 48.134784654262859 ], [ 8.492016420740518, 48.135585760499097 ], [ 8.491968131184406, 48.13528972529209 ], [ 8.4912955566611, 48.135602005703063 ], [ 8.48993813977861, 48.13647202868156 ], [ 8.489421058517237, 48.136702395478338 ], [ 8.488592155723184, 48.137350183716613 ], [ 8.484694563393067, 48.139202443452227 ], [ 8.482379922026691, 48.138715830905952 ], [ 8.48022979374336, 48.137995093802395 ], [ 8.479903938628553, 48.138117958397856 ], [ 8.477329679911474, 48.137011074460766 ], [ 8.475913789395749, 48.136533813193999 ], [ 8.474588971102323, 48.139753372824337 ], [ 8.471844478021916, 48.140411700854806 ], [ 8.46831055347273, 48.140512638303427 ], [ 8.46757578765696, 48.142593753389782 ], [ 8.467853730264997, 48.143821512157118 ], [ 8.467886752899432, 48.14484057554187 ], [ 8.470781713705406, 48.144821102527423 ], [ 8.473234064453578, 48.144215533594569 ], [ 8.477001641813242, 48.143846497691563 ], [ 8.478923153014193, 48.143784688603709 ], [ 8.486509168334717, 48.144383211905826 ], [ 8.492002108861238, 48.145796937072475 ], [ 8.493767147642702, 48.146094967638788 ], [ 8.495404819443927, 48.146606360509118 ], [ 8.496787614535213, 48.147215221426372 ], [ 8.498585255739872, 48.147693530350864 ], [ 8.498687817234888, 48.147902348059844 ], [ 8.499341674011207, 48.147840149776378 ], [ 8.49992742489292, 48.148118007674938 ], [ 8.500604241827956, 48.147421524205605 ], [ 8.502141358330679, 48.146803711259196 ], [ 8.503085945511986, 48.14631413384992 ], [ 8.503232847175006, 48.146429570495613 ], [ 8.504231923106168, 48.145836123917142 ], [ 8.50482598233441, 48.145096882544408 ], [ 8.505822771795684, 48.144218837191495 ], [ 8.505694389494753, 48.144176808981548 ], [ 8.506366401788584, 48.143224755810756 ], [ 8.506820745387758, 48.142918918926306 ], [ 8.507626267107581, 48.142564831767089 ], [ 8.509491078630528, 48.142081839007922 ], [ 8.513410507273187, 48.141659535338725 ], [ 8.51367847404866, 48.141724638144076 ], [ 8.515229727114379, 48.141626466300956 ], [ 8.51672290636224, 48.142544690174411 ], [ 8.517434578657911, 48.143819765691823 ], [ 8.518836281391055, 48.144554218836511 ], [ 8.520366555994176, 48.145806788332116 ], [ 8.521819677036694, 48.145719814069786 ], [ 8.525104618373993, 48.145369955068951 ], [ 8.531947297200386, 48.144311906720581 ], [ 8.533131837481461, 48.144231342872246 ], [ 8.533950033231063, 48.14382566011006 ], [ 8.537197903066389, 48.143539363783532 ], [ 8.538545578737196, 48.141678085959903 ], [ 8.535759903635736, 48.138977395371668 ], [ 8.535266674042408, 48.137910517001352 ], [ 8.536594066405648, 48.136531957552329 ], [ 8.542019781352746, 48.135755941175439 ], [ 8.544430189519016, 48.135265557152898 ], [ 8.549242695451026, 48.133775014392029 ], [ 8.551506828596365, 48.132005523226162 ], [ 8.553164486728161, 48.131374001892759 ], [ 8.554420017011838, 48.131205323987075 ], [ 8.55587443857126, 48.13085062316793 ], [ 8.55570421149082, 48.130314643089342 ], [ 8.558229931595992, 48.129857434215168 ], [ 8.55647925030749, 48.127835360624204 ], [ 8.552041571903482, 48.128872509986891 ], [ 8.551742104805339, 48.127858098560118 ], [ 8.551658311190597, 48.126445509975547 ], [ 8.551302450399513, 48.124841842048468 ], [ 8.551405543259673, 48.12243176224851 ], [ 8.548464880243873, 48.12046915134043 ], [ 8.54752485072324, 48.119012973868813 ], [ 8.5437005789287, 48.115243481605511 ], [ 8.54191141208211, 48.115872004550184 ], [ 8.540066710307013, 48.114152140703943 ], [ 8.539680223376186, 48.113785763376434 ] ] ] } },
{ "type": "Feature", "properties": { "Gemarkung": "Obereschach", "Schluessel": "086063", "Ebene": "Gemarkung" }, "geometry": { "type": "Polygon", "coordinates": [ [ [ 8.486808152226303, 48.109539513997568 ], [ 8.488185612258651, 48.107287935899819 ], [ 8.487693059732507, 48.106809167068029 ], [ 8.488162228707942, 48.106625918243964 ], [ 8.489862413181809, 48.10621322546011 ], [ 8.49220752512028, 48.10470670746858 ], [ 8.4949730581873, 48.103078100163685 ], [ 8.4896513354101, 48.099052514789719 ], [ 8.489167611434487, 48.098773705644959 ], [ 8.489005914730358, 48.098893997341158 ], [ 8.488521666551808, 48.09866853576132 ], [ 8.489057524411725, 48.098145130736491 ], [ 8.489163593742781, 48.098162426816671 ], [ 8.489193571338857, 48.098037770696244 ], [ 8.487643084882954, 48.097618082631399 ], [ 8.486976973139612, 48.097138715833758 ], [ 8.485984390989518, 48.096145321976579 ], [ 8.485549249400371, 48.095672917716882 ], [ 8.485299552591615, 48.094060423173069 ], [ 8.48334041834501, 48.094269720713491 ], [ 8.482437141458929, 48.094440019373359 ], [ 8.482108935962614, 48.09478483821929 ], [ 8.481936094121986, 48.095171923126621 ], [ 8.479034231143201, 48.094582361440615 ], [ 8.46858035908169, 48.09023154832073 ], [ 8.46620104892593, 48.089317122877567 ], [ 8.462078643148772, 48.088441916107215 ], [ 8.459603398254048, 48.089217997641313 ], [ 8.459396208777779, 48.090843516712937 ], [ 8.458765064765895, 48.092568076207677 ], [ 8.456002367027494, 48.093032686092684 ], [ 8.454436794583275, 48.094129566086529 ], [ 8.453805990914974, 48.095117688117234 ], [ 8.449927655486864, 48.094479019894813 ], [ 8.44931609838657, 48.094976868474667 ], [ 8.449176461575732, 48.094860046902269 ], [ 8.448103589021583, 48.095706203138477 ], [ 8.449021199180535, 48.096205805758345 ], [ 8.447646098205203, 48.097139939044361 ], [ 8.447872851411935, 48.097274275472984 ], [ 8.447542120058293, 48.097580835894796 ], [ 8.448250106930425, 48.097979119115081 ], [ 8.445352860893214, 48.101201779895177 ], [ 8.443605798413232, 48.10019016066768 ], [ 8.443112553536665, 48.10056618841999 ], [ 8.441895490922793, 48.101125030435355 ], [ 8.439905573075546, 48.101208918578983 ], [ 8.439453858685393, 48.101912806406425 ], [ 8.439610864706866, 48.101914291911093 ], [ 8.438959721514435, 48.102761518076449 ], [ 8.438790870353065, 48.104279848958825 ], [ 8.438053138827135, 48.10570956680619 ], [ 8.437816453624684, 48.106460294049555 ], [ 8.438524629483688, 48.107967795567021 ], [ 8.437078450391214, 48.109508665378101 ], [ 8.435906518770507, 48.111061749574837 ], [ 8.433377919938003, 48.113134198366247 ], [ 8.431670985456858, 48.114754956495489 ], [ 8.428370854727364, 48.116144468594044 ], [ 8.424826634863193, 48.11910264958636 ], [ 8.424286033308233, 48.119659829039151 ], [ 8.424526475491625, 48.119835126144764 ], [ 8.423045450944704, 48.12316029605546 ], [ 8.422002683524974, 48.124346084827998 ], [ 8.423510998507316, 48.125292051864662 ], [ 8.426662863535531, 48.125384023614046 ], [ 8.428468822493453, 48.124937138811163 ], [ 8.42905903279758, 48.124572903225406 ], [ 8.429801038125994, 48.123933568561355 ], [ 8.430889928346051, 48.12337260211379 ], [ 8.435566411705393, 48.123703453283007 ], [ 8.437691704083631, 48.123977934512141 ], [ 8.442381578835278, 48.1241483365026 ], [ 8.444530571550279, 48.124036923244866 ], [ 8.446025191647301, 48.123557217663425 ], [ 8.44807123057274, 48.122679503960562 ], [ 8.449110803108605, 48.122336396285469 ], [ 8.450520841157548, 48.121992351926814 ], [ 8.455154303654089, 48.120241184998363 ], [ 8.457225556478328, 48.119072733145586 ], [ 8.459177612089331, 48.118703430201045 ], [ 8.461261808329976, 48.118852583432464 ], [ 8.464845829129438, 48.119271856092325 ], [ 8.468486891634239, 48.119325281096266 ], [ 8.468887548471816, 48.118649926053486 ], [ 8.475924025414015, 48.116823529778024 ], [ 8.47786282630889, 48.115592471980072 ], [ 8.479857832695822, 48.114693806658607 ], [ 8.481186956734176, 48.113297444769586 ], [ 8.482043371864467, 48.112556262181727 ], [ 8.482643256774514, 48.112313884661432 ], [ 8.485808580664598, 48.110435381073202 ], [ 8.486808152226303, 48.109539513997568 ] ] ] } },
{ "type": "Feature", "properties": { "Gemarkung": "Oberiflingen", "Schluessel": "084441", "Ebene": "Gemarkung" }, "geometry": { "type": "Polygon", "coordinates": [ [ [ 8.55636177023108, 48.40436367112251 ], [ 8.55699653929565, 48.406729248766879 ], [ 8.556979513334209, 48.407849437144698 ], [ 8.55756134236451, 48.409814548765411 ], [ 8.557509913386701, 48.410462284245568 ], [ 8.557094322160088, 48.411293857899622 ], [ 8.557276240826758, 48.411446330162107 ], [ 8.55740372564453, 48.411424689035606 ], [ 8.557057207084034, 48.411724111021257 ], [ 8.556173062054208, 48.413100688045255 ], [ 8.55507467461781, 48.414352547042974 ], [ 8.555168686383764, 48.414327000404043 ], [ 8.554845698993613, 48.414744631496703 ], [ 8.55472304948095, 48.415403155434831 ], [ 8.554946197952981, 48.418032724738865 ], [ 8.554669330484352, 48.41876865185413 ], [ 8.554003908110513, 48.419393314840285 ], [ 8.554025957862088, 48.419236590261129 ], [ 8.553774169057986, 48.418988838473823 ], [ 8.553705782642595, 48.419173902400381 ], [ 8.553027336731565, 48.419108383088634 ], [ 8.551317335588472, 48.418526847797182 ], [ 8.55117356524282, 48.418722682043899 ], [ 8.55072350582712, 48.418952317252256 ], [ 8.551025756858786, 48.419714605977489 ], [ 8.551572918094084, 48.421768404650535 ], [ 8.550902286627846, 48.422315838690487 ], [ 8.550847588065951, 48.422648497751126 ], [ 8.551135374569418, 48.42267679030045 ], [ 8.5508692492522, 48.425053181069849 ], [ 8.55101426659753, 48.425101608642677 ], [ 8.550523092072906, 48.425618612194455 ], [ 8.551791392594513, 48.426113061543546 ], [ 8.549414671644277, 48.427943663760715 ], [ 8.549517062703481, 48.427982659829581 ], [ 8.549064591449442, 48.428459503912002 ], [ 8.549236233555309, 48.42850947746868 ], [ 8.548803431138698, 48.429329075943016 ], [ 8.548439164762518, 48.430467779151094 ], [ 8.548365078600119, 48.431170028434373 ], [ 8.548262641414466, 48.431166117700485 ], [ 8.548250799684746, 48.431251448399486 ], [ 8.54835578079649, 48.431258158056174 ], [ 8.548247552438003, 48.431587276560137 ], [ 8.551831950639727, 48.432369326771898 ], [ 8.55162300363917, 48.433008166775998 ], [ 8.551211352449656, 48.433682651957504 ], [ 8.551092221777335, 48.434376090222543 ], [ 8.554568217045214, 48.434718600769557 ], [ 8.554502764462532, 48.434581420123656 ], [ 8.555725364617869, 48.432190908502015 ], [ 8.559119585387631, 48.432924225502312 ], [ 8.559140947658806, 48.432689587663972 ], [ 8.56138812900288, 48.433203960115705 ], [ 8.561545432437583, 48.432739618511327 ], [ 8.561831151309878, 48.432575440384824 ], [ 8.564107208550892, 48.4329882088064 ], [ 8.564469287333671, 48.432288119707898 ], [ 8.565228014515057, 48.43236260123868 ], [ 8.565431558261213, 48.43184561929597 ], [ 8.567470607862909, 48.43171871326075 ], [ 8.568598168171526, 48.431532669074045 ], [ 8.568996124359566, 48.431569066844816 ], [ 8.569830793610357, 48.431502916655411 ], [ 8.570317131299479, 48.431703467172547 ], [ 8.570975631996415, 48.431735882559735 ], [ 8.571846077517737, 48.431353712771873 ], [ 8.57300312047558, 48.430630911627915 ], [ 8.574978190228137, 48.431083911932866 ], [ 8.575255917324037, 48.430347581017614 ], [ 8.575221364081342, 48.429367910146354 ], [ 8.574853006606922, 48.428993463238847 ], [ 8.574692168084443, 48.428666204452497 ], [ 8.57300674778203, 48.428084184097287 ], [ 8.572939035187062, 48.426872728032293 ], [ 8.571854696444127, 48.426739148436454 ], [ 8.571096925116786, 48.426399225950583 ], [ 8.572509795743381, 48.423123981826983 ], [ 8.572751182699882, 48.423045618712756 ], [ 8.573010721020042, 48.422736560894549 ], [ 8.573473127231688, 48.420990875270192 ], [ 8.57489663495441, 48.421250025712048 ], [ 8.575376642901915, 48.42142228270081 ], [ 8.576841683810338, 48.421239741561926 ], [ 8.578753220950313, 48.420541335372683 ], [ 8.579146664825052, 48.42008332096195 ], [ 8.578679652366802, 48.419319783615663 ], [ 8.577877140742546, 48.418612681925964 ], [ 8.576623238940032, 48.417141186276048 ], [ 8.574396538874975, 48.415955681862869 ], [ 8.57272080974322, 48.414702997702804 ], [ 8.572747089735211, 48.415179463357134 ], [ 8.57161948394937, 48.415834089277169 ], [ 8.571778555040552, 48.416284239598156 ], [ 8.571596369799074, 48.416671043375771 ], [ 8.570329233328881, 48.417390721882647 ], [ 8.569649602494874, 48.417177662567276 ], [ 8.567747153658461, 48.417266525045413 ], [ 8.567052478728749, 48.417394183605957 ], [ 8.56791439492283, 48.419157240393872 ], [ 8.567090038008804, 48.419273976120657 ], [ 8.565831018952455, 48.419295142662115 ], [ 8.563677168361515, 48.419454331747538 ], [ 8.56222871068198, 48.419343030782287 ], [ 8.562256555771857, 48.419295454952135 ], [ 8.561664496371289, 48.419100134966556 ], [ 8.560549516563857, 48.418827784755756 ], [ 8.559178991983933, 48.41872519973748 ], [ 8.558527661142318, 48.418774702799908 ], [ 8.558087983186528, 48.41698386888271 ], [ 8.560064755797058, 48.416442473324594 ], [ 8.561122950930748, 48.415344974908848 ], [ 8.561400826647688, 48.415248691585269 ], [ 8.562268282077675, 48.414245728891366 ], [ 8.561182934136209, 48.413227321889657 ], [ 8.562422690222853, 48.41253597863922 ], [ 8.561090174830072, 48.412103026697743 ], [ 8.559293512955904, 48.411824013143203 ], [ 8.557960630399165, 48.41117357631915 ], [ 8.558490896005141, 48.41083023378566 ], [ 8.559140574688469, 48.410631831337184 ], [ 8.559779201754818, 48.410085035619119 ], [ 8.559989103349395, 48.409782474017 ], [ 8.559778646147402, 48.409679737841067 ], [ 8.560349538770113, 48.409025080680216 ], [ 8.561019193749358, 48.408354783551438 ], [ 8.56267259163053, 48.406921987135632 ], [ 8.562669922199856, 48.406981174473131 ], [ 8.566150720924076, 48.403847887763575 ], [ 8.566157210781123, 48.403926812261034 ], [ 8.566293251673551, 48.403802002735773 ], [ 8.566218232605253, 48.403805588468131 ], [ 8.56730491863674, 48.402424476210243 ], [ 8.565398365369495, 48.401647722746453 ], [ 8.565749283795817, 48.400944525006025 ], [ 8.563114801823438, 48.400064581900608 ], [ 8.563036378358275, 48.400592473797275 ], [ 8.562965575358149, 48.400561796418557 ], [ 8.563037844768182, 48.400799850713945 ], [ 8.560469119248673, 48.400056215064239 ], [ 8.56028999827519, 48.400131371921887 ], [ 8.55820432298413, 48.399436402812775 ], [ 8.557461381929395, 48.401571407125587 ], [ 8.556626137333016, 48.40261332506531 ], [ 8.556327335616919, 48.403242833899263 ], [ 8.55636177023108, 48.40436367112251 ] ] ] } },
{ "type": "Feature", "properties": { "Gemarkung": "Oberndorf", "Schluessel": "085810", "Ebene": "Gemarkung" }, "geometry": { "type": "Polygon", "coordinates": [ [ [ 8.560599707402192, 48.269128223940385 ], [ 8.561762710132028, 48.270038728901056 ], [ 8.559313419074861, 48.27088505374428 ], [ 8.559659517992175, 48.271415390821296 ], [ 8.557691937785256, 48.272244001494812 ], [ 8.557883042027767, 48.27296214029483 ], [ 8.557687866800723, 48.273683831804675 ], [ 8.557958246780508, 48.27438356186768 ], [ 8.559970928469095, 48.276112185665703 ], [ 8.560846217026535, 48.277349530092984 ], [ 8.560749202531426, 48.277362024976547 ], [ 8.561233700255658, 48.278515642285491 ], [ 8.562768709367225, 48.28027406085274 ], [ 8.5599119147496, 48.280378412638285 ], [ 8.558825011761362, 48.280343209256387 ], [ 8.55931342800791, 48.281211831277631 ], [ 8.559128104558273, 48.282588617027109 ], [ 8.557967281034434, 48.282288617048827 ], [ 8.557445714969013, 48.283027675320696 ], [ 8.556351699277821, 48.284056559415745 ], [ 8.555987192351031, 48.283933516332077 ], [ 8.555087447864537, 48.284814421561229 ], [ 8.553664667173663, 48.284268562424884 ], [ 8.552809778835217, 48.285209722320445 ], [ 8.551621544458881, 48.285651695382761 ], [ 8.551133402891374, 48.28573103199907 ], [ 8.551076556341094, 48.285957168814875 ], [ 8.549885924889827, 48.287573372618546 ], [ 8.548050420351114, 48.287920556661959 ], [ 8.548156467661487, 48.288002304125442 ], [ 8.547627602304871, 48.288140844497732 ], [ 8.547686260507092, 48.289299228755986 ], [ 8.547895345999684, 48.289956904590717 ], [ 8.545258175645836, 48.290906641752052 ], [ 8.543019723285003, 48.291944632134125 ], [ 8.5430161151676, 48.292016591880625 ], [ 8.540099630602768, 48.292129571269726 ], [ 8.539656171994364, 48.293018566275158 ], [ 8.536275908079979, 48.293465800301604 ], [ 8.536039282498788, 48.293690214765689 ], [ 8.533948532295486, 48.293738710786528 ], [ 8.533252398394227, 48.293624507817654 ], [ 8.53230425430341, 48.293351023063543 ], [ 8.531979877500826, 48.293896076676816 ], [ 8.530640418261724, 48.29374666983351 ], [ 8.530044949779409, 48.293520938535643 ], [ 8.529800662563902, 48.293343333644103 ], [ 8.529037961582896, 48.292347240341762 ], [ 8.528111598218466, 48.292260852802052 ], [ 8.527011801720185, 48.292312114853047 ], [ 8.524254985776928, 48.291152306986461 ], [ 8.52460940825461, 48.290529037223941 ], [ 8.523622389547187, 48.290242814454004 ], [ 8.523108390183527, 48.290816657145704 ], [ 8.522203065715509, 48.291210376578455 ], [ 8.521297554168722, 48.291983211720265 ], [ 8.522389511214325, 48.293133849268841 ], [ 8.523605243171602, 48.293260167973436 ], [ 8.52448917562703, 48.293517804655139 ], [ 8.52422194034267, 48.295522077052937 ], [ 8.522242953237178, 48.2962705004377 ], [ 8.521576064392114, 48.296762909657403 ], [ 8.520987217378391, 48.29734326844644 ], [ 8.521502017568652, 48.297183919679249 ], [ 8.522137421103116, 48.297638738442402 ], [ 8.523371421696138, 48.297074094599616 ], [ 8.523485604209032, 48.297192245304686 ], [ 8.524805138926551, 48.296633878275479 ], [ 8.526321339762413, 48.297972732220941 ], [ 8.526921127776498, 48.297909884518006 ], [ 8.527107591958536, 48.297984244810166 ], [ 8.530003953702513, 48.297973085823955 ], [ 8.53302323351598, 48.300835555217724 ], [ 8.537238977756308, 48.302309888025619 ], [ 8.537120464828568, 48.302651017518464 ], [ 8.542565121875203, 48.303519934683358 ], [ 8.545200364287926, 48.303685849264582 ], [ 8.544870095035723, 48.304734822340293 ], [ 8.545539215699918, 48.304828155383753 ], [ 8.546328101364606, 48.304828750785077 ], [ 8.546135075547731, 48.306020866848975 ], [ 8.547050199430203, 48.306418351631933 ], [ 8.549208547733334, 48.307786148270679 ], [ 8.550183582214681, 48.308232335151644 ], [ 8.551876131976458, 48.308644784822341 ], [ 8.551556372937027, 48.308998639572017 ], [ 8.552390941539077, 48.309087809323444 ], [ 8.552763966565196, 48.309274143282735 ], [ 8.553779374521115, 48.309211061558699 ], [ 8.556293404160577, 48.308804598865812 ], [ 8.559873647464931, 48.308551422025836 ], [ 8.561655339100634, 48.308250178099911 ], [ 8.562089640966752, 48.308087192288909 ], [ 8.562111807429442, 48.307923806050397 ], [ 8.563569724813222, 48.307836861040073 ], [ 8.564655891598656, 48.307932474212691 ], [ 8.564554974311825, 48.307715360894129 ], [ 8.564574281631883, 48.307554212535194 ], [ 8.564689083038319, 48.307486631794681 ], [ 8.565513522267311, 48.307593211638562 ], [ 8.566968835843053, 48.307509362566805 ], [ 8.567799491761432, 48.307694850769465 ], [ 8.568615940411775, 48.307694587123706 ], [ 8.570984392507922, 48.308077260272604 ], [ 8.571004221518852, 48.308012377833784 ], [ 8.571172435215075, 48.308023531310397 ], [ 8.571323784642113, 48.307423563655057 ], [ 8.57185922822077, 48.306595339569981 ], [ 8.571976607078206, 48.30663743133033 ], [ 8.57231444764828, 48.306425015679359 ], [ 8.572999639130471, 48.306233232107658 ], [ 8.573889233343925, 48.30619136776906 ], [ 8.574637690614347, 48.305996300085091 ], [ 8.575698475999236, 48.305328432189242 ], [ 8.576425161785686, 48.304453749081119 ], [ 8.579116647534665, 48.305884034404343 ], [ 8.579949098909946, 48.306575957532878 ], [ 8.580744757139584, 48.307103100235381 ], [ 8.582236526612707, 48.306876862582541 ], [ 8.582127274392709, 48.306201620803186 ], [ 8.582190952046076, 48.30454627312124 ], [ 8.582403525844441, 48.304672819502869 ], [ 8.583330988252607, 48.302194253397495 ], [ 8.583310890977311, 48.300388984625634 ], [ 8.583014336531749, 48.29915193728899 ], [ 8.582964021993629, 48.29875706769252 ], [ 8.583062234395781, 48.298618334105804 ], [ 8.583257481642208, 48.298485350128203 ], [ 8.583626084955037, 48.298440441912398 ], [ 8.585521603721245, 48.298491552658916 ], [ 8.588935241230082, 48.298795748527226 ], [ 8.590856433003918, 48.298437421286025 ], [ 8.592271384675939, 48.298067371945471 ], [ 8.59327368923325, 48.297260224227514 ], [ 8.594451739420846, 48.295896608962728 ], [ 8.592821230250541, 48.295508576040611 ], [ 8.590686089750104, 48.29527193972676 ], [ 8.589626530672584, 48.295332580620041 ], [ 8.588202497195924, 48.294944408990759 ], [ 8.586057493399029, 48.293848551617579 ], [ 8.585367407542833, 48.293255968778304 ], [ 8.584119617070494, 48.292758801196207 ], [ 8.584340618923992, 48.292406297626641 ], [ 8.584276500653482, 48.291402837727638 ], [ 8.584368017262159, 48.291073617330987 ], [ 8.584870563225969, 48.290281558603922 ], [ 8.585200181926025, 48.289383072122583 ], [ 8.585349012100698, 48.288384248772438 ], [ 8.586348552223649, 48.287558796748606 ], [ 8.586721996798863, 48.287388301205418 ], [ 8.58483154543462, 48.285731305892128 ], [ 8.584504543811418, 48.285794091937881 ], [ 8.584387737732477, 48.285652780539507 ], [ 8.583608891492323, 48.285979154853841 ], [ 8.583617247584291, 48.285780356613451 ], [ 8.583382250735397, 48.285585805200682 ], [ 8.58431514541121, 48.285229310347624 ], [ 8.585173148233336, 48.285063899004648 ], [ 8.585388905324587, 48.284821404508214 ], [ 8.585518112748918, 48.28431310312105 ], [ 8.585723253084224, 48.283982671290566 ], [ 8.586257476995806, 48.283596473939546 ], [ 8.585982461411897, 48.282699406062093 ], [ 8.586399664162776, 48.282564246338694 ], [ 8.586314023807892, 48.282185984015634 ], [ 8.586549229702038, 48.282070141749116 ], [ 8.586379171315455, 48.281596390081276 ], [ 8.58789488747961, 48.281179793041623 ], [ 8.587762467866821, 48.280583552220037 ], [ 8.587923864068335, 48.280476349318718 ], [ 8.587888827964399, 48.280223864301021 ], [ 8.588310629257046, 48.280150701848996 ], [ 8.588265769079291, 48.279828996577329 ], [ 8.586698975961321, 48.279915773251474 ], [ 8.58694057600753, 48.279339768141419 ], [ 8.585053098459625, 48.279398289822531 ], [ 8.583191061407154, 48.279062813996369 ], [ 8.582958338006208, 48.278510108061802 ], [ 8.581443442756665, 48.278764971128545 ], [ 8.581574577814349, 48.277264246117468 ], [ 8.581889240205948, 48.275932427772432 ], [ 8.57984412847655, 48.275818002328286 ], [ 8.578066490720628, 48.27597352592786 ], [ 8.576308385420161, 48.275085737268938 ], [ 8.574224276366932, 48.274447275428763 ], [ 8.572553214688449, 48.273398169012403 ], [ 8.57233901622465, 48.27219270294156 ], [ 8.571690481964701, 48.27168080120537 ], [ 8.57089951052752, 48.271217666758574 ], [ 8.570592234812262, 48.270479232865604 ], [ 8.570442860359881, 48.268443960544502 ], [ 8.570500264536674, 48.267977871135415 ], [ 8.567050967088079, 48.266471648375287 ], [ 8.564286710370503, 48.267797502044068 ], [ 8.562965831256987, 48.267608325293594 ], [ 8.562426247352999, 48.267737446647971 ], [ 8.560484556104161, 48.267548756407301 ], [ 8.560445237447363, 48.268205282240132 ], [ 8.560566994871305, 48.268872769930034 ], [ 8.56287392744761, 48.268082466970462 ], [ 8.562976515915599, 48.268567874087033 ], [ 8.560599707402192, 48.269128223940385 ] ] ] } },
{ "type": "Feature", "properties": { "Gemarkung": "Peterzell", "Schluessel": "084532", "Ebene": "Gemarkung" }, "geometry": { "type": "MultiPolygon", "coordinates": [ [ [ [ 8.445953857075841, 48.301750270320305 ], [ 8.444670951843261, 48.300518364138618 ], [ 8.444660531503494, 48.300733156510013 ], [ 8.444401955594897, 48.301237795574977 ], [ 8.442492577417765, 48.302685491205693 ], [ 8.442019645074366, 48.302897770436275 ], [ 8.441186267068332, 48.303109196628675 ], [ 8.441130292908667, 48.30327086631128 ], [ 8.439116520532899, 48.304015531392189 ], [ 8.438687881059565, 48.304330485967441 ], [ 8.438126881658615, 48.304368681894587 ], [ 8.438452898970422, 48.305615335308751 ], [ 8.438336129851107, 48.305847421222744 ], [ 8.438476687874115, 48.306495514035319 ], [ 8.438150871187924, 48.306606112371092 ], [ 8.438169129721638, 48.306847044670981 ], [ 8.438446812586152, 48.307251905197752 ], [ 8.438399468324002, 48.307387884870259 ], [ 8.437654430248976, 48.307369759710788 ], [ 8.436545734175525, 48.307615792742055 ], [ 8.437010364799566, 48.307784238075662 ], [ 8.436283575525493, 48.30834954278918 ], [ 8.436154110858228, 48.308753222185103 ], [ 8.435929712191125, 48.309057831468067 ], [ 8.436007098195009, 48.309292756261179 ], [ 8.435844955355332, 48.309662987024886 ], [ 8.434657439085875, 48.310458406515394 ], [ 8.433582583723046, 48.310966202712855 ], [ 8.433479547890752, 48.311733387721929 ], [ 8.432942706197176, 48.312383276224097 ], [ 8.43296082381571, 48.312975711285475 ], [ 8.434386839797892, 48.313868012502347 ], [ 8.435362241405358, 48.314115267323515 ], [ 8.435726987003859, 48.314430054037267 ], [ 8.43575422202567, 48.314822445609359 ], [ 8.435501057161016, 48.315249988062689 ], [ 8.43467175931889, 48.315987066407494 ], [ 8.433665525178837, 48.316560606571997 ], [ 8.433348047823833, 48.316910185639728 ], [ 8.432767839430124, 48.31717173984233 ], [ 8.432022897765087, 48.318383882764394 ], [ 8.432113236206863, 48.318897682623735 ], [ 8.43281880222364, 48.319352080486183 ], [ 8.432618954103486, 48.319796613137683 ], [ 8.432936091311221, 48.32073338761041 ], [ 8.433302063077406, 48.321025605867781 ], [ 8.433802814925771, 48.321779748928854 ], [ 8.433756724185344, 48.322372946406013 ], [ 8.4339713381869, 48.322849479934511 ], [ 8.433956823803186, 48.323112742779024 ], [ 8.433699120620261, 48.323616100797075 ], [ 8.434222469570146, 48.323744810432757 ], [ 8.433975152441104, 48.324309217914696 ], [ 8.433946758154409, 48.32471734965781 ], [ 8.43382890736825, 48.324907230322289 ], [ 8.433544325494173, 48.325083604481996 ], [ 8.43395191488041, 48.325494872113119 ], [ 8.43484137620138, 48.326055333495361 ], [ 8.437944709597792, 48.327159143330839 ], [ 8.437386387533303, 48.327532116856958 ], [ 8.437833769252125, 48.327580367495287 ], [ 8.438435938414843, 48.327932111870147 ], [ 8.438961163590475, 48.328091667703085 ], [ 8.439153852852048, 48.327732018834872 ], [ 8.440135966935634, 48.327885249287895 ], [ 8.443765396444849, 48.328570504542327 ], [ 8.443799055744506, 48.328887081909556 ], [ 8.444987445447547, 48.328771276623407 ], [ 8.445142345816517, 48.32860810373402 ], [ 8.44587189915352, 48.328477839488777 ], [ 8.44704321298223, 48.328592426634415 ], [ 8.447010677972086, 48.328744044861189 ], [ 8.447098094147972, 48.328757420366934 ], [ 8.447835881429141, 48.328564026286962 ], [ 8.447841575812268, 48.328411469276908 ], [ 8.448005111471907, 48.328334792451983 ], [ 8.4490405781874, 48.328936779198322 ], [ 8.451136305650627, 48.32989901106459 ], [ 8.451289466783399, 48.329858716783704 ], [ 8.452619031203536, 48.330381733011727 ], [ 8.453413850144166, 48.330495272595954 ], [ 8.454549379572772, 48.331074023507739 ], [ 8.454548835776738, 48.331314772972021 ], [ 8.456180819325589, 48.331788709955219 ], [ 8.45811952550094, 48.331943696204455 ], [ 8.458285829104094, 48.332496967552679 ], [ 8.458217028492637, 48.334597285057001 ], [ 8.458566034017585, 48.336565788149109 ], [ 8.458758272830638, 48.337105595404424 ], [ 8.458753264996547, 48.337986618916787 ], [ 8.459906030596034, 48.338194193191562 ], [ 8.460003301112875, 48.337429660307016 ], [ 8.461120389321543, 48.337347091234463 ], [ 8.462186581644078, 48.337433231429493 ], [ 8.462545469641089, 48.336590748242614 ], [ 8.463077075345455, 48.336954988321089 ], [ 8.462847040653662, 48.337760918517517 ], [ 8.462936772405536, 48.337825483989882 ], [ 8.462706612691584, 48.338141902730854 ], [ 8.463712135763409, 48.338108898937598 ], [ 8.465124181324788, 48.337307029996751 ], [ 8.465164942131688, 48.33707393504433 ], [ 8.465057535012487, 48.336738218458471 ], [ 8.465142965208184, 48.336375598761315 ], [ 8.46546349828631, 48.336563590393894 ], [ 8.466753553604098, 48.336790986949339 ], [ 8.466131040934787, 48.337260606199287 ], [ 8.465173194529449, 48.337329929585074 ], [ 8.465303894691463, 48.337980458904092 ], [ 8.466888831873778, 48.33747014524338 ], [ 8.468330672931591, 48.336819969433172 ], [ 8.468426834349824, 48.337746264389935 ], [ 8.468308338648272, 48.338474719331522 ], [ 8.467704909106558, 48.338199508464605 ], [ 8.467787001504004, 48.338804196624139 ], [ 8.468291745160681, 48.33879870373552 ], [ 8.468120885052937, 48.34057800040631 ], [ 8.468562666565791, 48.342230306026636 ], [ 8.467571953459224, 48.343723404086376 ], [ 8.465959842458673, 48.343561457819511 ], [ 8.465741317797855, 48.344339286660592 ], [ 8.464837541974161, 48.34434885048276 ], [ 8.463039194449102, 48.344031253630199 ], [ 8.461304055654102, 48.343877574483962 ], [ 8.460347550903375, 48.343922482977831 ], [ 8.460116672539852, 48.343842768517419 ], [ 8.459832761289219, 48.343915928275862 ], [ 8.459072993207132, 48.34375941423361 ], [ 8.458829289899251, 48.343846075691602 ], [ 8.458691636316171, 48.343743945312866 ], [ 8.458208363014064, 48.343743559427473 ], [ 8.457988346981642, 48.343823493182825 ], [ 8.456911741966099, 48.343663942080184 ], [ 8.455595040570016, 48.343594741210723 ], [ 8.454988218417206, 48.343360022900875 ], [ 8.455036847981692, 48.343786156778563 ], [ 8.454713036689974, 48.344297073888548 ], [ 8.454808864973977, 48.345574338589707 ], [ 8.456113636131869, 48.345374221030667 ], [ 8.457166485436517, 48.34505423377518 ], [ 8.458141088022529, 48.344984876004844 ], [ 8.460059178367692, 48.345069647383177 ], [ 8.461183284838629, 48.345233350003852 ], [ 8.461205383744314, 48.345146995322288 ], [ 8.464881425552996, 48.345378096044399 ], [ 8.466861702683588, 48.345804647492777 ], [ 8.47053418959309, 48.347037421998778 ], [ 8.471712493635668, 48.345947492842171 ], [ 8.473785012065928, 48.344291165497303 ], [ 8.476340477474277, 48.344734488326218 ], [ 8.477889633634335, 48.345120920473235 ], [ 8.47803761698229, 48.344493083431246 ], [ 8.478762772869104, 48.342610935312834 ], [ 8.485343616658129, 48.342544032362412 ], [ 8.484102214256955, 48.33992007412062 ], [ 8.483881428018156, 48.33587092956796 ], [ 8.480046384934008, 48.336035211503855 ], [ 8.475443122670258, 48.335621065550292 ], [ 8.471013099130785, 48.334250372668244 ], [ 8.471541659144817, 48.332314461694779 ], [ 8.472352019507099, 48.330863234003232 ], [ 8.472544771571135, 48.330881301763256 ], [ 8.473145382229257, 48.330088385218886 ], [ 8.473571390254788, 48.329872255414458 ], [ 8.473292472346156, 48.329666483290424 ], [ 8.473922028886838, 48.32885075347172 ], [ 8.47155605951137, 48.328505050316757 ], [ 8.471590745698363, 48.328386273101813 ], [ 8.470505655774669, 48.328200449186774 ], [ 8.470787256154773, 48.328040793917651 ], [ 8.470083583783515, 48.327945607791499 ], [ 8.470736101176628, 48.326413142486921 ], [ 8.470940679499622, 48.326447011638251 ], [ 8.471236616029016, 48.325682481824458 ], [ 8.472098468450259, 48.322591658473897 ], [ 8.473533441170453, 48.322666430672626 ], [ 8.47365940873563, 48.322380821404153 ], [ 8.473913430113369, 48.32176372866207 ], [ 8.473033222677568, 48.320938478257396 ], [ 8.474153213953317, 48.32075944109836 ], [ 8.472976025215365, 48.320310064748085 ], [ 8.473228605049593, 48.319688648264382 ], [ 8.472886955007477, 48.319606922202397 ], [ 8.473125917043246, 48.319063265167216 ], [ 8.471182340000198, 48.3186262812916 ], [ 8.472015276898841, 48.316221682785347 ], [ 8.4723276891468, 48.31568322248085 ], [ 8.472601233013137, 48.314740629643666 ], [ 8.470868185242246, 48.314621470201757 ], [ 8.47085510709733, 48.314764458139017 ], [ 8.468399452553816, 48.314781114320269 ], [ 8.46850880788957, 48.314498492402585 ], [ 8.464610148018718, 48.313981631496908 ], [ 8.461491164994563, 48.313476208556956 ], [ 8.458744107584174, 48.312586851462335 ], [ 8.457896165341447, 48.311554620294245 ], [ 8.455983021493013, 48.30960040087367 ], [ 8.453258575113063, 48.307556915817152 ], [ 8.452810693918201, 48.307482092096357 ], [ 8.45282451123694, 48.307236636510872 ], [ 8.450422813158285, 48.305413599230725 ], [ 8.449870865828068, 48.305412309977577 ], [ 8.449862418641157, 48.304981145100712 ], [ 8.445953857075841, 48.301750270320305 ] ] ], [ [ [ 8.432536922460706, 48.328955596867466 ], [ 8.434138282591258, 48.327416319806616 ], [ 8.4340072177226, 48.327214868096576 ], [ 8.434683942635147, 48.326591934173642 ], [ 8.432664050437014, 48.327054856770786 ], [ 8.431925161428342, 48.327356378753507 ], [ 8.429649941898569, 48.327965803267993 ], [ 8.427624506004095, 48.328613762402902 ], [ 8.425966625270169, 48.329205581868692 ], [ 8.424351956649575, 48.329970420684617 ], [ 8.424863589182365, 48.330676793450543 ], [ 8.427052367399916, 48.331030941648287 ], [ 8.426379593360508, 48.332322576010633 ], [ 8.427338993498461, 48.332074728678442 ], [ 8.427571306353112, 48.332426846935242 ], [ 8.428445942060446, 48.332434974915458 ], [ 8.43021285118957, 48.332902753456068 ], [ 8.43071410059361, 48.331909388921034 ], [ 8.431917017686484, 48.33044617227209 ], [ 8.432536922460706, 48.328955596867466 ] ] ] ] } },
{ "type": "Feature", "properties": { "Gemarkung": "Peterzell", "Schluessel": "086024", "Ebene": "Gemarkung" }, "geometry": { "type": "Polygon", "coordinates": [ [ [ 8.373921759140075, 48.118144913710744 ], [ 8.373897693900279, 48.119019656562003 ], [ 8.374188027081802, 48.121478333834212 ], [ 8.374338576956159, 48.124007954889883 ], [ 8.375505940105379, 48.123430845400406 ], [ 8.376126803309937, 48.123694142190445 ], [ 8.376873901388972, 48.123886953454317 ], [ 8.378198342430016, 48.123263523655531 ], [ 8.378976979276139, 48.123181092191373 ], [ 8.379747940082563, 48.123200280693105 ], [ 8.38076873214078, 48.123564137816295 ], [ 8.382845588464564, 48.124020843134481 ], [ 8.384037772352047, 48.123641355554433 ], [ 8.384208791842804, 48.123678800043415 ], [ 8.383353644729972, 48.124034816575254 ], [ 8.383609619962851, 48.124934814836436 ], [ 8.383835492342971, 48.125352499314566 ], [ 8.383639627533926, 48.125874897165552 ], [ 8.38325760000037, 48.125984860916823 ], [ 8.383253278229523, 48.126087673949641 ], [ 8.383012482642503, 48.126074595364877 ], [ 8.382969584926869, 48.126278957861963 ], [ 8.382764658499775, 48.126266791093563 ], [ 8.382251765088068, 48.126788832987828 ], [ 8.37919519325267, 48.128534883763876 ], [ 8.378117627024938, 48.129048277351266 ], [ 8.3769655530209, 48.1294754251577 ], [ 8.375722597855463, 48.129825862854311 ], [ 8.374479651016161, 48.130063554234212 ], [ 8.372520008388111, 48.130253056024962 ], [ 8.370680643874895, 48.130232922238257 ], [ 8.370204502748365, 48.130439855122219 ], [ 8.36293433435837, 48.129439981225531 ], [ 8.362707472349616, 48.129831444414599 ], [ 8.361711610511145, 48.130590306686386 ], [ 8.360848208218099, 48.130452532041978 ], [ 8.36043000894872, 48.13023265707541 ], [ 8.360218920379804, 48.130239669502572 ], [ 8.360232254193702, 48.13017244584718 ], [ 8.359909192466898, 48.129943291748553 ], [ 8.359758586108857, 48.129993286150906 ], [ 8.358096173990258, 48.129794625468072 ], [ 8.357313108745528, 48.129779632693726 ], [ 8.357148538719557, 48.129731477812363 ], [ 8.356934660146104, 48.129370039628185 ], [ 8.355118999731941, 48.128930167155673 ], [ 8.354560405239198, 48.128956361810566 ], [ 8.353988274970106, 48.129108076427066 ], [ 8.352922404236049, 48.129225789621508 ], [ 8.351467520824018, 48.129050423926181 ], [ 8.351506518121294, 48.129315427044958 ], [ 8.35079849525335, 48.129318447487002 ], [ 8.350321119247331, 48.129116825230902 ], [ 8.350314260238767, 48.128872156759819 ], [ 8.349745604606925, 48.128694488022511 ], [ 8.349672439087067, 48.128794750992498 ], [ 8.348918360909718, 48.128550530277444 ], [ 8.349266448037536, 48.128123972315024 ], [ 8.348643765092525, 48.127936815179254 ], [ 8.346487798704606, 48.127604460964299 ], [ 8.345184707097014, 48.126974537916709 ], [ 8.344993468454808, 48.126753020400308 ], [ 8.345265869002777, 48.127345228945003 ], [ 8.344995413202042, 48.127255336826607 ], [ 8.344632860500605, 48.126968063459813 ], [ 8.344145363574709, 48.127258856268313 ], [ 8.344210113992416, 48.127408576796064 ], [ 8.343212287507027, 48.127966543939635 ], [ 8.34508739777244, 48.128518776852495 ], [ 8.34689075486941, 48.129179165698162 ], [ 8.348337781763368, 48.129570923759822 ], [ 8.347820090516707, 48.131396906474748 ], [ 8.346383483298361, 48.133961089494235 ], [ 8.346964599887839, 48.134463458626954 ], [ 8.348342841549538, 48.135214976662482 ], [ 8.348293411006122, 48.13587094024907 ], [ 8.348382358999922, 48.136500157447763 ], [ 8.345511840160013, 48.137727776953724 ], [ 8.345212499730811, 48.137759271010012 ], [ 8.345226200904198, 48.137950266125053 ], [ 8.344829160459133, 48.138687829527299 ], [ 8.344061428587676, 48.139769662196485 ], [ 8.343184782500552, 48.140345594003556 ], [ 8.342637615296479, 48.14016144552599 ], [ 8.341895747211607, 48.139393262066918 ], [ 8.339057724430578, 48.139928674582841 ], [ 8.339086926043862, 48.139601530480917 ], [ 8.335400635283513, 48.139743209923402 ], [ 8.335299091482204, 48.140091167744913 ], [ 8.33453706175538, 48.141442700727993 ], [ 8.334335950451857, 48.142025803249972 ], [ 8.334510335329711, 48.144019924696735 ], [ 8.334870309846863, 48.144709291232651 ], [ 8.335856744468567, 48.146087851371348 ], [ 8.33778881355753, 48.147712615108667 ], [ 8.339555449202267, 48.148817537291535 ], [ 8.34086522005421, 48.149866370670026 ], [ 8.342721097761965, 48.151174278145476 ], [ 8.343358561974927, 48.151751211409 ], [ 8.344501168599479, 48.151094113734516 ], [ 8.346185160432313, 48.150342557918535 ], [ 8.34977682052801, 48.149565167377702 ], [ 8.351672274476474, 48.149562828988884 ], [ 8.353883528105822, 48.149454540764594 ], [ 8.3546877818228, 48.1496799357068 ], [ 8.356037245975701, 48.150849378462283 ], [ 8.356684797285533, 48.150910585529104 ], [ 8.357278804591099, 48.150877650719536 ], [ 8.364174793573131, 48.149163927320636 ], [ 8.36462193132545, 48.14956910624251 ], [ 8.364814071369732, 48.149622260931743 ], [ 8.365683916531072, 48.148707749970598 ], [ 8.365847485319636, 48.148646303254274 ], [ 8.368108114127518, 48.148036700237121 ], [ 8.369965067716313, 48.147715174328965 ], [ 8.371900762822944, 48.14764848430049 ], [ 8.373967575371136, 48.148119957458903 ], [ 8.374990438371661, 48.147331807681361 ], [ 8.376804116105328, 48.146348295550204 ], [ 8.377670932075185, 48.145739935624 ], [ 8.383097744636284, 48.146085706190917 ], [ 8.384629156914736, 48.144496765490722 ], [ 8.385026982857983, 48.143897084340665 ], [ 8.386744722411358, 48.1404684113594 ], [ 8.387951355750186, 48.139886887865359 ], [ 8.38998271198186, 48.138583222226259 ], [ 8.393560652675134, 48.135717260352777 ], [ 8.395278428717607, 48.134124930154393 ], [ 8.395495607418134, 48.132329005547625 ], [ 8.396616886748809, 48.130220684568755 ], [ 8.397896008060055, 48.128547016220494 ], [ 8.395353308287412, 48.126041036889816 ], [ 8.393616962220742, 48.124016910533875 ], [ 8.39344773633692, 48.123666662209828 ], [ 8.393126581880546, 48.122228408125657 ], [ 8.392824412793331, 48.121757525998824 ], [ 8.392791957045393, 48.121535577237452 ], [ 8.392244797681469, 48.121853879719566 ], [ 8.391411680121649, 48.121194035838769 ], [ 8.390985127173741, 48.120505301188025 ], [ 8.390077314235576, 48.12010857527742 ], [ 8.388152384036815, 48.119052435736187 ], [ 8.387172607173484, 48.118926114952515 ], [ 8.386605948383679, 48.118421236104481 ], [ 8.386355980629187, 48.11760170929805 ], [ 8.3828217503965, 48.116969364209019 ], [ 8.381483493504184, 48.117049351028228 ], [ 8.380551739940008, 48.116788726101149 ], [ 8.379122144105622, 48.116532062886435 ], [ 8.378142944190278, 48.116486191800114 ], [ 8.373921759140075, 48.118144913710744 ] ] ] } },
{ "type": "Feature", "properties": { "Gemarkung": "Reinerzau", "Schluessel": "084533", "Ebene": "Gemarkung" }, "geometry": { "type": "Polygon", "coordinates": [ [ [ 8.365978670518208, 48.33463614339697 ], [ 8.36467489147419, 48.334728183404529 ], [ 8.364433393029852, 48.335985041032728 ], [ 8.365124565854382, 48.336580212512295 ], [ 8.365394994660232, 48.337264016105628 ], [ 8.365204283525737, 48.337636957435045 ], [ 8.364496437595582, 48.338327775534857 ], [ 8.364539614777748, 48.338675557308584 ], [ 8.363575378256417, 48.338605270082134 ], [ 8.361865718010023, 48.338319059026681 ], [ 8.360819333641937, 48.338441362517592 ], [ 8.36010107971358, 48.338265351801297 ], [ 8.359235885328706, 48.339316390381299 ], [ 8.358705760981872, 48.340784489314942 ], [ 8.358755213010673, 48.340962540112926 ], [ 8.359321678354236, 48.341548053964594 ], [ 8.359757143104385, 48.342228560918343 ], [ 8.35986668959614, 48.342759436873806 ], [ 8.359327763448018, 48.344411471570105 ], [ 8.358674162286048, 48.344336125613239 ], [ 8.358967326288692, 48.345990635146926 ], [ 8.359155362459221, 48.347893316712835 ], [ 8.35949572981019, 48.34942429217778 ], [ 8.359121049115455, 48.349833354621126 ], [ 8.358556340161526, 48.351574307479247 ], [ 8.357939190976881, 48.352404318679916 ], [ 8.357860968336931, 48.35295771877032 ], [ 8.357910653768986, 48.353880607355556 ], [ 8.358169743178436, 48.354854056173046 ], [ 8.357412637926187, 48.355903702151757 ], [ 8.357028046367605, 48.356869957129199 ], [ 8.356979333186743, 48.357962602824941 ], [ 8.356667248458002, 48.358475558537251 ], [ 8.35644393039939, 48.359946707383834 ], [ 8.356492477903622, 48.360915472219972 ], [ 8.356407344772538, 48.361500680148801 ], [ 8.356541553077887, 48.362013972002089 ], [ 8.357038325662188, 48.362618177856689 ], [ 8.357144239959846, 48.363256364630679 ], [ 8.356940959978367, 48.364647284864084 ], [ 8.355933412610213, 48.366560549843449 ], [ 8.356158547488528, 48.368001638015031 ], [ 8.356866015631164, 48.368573015490348 ], [ 8.358745565175273, 48.369343726500283 ], [ 8.360815647179365, 48.369999408359099 ], [ 8.359354306861308, 48.370394330564437 ], [ 8.358303026486807, 48.370842713266114 ], [ 8.357513693330409, 48.371483548839343 ], [ 8.357278245152768, 48.372091667985728 ], [ 8.357747992493755, 48.373661330778823 ], [ 8.358911130082658, 48.374978092463756 ], [ 8.359187797002647, 48.375453757983756 ], [ 8.359641353722392, 48.375801755267567 ], [ 8.360013052962625, 48.376292072404731 ], [ 8.359716534952783, 48.377140067099333 ], [ 8.359469045654004, 48.377523836418185 ], [ 8.358500732624528, 48.378268402599311 ], [ 8.357698593814979, 48.379381401859867 ], [ 8.356968650729131, 48.379423926975868 ], [ 8.355073879892245, 48.380002152069451 ], [ 8.354291327277721, 48.380081701399419 ], [ 8.353684354690168, 48.380277479085649 ], [ 8.353492406842717, 48.381752211836769 ], [ 8.349451432666083, 48.382669672989437 ], [ 8.345309652204817, 48.38449589014688 ], [ 8.343821722262861, 48.384805624949685 ], [ 8.342305872282985, 48.384785993448496 ], [ 8.341586447541449, 48.38495893260037 ], [ 8.340351256268837, 48.384876825028215 ], [ 8.339822632840729, 48.384937849040277 ], [ 8.338791753494668, 48.385224140243459 ], [ 8.337684592988616, 48.385684068294431 ], [ 8.336792171758557, 48.386164746482066 ], [ 8.336518676862177, 48.386236042451991 ], [ 8.335951916545564, 48.386216218760865 ], [ 8.334347264898343, 48.386364027292935 ], [ 8.33244142057158, 48.386933628515415 ], [ 8.330996524011148, 48.38696814968241 ], [ 8.328957616685829, 48.387236521236126 ], [ 8.32837577315564, 48.387151076642816 ], [ 8.32840900208447, 48.38768477196831 ], [ 8.329634770953021, 48.388827387719019 ], [ 8.329790387051332, 48.389279296267745 ], [ 8.329606453954629, 48.39002683559513 ], [ 8.32912691347256, 48.390520925089973 ], [ 8.327716072925087, 48.39162305561409 ], [ 8.327575146775624, 48.3919332460205 ], [ 8.326871129707868, 48.392268212708323 ], [ 8.326434814241816, 48.392595116219205 ], [ 8.326395225839075, 48.393199548756719 ], [ 8.326647693892507, 48.393886210791599 ], [ 8.327123081739341, 48.394592349329763 ], [ 8.327432971420786, 48.395822922113922 ], [ 8.327306519077155, 48.396530308126714 ], [ 8.327683017768944, 48.397659157431384 ], [ 8.328725321894062, 48.398037883920665 ], [ 8.329362340549215, 48.398467859232795 ], [ 8.33031028446303, 48.400129570569355 ], [ 8.33042299155459, 48.401002359772257 ], [ 8.331208008102241, 48.401370299336442 ], [ 8.33156843347318, 48.401445896265962 ], [ 8.33260397899878, 48.401347546798448 ], [ 8.333039817617177, 48.40123554701583 ], [ 8.334510026446388, 48.401249008249508 ], [ 8.336285165946812, 48.400878974535217 ], [ 8.337973357264858, 48.40038776839954 ], [ 8.339286631652451, 48.400436611902705 ], [ 8.341342726413281, 48.400903809912222 ], [ 8.342632431679124, 48.401472395270069 ], [ 8.343819624435262, 48.402429035640125 ], [ 8.344504954664838, 48.403361393534425 ], [ 8.344617337624758, 48.404015908178273 ], [ 8.345275124372149, 48.405181026763863 ], [ 8.345114276705067, 48.405711631600056 ], [ 8.34519614523898, 48.406165347148864 ], [ 8.345563290455303, 48.406669267281615 ], [ 8.345905901127431, 48.407653915810201 ], [ 8.346260445667774, 48.407961545777283 ], [ 8.346502715456927, 48.408732312439227 ], [ 8.346788866060516, 48.409000057109132 ], [ 8.34712336609582, 48.409618493440526 ], [ 8.348235551714453, 48.41103060912311 ], [ 8.347811215197313, 48.412553399686274 ], [ 8.347838563455204, 48.414345858463285 ], [ 8.348483090392994, 48.415707996783894 ], [ 8.34858174176771, 48.416237375563 ], [ 8.348266540492837, 48.416779435189831 ], [ 8.346638270581197, 48.417970347468717 ], [ 8.345857488905962, 48.418392080282437 ], [ 8.344742094240241, 48.419819971480571 ], [ 8.344533147190431, 48.420282016149422 ], [ 8.344539396951458, 48.421236140645668 ], [ 8.344351949037433, 48.421854578173644 ], [ 8.344348856244018, 48.422273711817631 ], [ 8.343976144024163, 48.422719887709434 ], [ 8.34352806492068, 48.424410220744065 ], [ 8.343591009739674, 48.424938499677779 ], [ 8.343917936322487, 48.425436166139811 ], [ 8.345888002449312, 48.426937576421608 ], [ 8.34630728712586, 48.427424964949154 ], [ 8.347186785439527, 48.428002950271228 ], [ 8.348030899489329, 48.428379114905937 ], [ 8.349041340920788, 48.429556370260087 ], [ 8.349720585649806, 48.431425111560451 ], [ 8.350383262790423, 48.431829382081951 ], [ 8.352624135790482, 48.432161389080676 ], [ 8.354551736727323, 48.432989376107784 ], [ 8.356432681300175, 48.433577221106809 ], [ 8.358471775987011, 48.434847317298498 ], [ 8.359930757268099, 48.432441841489258 ], [ 8.35998048140633, 48.431647360693155 ], [ 8.360087560378066, 48.4313882250839 ], [ 8.360026537008057, 48.431047995097273 ], [ 8.359733587026366, 48.430509899642452 ], [ 8.359736802342505, 48.429952669548491 ], [ 8.359908548098932, 48.429495699209923 ], [ 8.359865843892043, 48.429128671152689 ], [ 8.359495945679427, 48.428561717622571 ], [ 8.358959655947654, 48.428177006397412 ], [ 8.358274817845711, 48.427448334692777 ], [ 8.357739151593185, 48.425846473395957 ], [ 8.357593583067219, 48.425684531984899 ], [ 8.357459781834043, 48.425039539465615 ], [ 8.357240196441612, 48.424851903843987 ], [ 8.357248328931243, 48.424303427399934 ], [ 8.357868655767849, 48.423184746391783 ], [ 8.357951868667875, 48.422383794578188 ], [ 8.358297213004349, 48.422169083110887 ], [ 8.358440636772087, 48.421974566889951 ], [ 8.359135119310233, 48.421640165088029 ], [ 8.359240795425142, 48.421502026172455 ], [ 8.361150555078968, 48.420667055345142 ], [ 8.361788967084205, 48.420533310036753 ], [ 8.362419657248594, 48.420541214719606 ], [ 8.362685230769518, 48.420434277014785 ], [ 8.362897944549122, 48.420501310015013 ], [ 8.363084102113525, 48.420789961603589 ], [ 8.363374813485528, 48.420997052507936 ], [ 8.364648406501853, 48.421617299359063 ], [ 8.365106019215505, 48.421968353043731 ], [ 8.365835898698924, 48.422348795146689 ], [ 8.366225765549967, 48.422453234331741 ], [ 8.366752244893915, 48.422778570578615 ], [ 8.367802155824405, 48.423164359525437 ], [ 8.368830215601154, 48.423853383850464 ], [ 8.369692572284171, 48.424904143616104 ], [ 8.369806301521097, 48.425195266194173 ], [ 8.370130002523011, 48.425548175147988 ], [ 8.370184932067959, 48.425850491065908 ], [ 8.370529196787947, 48.426279172645728 ], [ 8.370640126064627, 48.42657873579045 ], [ 8.371164408048919, 48.427065977953042 ], [ 8.371272114949726, 48.427440914164691 ], [ 8.371559371440867, 48.427846249783144 ], [ 8.371301628203005, 48.428434567554191 ], [ 8.371738074998143, 48.428866357907673 ], [ 8.371950152786537, 48.430041928609107 ], [ 8.372193436931413, 48.430440904764588 ], [ 8.372153307221554, 48.430834285926942 ], [ 8.372325973535707, 48.431149928018577 ], [ 8.372892383576392, 48.431635412388403 ], [ 8.373291233896849, 48.431818776259384 ], [ 8.374660221142181, 48.433411329616341 ], [ 8.37463239560552, 48.43366272246783 ], [ 8.374918531970847, 48.433778623506505 ], [ 8.374530943525901, 48.434251086439964 ], [ 8.37465346857087, 48.434358181739313 ], [ 8.374596821804765, 48.434655570304784 ], [ 8.373245418743196, 48.436500160894639 ], [ 8.37278785614844, 48.436536353103754 ], [ 8.371806581463353, 48.436765001163955 ], [ 8.371616691401503, 48.436682635456506 ], [ 8.371337285223548, 48.436831441975066 ], [ 8.370868988556387, 48.437386219834757 ], [ 8.370365356872002, 48.438469080568446 ], [ 8.370687644241121, 48.439370409670936 ], [ 8.370708569505725, 48.441343379547241 ], [ 8.371339293909315, 48.44061342747608 ], [ 8.372373290168984, 48.43894310240821 ], [ 8.372865385212254, 48.438377022642022 ], [ 8.373430387852922, 48.43819225216631 ], [ 8.374243203296308, 48.438074771533003 ], [ 8.375607433046834, 48.438096666290228 ], [ 8.37743689442356, 48.436946741473207 ], [ 8.378148120851666, 48.436664946167603 ], [ 8.379405678984885, 48.436361713412644 ], [ 8.379490494435775, 48.435902896201235 ], [ 8.379358523461354, 48.435371387192205 ], [ 8.379626687524555, 48.434966278404303 ], [ 8.380232476432488, 48.434513146870025 ], [ 8.380613678065005, 48.434005813720205 ], [ 8.380390244539649, 48.433223888732904 ], [ 8.379992908256888, 48.432757525658559 ], [ 8.379946678340035, 48.432257067305926 ], [ 8.379578703639428, 48.431545254534583 ], [ 8.379138658208554, 48.431079737663069 ], [ 8.37874842779016, 48.430831215444002 ], [ 8.378351063138023, 48.43017043036879 ], [ 8.377346440301912, 48.42920191546375 ], [ 8.3776042444164, 48.427916889752815 ], [ 8.377394646750551, 48.426782816828563 ], [ 8.37559711177448, 48.425047532798487 ], [ 8.375154725678168, 48.424295266264586 ], [ 8.375005280753042, 48.423750791108354 ], [ 8.374185436109514, 48.423094352715268 ], [ 8.37353789117704, 48.422431469357377 ], [ 8.371124678442495, 48.420589659317891 ], [ 8.370577650617804, 48.420023391833816 ], [ 8.369118976511068, 48.419426576639481 ], [ 8.367996847579015, 48.419420508777478 ], [ 8.367576873061592, 48.418977278295678 ], [ 8.368387973253546, 48.418789116324376 ], [ 8.370162314152763, 48.418557013799315 ], [ 8.370815821806621, 48.417874958665074 ], [ 8.370732277170617, 48.416715830352125 ], [ 8.370166121936441, 48.416060569497361 ], [ 8.369358049638182, 48.415330477921358 ], [ 8.368865000836694, 48.414503686111047 ], [ 8.369054634268966, 48.413988141338208 ], [ 8.370002428483394, 48.413229883066485 ], [ 8.370097648400217, 48.412107358523208 ], [ 8.369885227018367, 48.411428121426013 ], [ 8.369414790651495, 48.410676486901473 ], [ 8.369529947071921, 48.40936289367724 ], [ 8.368977122101063, 48.409068732961437 ], [ 8.369223173422448, 48.408294484474929 ], [ 8.369815494080859, 48.4079069174065 ], [ 8.370547444656175, 48.407591544303564 ], [ 8.373037405369685, 48.408162298975981 ], [ 8.374404825623738, 48.408398615579927 ], [ 8.375023493497588, 48.408791080932865 ], [ 8.374034299280508, 48.40969840944399 ], [ 8.374403497222028, 48.410071257469696 ], [ 8.374568022432502, 48.410737720707253 ], [ 8.374479983998388, 48.41182286227415 ], [ 8.374609434327091, 48.413994535706045 ], [ 8.375401961344082, 48.414541785216741 ], [ 8.37719029910607, 48.414454585520211 ], [ 8.377728971626453, 48.414876111626661 ], [ 8.377935135776555, 48.415956098218899 ], [ 8.377952691356745, 48.418892861092203 ], [ 8.377420387231208, 48.419351867197868 ], [ 8.378794686232856, 48.419992744650607 ], [ 8.379421311266292, 48.420400882393317 ], [ 8.379772271328591, 48.420093741837583 ], [ 8.381330707863798, 48.421068724861875 ], [ 8.381684043926318, 48.421690668789779 ], [ 8.381160739390738, 48.422800463306899 ], [ 8.382867910984451, 48.421971510022267 ], [ 8.383440311273201, 48.421302263652827 ], [ 8.383868668354756, 48.420315563308066 ], [ 8.383163685876204, 48.420069328248488 ], [ 8.382871040431153, 48.41954685662288 ], [ 8.382185037539713, 48.419341741755147 ], [ 8.381981101531453, 48.418950284572716 ], [ 8.381310723620889, 48.41837179989394 ], [ 8.381144299409179, 48.418030743820673 ], [ 8.380906525805957, 48.418145340864513 ], [ 8.380606022029669, 48.417972158657356 ], [ 8.380448449355088, 48.41699212119957 ], [ 8.380649008999161, 48.414867215536951 ], [ 8.380578592793793, 48.414100056503443 ], [ 8.37926584740231, 48.412776689716864 ], [ 8.378843562435444, 48.412719261673743 ], [ 8.377835506471358, 48.412247611518296 ], [ 8.377784359963901, 48.412064613973918 ], [ 8.377920287517282, 48.41149019617 ], [ 8.378209372470037, 48.411432291185804 ], [ 8.378406910905392, 48.409716176735536 ], [ 8.378388969937989, 48.409037285916078 ], [ 8.377397492455923, 48.407468404825742 ], [ 8.3761436788285, 48.406451294220844 ], [ 8.375270663101588, 48.405932131186212 ], [ 8.375344306616759, 48.405810536962854 ], [ 8.373980073193271, 48.405429943018682 ], [ 8.37349646927713, 48.405474902876556 ], [ 8.3732356586873, 48.405290401386353 ], [ 8.372817365613324, 48.405331485731324 ], [ 8.37288992732991, 48.405122440082664 ], [ 8.372569747848965, 48.405239089990168 ], [ 8.372216583649287, 48.404753055827726 ], [ 8.372344923182862, 48.404710932116025 ], [ 8.372076749549572, 48.404554457236024 ], [ 8.371389667251828, 48.404610263093147 ], [ 8.370785043517268, 48.404498638983391 ], [ 8.369565085612548, 48.403786986229726 ], [ 8.367965579586814, 48.403308317731401 ], [ 8.367741581086872, 48.40276162212632 ], [ 8.368141973505216, 48.40251722432879 ], [ 8.369157065921662, 48.401577699561791 ], [ 8.371215984578781, 48.399473774340912 ], [ 8.371517394022952, 48.399320769205978 ], [ 8.372472367017027, 48.399139841545313 ], [ 8.373347975705702, 48.398490199493686 ], [ 8.373572784183674, 48.398171053917942 ], [ 8.373766223345436, 48.397754753541165 ], [ 8.373793605255614, 48.396844624023387 ], [ 8.373360322244528, 48.395526868143953 ], [ 8.373476393974469, 48.39464448114451 ], [ 8.373259598971183, 48.393663477383484 ], [ 8.373534254575292, 48.392671385190056 ], [ 8.374428145428217, 48.391203320114975 ], [ 8.374627851152596, 48.390636628155924 ], [ 8.374629867005481, 48.390196523687436 ], [ 8.376484984624481, 48.389062400035613 ], [ 8.376860036805052, 48.388436196765255 ], [ 8.377765625600025, 48.38752353083175 ], [ 8.378173842045378, 48.387288316556599 ], [ 8.379442742272577, 48.387240558104871 ], [ 8.380167917043259, 48.387364752315946 ], [ 8.380762357669198, 48.387621568565116 ], [ 8.381041758132692, 48.387905296595896 ], [ 8.38111144106589, 48.388418929660162 ], [ 8.382855768386845, 48.38854363647544 ], [ 8.38440863835193, 48.38850571298768 ], [ 8.384579268851015, 48.388223051832213 ], [ 8.385054706862745, 48.387810039327839 ], [ 8.38556486335432, 48.387440843954685 ], [ 8.385969710841087, 48.387280526061417 ], [ 8.386411874356025, 48.386881005202518 ], [ 8.386947982277109, 48.386576178064921 ], [ 8.386783322604423, 48.386250971690828 ], [ 8.387054711511077, 48.386056740949087 ], [ 8.387788648439187, 48.385889712589133 ], [ 8.388331952181188, 48.38590708695375 ], [ 8.388601263256644, 48.385615048031951 ], [ 8.389934800993286, 48.385059387107312 ], [ 8.391902245822632, 48.384020704516637 ], [ 8.393704738594565, 48.383206394971765 ], [ 8.394042780356527, 48.382945923761376 ], [ 8.39141738696731, 48.381640237693823 ], [ 8.388317906097353, 48.378974826995574 ], [ 8.387521802511445, 48.378636096013111 ], [ 8.386317573241472, 48.378321723308815 ], [ 8.386360843809246, 48.378013728798635 ], [ 8.386436229112109, 48.377685393165528 ], [ 8.387466764154373, 48.377055001120077 ], [ 8.389504777297384, 48.375457322031941 ], [ 8.390425663094963, 48.374887678613916 ], [ 8.390688984154776, 48.374571131679836 ], [ 8.390311883026911, 48.374181647775977 ], [ 8.390011758900568, 48.373679032943642 ], [ 8.390007888906981, 48.373132555341769 ], [ 8.390919749902576, 48.37154938606011 ], [ 8.391125264046391, 48.370609423030203 ], [ 8.391041670453344, 48.369795052379075 ], [ 8.391119809543886, 48.369492638229644 ], [ 8.391409695347011, 48.369108305156395 ], [ 8.391909587282829, 48.368719683578092 ], [ 8.392940057157386, 48.368198730890143 ], [ 8.394802733200265, 48.367703292104828 ], [ 8.397374883547608, 48.365961274801492 ], [ 8.398116167889444, 48.365292204635139 ], [ 8.397552572812518, 48.363785370939652 ], [ 8.397566238382675, 48.363313477032705 ], [ 8.397957367604237, 48.362407490302445 ], [ 8.398456970516508, 48.361781326202014 ], [ 8.3966746210504, 48.363144165257651 ], [ 8.394971209041419, 48.362587591481834 ], [ 8.394217952167132, 48.362444538780956 ], [ 8.393657372006817, 48.362538659589639 ], [ 8.392681047019815, 48.362853521212429 ], [ 8.391876432492444, 48.363259698954899 ], [ 8.390633043448119, 48.364241673949628 ], [ 8.387110080832544, 48.365569760765716 ], [ 8.386469773808068, 48.365778039367228 ], [ 8.384301971519154, 48.36575656133531 ], [ 8.384620598222119, 48.365409735099753 ], [ 8.384199602472856, 48.364717347503039 ], [ 8.382793751107641, 48.363162115421481 ], [ 8.382454948939591, 48.362430666663599 ], [ 8.382589369133083, 48.360915177874837 ], [ 8.38217897325211, 48.359965534073574 ], [ 8.382125936833384, 48.358758434219538 ], [ 8.382330334411355, 48.357830444297598 ], [ 8.3821532889481, 48.355558729810994 ], [ 8.382313442211551, 48.354392539325403 ], [ 8.382607287970108, 48.35376812703408 ], [ 8.382772672861611, 48.353027957041277 ], [ 8.382714606796547, 48.352448888220891 ], [ 8.382234255039856, 48.351306698336955 ], [ 8.381597628185, 48.350141984147619 ], [ 8.381071717798836, 48.348296361944747 ], [ 8.380177648106869, 48.347275730423377 ], [ 8.379931791016938, 48.3467709499552 ], [ 8.379246260441464, 48.345963577088099 ], [ 8.379030341982938, 48.344162080976318 ], [ 8.379171576732546, 48.343511841582625 ], [ 8.377524195050992, 48.341526181608167 ], [ 8.376642171881693, 48.339632545298308 ], [ 8.376425684749172, 48.338849827276142 ], [ 8.376195571844464, 48.337658134044787 ], [ 8.376247402759011, 48.336108370458597 ], [ 8.376476781160354, 48.33550080602128 ], [ 8.377273761958842, 48.334432354418418 ], [ 8.377409588434148, 48.333771470687736 ], [ 8.377204764151116, 48.332796556445452 ], [ 8.37476429721783, 48.332909900643095 ], [ 8.370085443070868, 48.333378382901039 ], [ 8.36858284542113, 48.333632128971757 ], [ 8.367841717756971, 48.333596119852132 ], [ 8.367222966303592, 48.333735045814088 ], [ 8.366421243664528, 48.334211777415781 ], [ 8.365978670518208, 48.33463614339697 ] ] ] } },
{ "type": "Feature", "properties": { "Gemarkung": "Reutin", "Schluessel": "084534", "Ebene": "Gemarkung" }, "geometry": { "type": "Polygon", "coordinates": [ [ [ 8.434138282591258, 48.327416319806616 ], [ 8.432536922460706, 48.328955596867466 ], [ 8.431917017686484, 48.33044617227209 ], [ 8.43071410059361, 48.331909388921034 ], [ 8.43021285118957, 48.332902753456068 ], [ 8.428445942060446, 48.332434974915458 ], [ 8.427571306353112, 48.332426846935242 ], [ 8.427338993498461, 48.332074728678442 ], [ 8.426379593360508, 48.332322576010633 ], [ 8.425548393208617, 48.332375646984488 ], [ 8.424568520746925, 48.332283211119439 ], [ 8.422326212959314, 48.331851015304544 ], [ 8.421726919073505, 48.332384298308007 ], [ 8.421513311541551, 48.333471467021219 ], [ 8.420843097407964, 48.334593313518653 ], [ 8.420218399051905, 48.33508993388871 ], [ 8.419075168919537, 48.33561920034002 ], [ 8.418205672998292, 48.335712060240432 ], [ 8.418026915569049, 48.336005708321167 ], [ 8.416935541699832, 48.335580934554585 ], [ 8.414845501974613, 48.334994711459032 ], [ 8.413703150823064, 48.334913052162371 ], [ 8.412071384568732, 48.335290682382904 ], [ 8.411185211517429, 48.335671118899235 ], [ 8.41051856939805, 48.336039538626864 ], [ 8.410598720544639, 48.336519564126533 ], [ 8.410133079570306, 48.336716094533365 ], [ 8.41218181487255, 48.338466906108337 ], [ 8.414625739044197, 48.338857051013854 ], [ 8.418730909636421, 48.33875650332228 ], [ 8.421706238914812, 48.338019195361355 ], [ 8.422060162771718, 48.338809445605023 ], [ 8.423010074366116, 48.339391173151192 ], [ 8.42377108516372, 48.34005651566271 ], [ 8.425350918826432, 48.340307149990529 ], [ 8.426482851168883, 48.340572084224569 ], [ 8.429341293066949, 48.340477170495525 ], [ 8.430351410323937, 48.339274909575934 ], [ 8.43183177083047, 48.339102926849485 ], [ 8.433227672045483, 48.339184305990749 ], [ 8.434291882753772, 48.339107314823671 ], [ 8.43439969433298, 48.340193747099569 ], [ 8.4349236587812, 48.341552035205616 ], [ 8.435386627283116, 48.342362662055102 ], [ 8.435375427322535, 48.342729132589248 ], [ 8.436492448454979, 48.342311765233632 ], [ 8.437089935334722, 48.342319189001302 ], [ 8.438816375384681, 48.341643425601774 ], [ 8.43942164769267, 48.341493972806781 ], [ 8.440171306179954, 48.341184898428402 ], [ 8.440634360940372, 48.341119226025221 ], [ 8.441266251237069, 48.340903947144177 ], [ 8.441978740622499, 48.340932236624333 ], [ 8.445034256771921, 48.340620528517334 ], [ 8.445619625098328, 48.340486871240621 ], [ 8.446410596389576, 48.340694635783983 ], [ 8.447786824859483, 48.340841869208617 ], [ 8.44811898859925, 48.340774188743012 ], [ 8.448357454727295, 48.340622928509816 ], [ 8.448718036494187, 48.340572746224325 ], [ 8.449280967310495, 48.341080427436069 ], [ 8.44947056616663, 48.341143502198619 ], [ 8.44970044888035, 48.34112498938368 ], [ 8.450266834514069, 48.340861035429846 ], [ 8.451004685055915, 48.341217319852042 ], [ 8.451598441875847, 48.341181466314737 ], [ 8.451824661546292, 48.341252808804413 ], [ 8.452665382339079, 48.341695311241132 ], [ 8.452951275830522, 48.342168188098661 ], [ 8.453485796579534, 48.342321873378111 ], [ 8.453906572752997, 48.342562374145594 ], [ 8.454753717259285, 48.342811192835327 ], [ 8.454988218417206, 48.343360022900875 ], [ 8.455595040570016, 48.343594741210723 ], [ 8.456911741966099, 48.343663942080184 ], [ 8.457988346981642, 48.343823493182825 ], [ 8.458208363014064, 48.343743559427473 ], [ 8.458691636316171, 48.343743945312866 ], [ 8.458829289899251, 48.343846075691602 ], [ 8.459072993207132, 48.34375941423361 ], [ 8.459832761289219, 48.343915928275862 ], [ 8.460116672539852, 48.343842768517419 ], [ 8.460347550903375, 48.343922482977831 ], [ 8.461304055654102, 48.343877574483962 ], [ 8.463039194449102, 48.344031253630199 ], [ 8.464837541974161, 48.34434885048276 ], [ 8.465741317797855, 48.344339286660592 ], [ 8.465959842458673, 48.343561457819511 ], [ 8.467571953459224, 48.343723404086376 ], [ 8.468562666565791, 48.342230306026636 ], [ 8.468120885052937, 48.34057800040631 ], [ 8.468291745160681, 48.33879870373552 ], [ 8.467787001504004, 48.338804196624139 ], [ 8.467704909106558, 48.338199508464605 ], [ 8.468308338648272, 48.338474719331522 ], [ 8.468426834349824, 48.337746264389935 ], [ 8.468330672931591, 48.336819969433172 ], [ 8.466888831873778, 48.33747014524338 ], [ 8.465303894691463, 48.337980458904092 ], [ 8.465173194529449, 48.337329929585074 ], [ 8.466131040934787, 48.337260606199287 ], [ 8.466753553604098, 48.336790986949339 ], [ 8.46546349828631, 48.336563590393894 ], [ 8.465142965208184, 48.336375598761315 ], [ 8.465057535012487, 48.336738218458471 ], [ 8.465164942131688, 48.33707393504433 ], [ 8.465124181324788, 48.337307029996751 ], [ 8.463712135763409, 48.338108898937598 ], [ 8.462706612691584, 48.338141902730854 ], [ 8.462936772405536, 48.337825483989882 ], [ 8.462847040653662, 48.337760918517517 ], [ 8.463077075345455, 48.336954988321089 ], [ 8.462545469641089, 48.336590748242614 ], [ 8.462186581644078, 48.337433231429493 ], [ 8.461120389321543, 48.337347091234463 ], [ 8.460003301112875, 48.337429660307016 ], [ 8.459906030596034, 48.338194193191562 ], [ 8.458753264996547, 48.337986618916787 ], [ 8.458758272830638, 48.337105595404424 ], [ 8.458566034017585, 48.336565788149109 ], [ 8.458217028492637, 48.334597285057001 ], [ 8.458285829104094, 48.332496967552679 ], [ 8.45811952550094, 48.331943696204455 ], [ 8.456180819325589, 48.331788709955219 ], [ 8.454548835776738, 48.331314772972021 ], [ 8.454549379572772, 48.331074023507739 ], [ 8.453413850144166, 48.330495272595954 ], [ 8.452619031203536, 48.330381733011727 ], [ 8.451289466783399, 48.329858716783704 ], [ 8.451136305650627, 48.32989901106459 ], [ 8.4490405781874, 48.328936779198322 ], [ 8.448005111471907, 48.328334792451983 ], [ 8.447841575812268, 48.328411469276908 ], [ 8.447835881429141, 48.328564026286962 ], [ 8.447098094147972, 48.328757420366934 ], [ 8.447010677972086, 48.328744044861189 ], [ 8.44704321298223, 48.328592426634415 ], [ 8.44587189915352, 48.328477839488777 ], [ 8.445142345816517, 48.32860810373402 ], [ 8.444987445447547, 48.328771276623407 ], [ 8.443799055744506, 48.328887081909556 ], [ 8.443765396444849, 48.328570504542327 ], [ 8.440135966935634, 48.327885249287895 ], [ 8.439153852852048, 48.327732018834872 ], [ 8.438961163590475, 48.328091667703085 ], [ 8.438435938414843, 48.327932111870147 ], [ 8.437833769252125, 48.327580367495287 ], [ 8.437386387533303, 48.327532116856958 ], [ 8.4365985668445, 48.327145810001824 ], [ 8.436440352947034, 48.326897445120366 ], [ 8.436058561807567, 48.326835475763239 ], [ 8.435558946225319, 48.326618903099728 ], [ 8.435188152202215, 48.326599809216873 ], [ 8.43484374078532, 48.32641521408479 ], [ 8.4340072177226, 48.327214868096576 ], [ 8.434138282591258, 48.327416319806616 ] ] ] } },
{ "type": "Feature", "properties": { "Gemarkung": "Rottweil", "Schluessel": "085930", "Ebene": "Gemarkung" }, "geometry": { "type": "MultiPolygon", "coordinates": [ [ [ [ 8.635728854815664, 48.135913811724329 ], [ 8.634128712268435, 48.135969278910871 ], [ 8.634279442569625, 48.136207369213786 ], [ 8.633284695469591, 48.136335645713785 ], [ 8.632751604721314, 48.136337902260202 ], [ 8.632027461668917, 48.135896262973922 ], [ 8.631701694074694, 48.135871557450763 ], [ 8.630900731110408, 48.135986038934853 ], [ 8.630219190303031, 48.136184481184081 ], [ 8.629300182997804, 48.136712973158062 ], [ 8.628791350967147, 48.136892170447986 ], [ 8.626981988412822, 48.136767012356387 ], [ 8.626658039235792, 48.13662083904115 ], [ 8.626387903222893, 48.136801700501216 ], [ 8.626324257528193, 48.137033436062154 ], [ 8.6267173782069, 48.138002789784778 ], [ 8.62436941592834, 48.138259651744292 ], [ 8.62398144985818, 48.138780658434356 ], [ 8.623462017411232, 48.139246081613287 ], [ 8.623288306775587, 48.139123153341878 ], [ 8.622368952252245, 48.139498819693678 ], [ 8.621310720331369, 48.139656204096767 ], [ 8.620987683609236, 48.139550144451341 ], [ 8.620309198287085, 48.138903360756316 ], [ 8.619060788255705, 48.136950661391019 ], [ 8.618095046993808, 48.136187480418975 ], [ 8.615042272926505, 48.135437113321053 ], [ 8.613520372118357, 48.134844681898258 ], [ 8.611303467374308, 48.134166749633565 ], [ 8.609792357869955, 48.133171779378806 ], [ 8.609513326190999, 48.132623724093875 ], [ 8.608846771744014, 48.131941104264286 ], [ 8.60669101824382, 48.130513120456243 ], [ 8.606045710507427, 48.129890027002993 ], [ 8.605185900916231, 48.129235333456798 ], [ 8.603545008228348, 48.127361546069054 ], [ 8.602056240312161, 48.126146392870005 ], [ 8.601326447616628, 48.126035719571917 ], [ 8.599500328631546, 48.126170173810145 ], [ 8.593173810621273, 48.124547924485519 ], [ 8.591652944666425, 48.124473523763029 ], [ 8.59209448606644, 48.126106880274037 ], [ 8.592415783928546, 48.126907134833331 ], [ 8.595521922307329, 48.128200182349012 ], [ 8.595579869274575, 48.128162778766978 ], [ 8.596625355086555, 48.128583284312967 ], [ 8.598314991619283, 48.129418366281342 ], [ 8.599309903813433, 48.130247674426755 ], [ 8.59919183088158, 48.130274433684306 ], [ 8.599056010192879, 48.131355310004764 ], [ 8.598765961627821, 48.131978599900684 ], [ 8.599031961405251, 48.132925203152944 ], [ 8.598628727649926, 48.134015131915582 ], [ 8.596825764902244, 48.135463906175829 ], [ 8.595818144148442, 48.136040673525152 ], [ 8.594852024206864, 48.137284975466798 ], [ 8.594132793971465, 48.138698204984621 ], [ 8.593001763158082, 48.139979065978444 ], [ 8.594035031808129, 48.140340080701286 ], [ 8.595568345530845, 48.140703836382798 ], [ 8.598112065310938, 48.141146413790587 ], [ 8.598837483714922, 48.142017607220176 ], [ 8.599677683052406, 48.143292260724103 ], [ 8.600528371896766, 48.14510883252219 ], [ 8.599349674413187, 48.146781677276188 ], [ 8.599222569798291, 48.146772147201474 ], [ 8.599097243691986, 48.147414634309449 ], [ 8.599529357761018, 48.147705393554844 ], [ 8.599031051892158, 48.148352698303277 ], [ 8.599648054083938, 48.148537037852165 ], [ 8.599361507268489, 48.149355124182037 ], [ 8.599081754663597, 48.149593198385595 ], [ 8.599628856392398, 48.149691552974318 ], [ 8.599683929210757, 48.149767139449786 ], [ 8.599308948830783, 48.150770075175039 ], [ 8.597744351594013, 48.150651608272774 ], [ 8.59789010572641, 48.150804976861203 ], [ 8.597734285104975, 48.152163244466117 ], [ 8.598245097521662, 48.153658258261842 ], [ 8.598276903782859, 48.154647766082491 ], [ 8.597639317427658, 48.154920573275412 ], [ 8.596571539127794, 48.15463324611175 ], [ 8.596307157034234, 48.15474064137387 ], [ 8.594752182326264, 48.154051669898564 ], [ 8.593395408507655, 48.153655600170609 ], [ 8.592603638888576, 48.153548071859881 ], [ 8.591608877523781, 48.153521059684607 ], [ 8.590214779255009, 48.153646464103034 ], [ 8.588216300195958, 48.153955565410435 ], [ 8.586550238029661, 48.154123226178406 ], [ 8.583594592788682, 48.154089524466009 ], [ 8.581369831994666, 48.153927325138234 ], [ 8.58060683165095, 48.154235389048651 ], [ 8.579400700729444, 48.155885794524345 ], [ 8.578399590838234, 48.155956082003172 ], [ 8.578070952051149, 48.156351192567456 ], [ 8.577264886316005, 48.156722414763593 ], [ 8.576804617735048, 48.157163461836411 ], [ 8.576265573510405, 48.157339615886102 ], [ 8.576172506161916, 48.157537565899524 ], [ 8.582156076451373, 48.158488859475234 ], [ 8.584116213222215, 48.158624354863186 ], [ 8.587441254026022, 48.158438044080228 ], [ 8.589357699932989, 48.158455612976901 ], [ 8.589522729646193, 48.158265646748575 ], [ 8.593117048616207, 48.158302717959714 ], [ 8.593488779877262, 48.158669579805363 ], [ 8.593597125412533, 48.158623178722216 ], [ 8.594343098041071, 48.159518222398574 ], [ 8.597387375588497, 48.159453171319697 ], [ 8.597381663305065, 48.159719191429197 ], [ 8.597064665621783, 48.160137249007683 ], [ 8.59793055622959, 48.160651398316638 ], [ 8.602502945723337, 48.160758440319221 ], [ 8.603470765037782, 48.162188880346662 ], [ 8.605046690118041, 48.163576867943654 ], [ 8.605619040611259, 48.164384690121345 ], [ 8.605551406795016, 48.164523460957319 ], [ 8.604862176503975, 48.164785514171093 ], [ 8.604723243801738, 48.164961736622288 ], [ 8.604691222525071, 48.165331041303929 ], [ 8.604526024513033, 48.165424761106827 ], [ 8.604541702258768, 48.165502188816937 ], [ 8.604924044720578, 48.165450331584339 ], [ 8.604921764551781, 48.165607140588627 ], [ 8.606028531868189, 48.165440177117773 ], [ 8.605968631926835, 48.1655173455731 ], [ 8.606121788129322, 48.165713824043955 ], [ 8.606077221674536, 48.16735381502717 ], [ 8.606206701295521, 48.167428843363552 ], [ 8.606763577676425, 48.167489049980638 ], [ 8.606405959835186, 48.168227554955777 ], [ 8.606393485311795, 48.169260181582835 ], [ 8.606271177170989, 48.169653289039616 ], [ 8.606023779123333, 48.170240031736668 ], [ 8.605813948973912, 48.170452000103005 ], [ 8.60561309696182, 48.170457609029334 ], [ 8.605554487139427, 48.170558623529033 ], [ 8.605744862573026, 48.170551179384617 ], [ 8.605702409160251, 48.170720266251202 ], [ 8.605173991236679, 48.171346259063831 ], [ 8.604893069949192, 48.17224957630426 ], [ 8.604394148244143, 48.172814667517201 ], [ 8.60371749350519, 48.173279817744302 ], [ 8.602506431155961, 48.174631384846876 ], [ 8.600950931299973, 48.175343591164875 ], [ 8.600514917666905, 48.175697185777743 ], [ 8.600239688507896, 48.176131500658698 ], [ 8.600202685116134, 48.176513651687898 ], [ 8.600359388975704, 48.176843484340132 ], [ 8.598414040985629, 48.17950843346069 ], [ 8.597669761596228, 48.180259503667308 ], [ 8.596343511692931, 48.181367954121271 ], [ 8.593902762695562, 48.183138139823562 ], [ 8.593557912607924, 48.183653794338426 ], [ 8.592736047600413, 48.18451881872091 ], [ 8.591473225786094, 48.186557448583386 ], [ 8.591103844065126, 48.187326451459185 ], [ 8.591016930829396, 48.18729231387276 ], [ 8.590489329252266, 48.188346043902165 ], [ 8.590245249242253, 48.189343291968392 ], [ 8.589686001534325, 48.190884447857712 ], [ 8.590042485485275, 48.191013025973348 ], [ 8.591110738624575, 48.191195599137743 ], [ 8.594097752588269, 48.191634077620222 ], [ 8.595373741377243, 48.191754186108035 ], [ 8.596774555223805, 48.191743363434227 ], [ 8.596771287047453, 48.191662559717749 ], [ 8.5974127924662, 48.191601109916455 ], [ 8.597982661285586, 48.191374222768879 ], [ 8.600333728976304, 48.191739327868675 ], [ 8.600597237761358, 48.19195823878723 ], [ 8.601700893502429, 48.192424149117556 ], [ 8.601492050776995, 48.194021815894487 ], [ 8.601741202031295, 48.194584895919427 ], [ 8.602396280892025, 48.195207949836799 ], [ 8.603152211271382, 48.196539584280032 ], [ 8.6039869856001, 48.196987719518532 ], [ 8.604993272337637, 48.197376248823559 ], [ 8.608313275072536, 48.198381675625029 ], [ 8.611080383487897, 48.197598083371545 ], [ 8.612448481483934, 48.197556369470583 ], [ 8.61135975439535, 48.199056975471507 ], [ 8.61004351388752, 48.202296708523079 ], [ 8.608334013188607, 48.202299174410633 ], [ 8.606946719374706, 48.202528538912311 ], [ 8.605177514166822, 48.202961165035973 ], [ 8.605077528264376, 48.20290720014016 ], [ 8.604245412405108, 48.203375685832732 ], [ 8.60355646055627, 48.204021448136771 ], [ 8.603734376539446, 48.204615946197364 ], [ 8.604311025650549, 48.205411098027625 ], [ 8.604816856879863, 48.205668979258725 ], [ 8.606125027211903, 48.206134378990775 ], [ 8.606784862869473, 48.205370822664769 ], [ 8.606939860947319, 48.205307204884583 ], [ 8.607338407328825, 48.205410141646773 ], [ 8.607372868371188, 48.204722627193661 ], [ 8.607602611585824, 48.204388097527875 ], [ 8.608707561916463, 48.204126545325366 ], [ 8.609072089952614, 48.204118338701981 ], [ 8.609232950935557, 48.204185462557227 ], [ 8.61009640894779, 48.205381831392508 ], [ 8.610536031291707, 48.206174687643404 ], [ 8.610991045944129, 48.206696338101779 ], [ 8.611097889146746, 48.207517485329866 ], [ 8.611531621710084, 48.208274869816059 ], [ 8.610794781934514, 48.208689113312666 ], [ 8.612120355828377, 48.20964780237118 ], [ 8.61333313473048, 48.210058186720559 ], [ 8.6147596607448, 48.210077100706812 ], [ 8.616718041886012, 48.209839021068071 ], [ 8.617019135632399, 48.209732601716766 ], [ 8.618110360227865, 48.208501949578718 ], [ 8.618680996131996, 48.207368796990352 ], [ 8.619303846264483, 48.20683266757689 ], [ 8.619260556211019, 48.206717004231358 ], [ 8.618368077092475, 48.206514764142298 ], [ 8.618089294839898, 48.206356752786697 ], [ 8.616390200870489, 48.204821445419057 ], [ 8.615554036294563, 48.203790308017851 ], [ 8.614919381839217, 48.203476981581289 ], [ 8.614621135226534, 48.203154343398289 ], [ 8.615368420820364, 48.202031154971607 ], [ 8.616100548622867, 48.200644751734742 ], [ 8.616495281739189, 48.200571035088885 ], [ 8.617581463066022, 48.201349465741671 ], [ 8.618943742065815, 48.202123223399092 ], [ 8.621813197205634, 48.202652538827614 ], [ 8.622688966967434, 48.202465492045263 ], [ 8.623740472212027, 48.20209799643392 ], [ 8.624900481007284, 48.201392472173204 ], [ 8.625946885715233, 48.200426376429228 ], [ 8.626865635995935, 48.197334160116249 ], [ 8.626400818288163, 48.197206064168604 ], [ 8.6246879549208, 48.197010560533073 ], [ 8.623802280577731, 48.196597407122923 ], [ 8.622326976432442, 48.196070119974316 ], [ 8.622297198771886, 48.195819008620909 ], [ 8.622865953505139, 48.19498353422388 ], [ 8.623049905071099, 48.194469604687221 ], [ 8.622932157213684, 48.193149822600894 ], [ 8.623021007523322, 48.192924111738705 ], [ 8.622784432235299, 48.192725223864272 ], [ 8.622909168620893, 48.191991575522259 ], [ 8.62261356585651, 48.191769191635935 ], [ 8.622559843575509, 48.19135245845623 ], [ 8.622832631303099, 48.190814618900191 ], [ 8.622890590277818, 48.189792220331547 ], [ 8.623016593936105, 48.189471623840319 ], [ 8.624722372009673, 48.188538287254914 ], [ 8.625296010759742, 48.188123691376148 ], [ 8.625204381485327, 48.187939585753419 ], [ 8.625527567311098, 48.187883328635579 ], [ 8.626183995395502, 48.188089784927826 ], [ 8.626255917637824, 48.188172070617881 ], [ 8.62740283712408, 48.188073228861072 ], [ 8.627923290907543, 48.187827679391724 ], [ 8.62830529210428, 48.187786899564863 ], [ 8.629081572067456, 48.187812259039319 ], [ 8.629977591254093, 48.187988157208153 ], [ 8.631327691033164, 48.188110624352092 ], [ 8.632347344856305, 48.18795167553349 ], [ 8.632393900169927, 48.188007785205542 ], [ 8.632958160967153, 48.187728794545997 ], [ 8.633469555114582, 48.18776839316434 ], [ 8.634813385617475, 48.18748584837352 ], [ 8.635963438992167, 48.187376944598228 ], [ 8.636323523505732, 48.187503951107992 ], [ 8.639941571163964, 48.187657491222218 ], [ 8.639783625579726, 48.188193572197655 ], [ 8.645137079726398, 48.188606356177367 ], [ 8.644860107337452, 48.190174831582468 ], [ 8.643389228421453, 48.190168748786554 ], [ 8.642359421688777, 48.190025737725854 ], [ 8.642176502606221, 48.190131511964928 ], [ 8.641521797349384, 48.19147855838888 ], [ 8.641230009644108, 48.19252974616753 ], [ 8.646101551750537, 48.192255775536523 ], [ 8.64864759947584, 48.191809781332367 ], [ 8.650219574092498, 48.191816374363228 ], [ 8.652468438980076, 48.192190358407395 ], [ 8.655483782755876, 48.19210217784822 ], [ 8.657116299056975, 48.191990548708894 ], [ 8.658434444872775, 48.191783675233296 ], [ 8.65932275170387, 48.191727651284566 ], [ 8.65990710122065, 48.191914717673384 ], [ 8.662186551890404, 48.193685820738033 ], [ 8.664493957506224, 48.194723622453793 ], [ 8.665782040318813, 48.195110822152117 ], [ 8.667862635416153, 48.196221310979702 ], [ 8.669148217535364, 48.196337839007548 ], [ 8.671426578776497, 48.196675998850289 ], [ 8.671411168567317, 48.196939383860077 ], [ 8.671760060876194, 48.197094137448204 ], [ 8.672893593937525, 48.197191925637817 ], [ 8.673939375769606, 48.19784357240777 ], [ 8.676576461303949, 48.199081346296488 ], [ 8.677962766269259, 48.199803999437435 ], [ 8.678422771254491, 48.200123237108485 ], [ 8.678817483379671, 48.2002531759465 ], [ 8.67997033008959, 48.200871778010693 ], [ 8.681119975321364, 48.20168541202969 ], [ 8.682649601807171, 48.20234425790828 ], [ 8.68501453333417, 48.204008167428782 ], [ 8.685186314297304, 48.203780926875311 ], [ 8.686393368491695, 48.200593840772434 ], [ 8.686784079819848, 48.199330843213993 ], [ 8.68662042763528, 48.197324180715484 ], [ 8.686630588621549, 48.195591766695152 ], [ 8.686720384690023, 48.195563041429345 ], [ 8.686580510671043, 48.193962202408976 ], [ 8.686944743636388, 48.192773535036459 ], [ 8.689798069308633, 48.190698487233419 ], [ 8.689507179325954, 48.190540256163793 ], [ 8.689399574558532, 48.190333666520083 ], [ 8.689149104051369, 48.190189308992075 ], [ 8.688963192824019, 48.190316202280258 ], [ 8.68876968712333, 48.190208345521086 ], [ 8.688610830036032, 48.190266935020766 ], [ 8.688245404055898, 48.190219700543445 ], [ 8.688351919827145, 48.190116884843405 ], [ 8.688316741997836, 48.18999362187315 ], [ 8.687779366259495, 48.189945649680233 ], [ 8.68769537516585, 48.189707183538289 ], [ 8.687510717930314, 48.189693906140469 ], [ 8.687341140047671, 48.189524213303322 ], [ 8.687076125089087, 48.189516204739363 ], [ 8.686956037346622, 48.189262435007365 ], [ 8.686426174451828, 48.189065128320998 ], [ 8.686340003944956, 48.188942535338533 ], [ 8.686492597755652, 48.188631118850438 ], [ 8.686232567952191, 48.188446422709539 ], [ 8.68788135330478, 48.187021212615676 ], [ 8.688192586870937, 48.186616296658528 ], [ 8.688546173150018, 48.186437227025444 ], [ 8.689238020009377, 48.185786553535131 ], [ 8.689697135464852, 48.184706095200852 ], [ 8.688991058510144, 48.184509943818426 ], [ 8.686800559817163, 48.183444610270655 ], [ 8.684789444746157, 48.182955889169037 ], [ 8.680765526227265, 48.181727142629995 ], [ 8.677982270249643, 48.181249920669728 ], [ 8.676518995986696, 48.181251210548126 ], [ 8.674187690707184, 48.180539088366352 ], [ 8.67290903557727, 48.179668873905008 ], [ 8.671565174496404, 48.178904892372863 ], [ 8.669572424750333, 48.178141280890756 ], [ 8.669137427361207, 48.178113938625174 ], [ 8.668342807406511, 48.177593875827654 ], [ 8.667023612484417, 48.177443502318333 ], [ 8.664262512225813, 48.1758941179557 ], [ 8.662347361242379, 48.175207980894001 ], [ 8.661639953878854, 48.175310984972604 ], [ 8.661484599964218, 48.176004460652884 ], [ 8.659059013393026, 48.175337367497399 ], [ 8.657605915676598, 48.175390988776869 ], [ 8.657238772712214, 48.175116927805931 ], [ 8.656729267692457, 48.175132861503904 ], [ 8.654508847537102, 48.175877003211077 ], [ 8.65423929460299, 48.175774887341227 ], [ 8.653232245479124, 48.175925791341825 ], [ 8.651714295473532, 48.176395520341671 ], [ 8.651227001711623, 48.176387115275105 ], [ 8.651003526604898, 48.176770245963752 ], [ 8.650571289589401, 48.178081854366845 ], [ 8.650527582383605, 48.178614519399332 ], [ 8.650641851521824, 48.179041230970313 ], [ 8.651302311484274, 48.179782063607412 ], [ 8.651871160758047, 48.180783705602067 ], [ 8.651701953060137, 48.183559822158372 ], [ 8.652123277847082, 48.184042522911959 ], [ 8.652593476459641, 48.184401482263105 ], [ 8.653184711708169, 48.184748479110702 ], [ 8.653701608836295, 48.184747968085219 ], [ 8.652790949601417, 48.185600647794168 ], [ 8.652460764540727, 48.186440051678979 ], [ 8.651756861074725, 48.187032797302059 ], [ 8.651029569944868, 48.187044986881297 ], [ 8.651119823435254, 48.186850477688111 ], [ 8.649730101671686, 48.186498790965686 ], [ 8.649689468024208, 48.186657012805107 ], [ 8.64857352531059, 48.186466920865207 ], [ 8.647301919204445, 48.18657197915298 ], [ 8.645345931266036, 48.186241892634847 ], [ 8.643298602068166, 48.185739198511811 ], [ 8.64045247339736, 48.185440541436677 ], [ 8.640771618610122, 48.184590880799703 ], [ 8.640944161381199, 48.183676073516068 ], [ 8.641452343839648, 48.182415841814155 ], [ 8.641592167706786, 48.181618071078638 ], [ 8.641564222372772, 48.180609339065533 ], [ 8.641742826476179, 48.179882494600591 ], [ 8.642432961491176, 48.178660611765835 ], [ 8.643813259826139, 48.173382439807938 ], [ 8.643874732626429, 48.172682758770833 ], [ 8.644323031533499, 48.171653367862497 ], [ 8.645333398439888, 48.168477241484652 ], [ 8.645626131233042, 48.167959290700033 ], [ 8.645553295475125, 48.167931085645442 ], [ 8.645707558250715, 48.167404070486725 ], [ 8.646000264192523, 48.166947207821316 ], [ 8.647005511703041, 48.166173952920062 ], [ 8.647841478710163, 48.165076280605767 ], [ 8.64847564771517, 48.16459418599522 ], [ 8.649105440110262, 48.163746438536222 ], [ 8.649957946308296, 48.163308637153214 ], [ 8.650736096502913, 48.163342403516815 ], [ 8.651279926846334, 48.163046795453745 ], [ 8.650551894210103, 48.162525100633808 ], [ 8.6490747298985, 48.160894671428537 ], [ 8.649666246674801, 48.160663544671074 ], [ 8.64908792656299, 48.159748409884131 ], [ 8.649080854759047, 48.159582574424732 ], [ 8.649240549866317, 48.159571275837656 ], [ 8.648990858138847, 48.158602081354545 ], [ 8.648707485933798, 48.157958742997558 ], [ 8.648066816155536, 48.157181965205794 ], [ 8.647625063410555, 48.156872645919933 ], [ 8.648186756464872, 48.156671035202194 ], [ 8.64747379814828, 48.155949004066429 ], [ 8.647309444698676, 48.155601757022225 ], [ 8.647682505426538, 48.155572671315163 ], [ 8.647807132565001, 48.155319968727177 ], [ 8.64763769384381, 48.155008424471582 ], [ 8.647829426827617, 48.154930828473596 ], [ 8.647631221899438, 48.154775383314217 ], [ 8.649172845160091, 48.154413382755514 ], [ 8.649264893257527, 48.154559684366802 ], [ 8.650025593631801, 48.154391600556551 ], [ 8.650332736004305, 48.154267027689073 ], [ 8.650709677221123, 48.153624890886192 ], [ 8.651760218195067, 48.154275589912444 ], [ 8.652638695870744, 48.155341868852808 ], [ 8.652904747691364, 48.155249014192094 ], [ 8.652736567570793, 48.155025381580629 ], [ 8.65402189215334, 48.154462089101017 ], [ 8.65358595061592, 48.154026672659818 ], [ 8.654792472303599, 48.153800789995579 ], [ 8.657228660970286, 48.154027786573899 ], [ 8.65920788076002, 48.154615415286727 ], [ 8.659652581966467, 48.155015118334113 ], [ 8.659942813118345, 48.155330601041875 ], [ 8.659545012819866, 48.156417695673738 ], [ 8.660538816345408, 48.157276335574089 ], [ 8.662057782342481, 48.156103109654303 ], [ 8.664531630688385, 48.154658786813158 ], [ 8.6654126708327, 48.154690145064151 ], [ 8.666407859827995, 48.154307877739413 ], [ 8.667978238896538, 48.154613732815946 ], [ 8.669049215837013, 48.154590910159669 ], [ 8.668114731126996, 48.154381825478175 ], [ 8.66742886608078, 48.153985506276207 ], [ 8.666951853923839, 48.152399939924102 ], [ 8.668480637023611, 48.149657405769887 ], [ 8.668775986014753, 48.148638090943827 ], [ 8.669216642809074, 48.147745960775985 ], [ 8.670318750094596, 48.145925800781399 ], [ 8.670340815117049, 48.145062334456767 ], [ 8.670849641716421, 48.14432730027206 ], [ 8.671004564014941, 48.14391874126256 ], [ 8.672636571467301, 48.143408773960701 ], [ 8.673099017307372, 48.142666489910965 ], [ 8.673047115775766, 48.141588864018466 ], [ 8.673253830318071, 48.140746434735135 ], [ 8.672372707982131, 48.139391590004145 ], [ 8.669787074430779, 48.138964301312981 ], [ 8.666718327026725, 48.13873357817922 ], [ 8.664884433746318, 48.138677322865455 ], [ 8.663308016236313, 48.137830237939532 ], [ 8.661838914153808, 48.137637797977021 ], [ 8.661443175388417, 48.137477656190796 ], [ 8.658704433939212, 48.135924233379249 ], [ 8.661568412173125, 48.133801854577882 ], [ 8.661428907475578, 48.133678094927291 ], [ 8.662283475540249, 48.133059186725724 ], [ 8.662317640097795, 48.132706694872013 ], [ 8.661927834555708, 48.13250815485673 ], [ 8.662110169320618, 48.132351513525172 ], [ 8.662353454582046, 48.13222546082136 ], [ 8.66301207118965, 48.13211439151727 ], [ 8.663317669600875, 48.131974664081625 ], [ 8.663090717980259, 48.13161780793407 ], [ 8.662045647391265, 48.131164979816944 ], [ 8.662090441795263, 48.131076940944894 ], [ 8.662542504060632, 48.131002604391924 ], [ 8.662922815282846, 48.13065850558224 ], [ 8.662219253620243, 48.130371145178493 ], [ 8.662428403753209, 48.130140896670213 ], [ 8.662852765049129, 48.129903361923354 ], [ 8.662105759615498, 48.129356579781415 ], [ 8.662137911048983, 48.129085414725765 ], [ 8.662437109535789, 48.128730462479723 ], [ 8.660613901354665, 48.128637012485157 ], [ 8.659303936580505, 48.128421887171122 ], [ 8.657681429954357, 48.126562963489562 ], [ 8.65719941757162, 48.125649860180758 ], [ 8.656761519233791, 48.125863221819202 ], [ 8.656425235090982, 48.126476082750983 ], [ 8.654766574035349, 48.128131779477798 ], [ 8.653942164292012, 48.129721499608266 ], [ 8.651070773863992, 48.130048586141335 ], [ 8.649930884408224, 48.130259248454969 ], [ 8.649043995605018, 48.130557223438203 ], [ 8.648729653798872, 48.13029948875262 ], [ 8.648352626482364, 48.130247502765897 ], [ 8.647086172458254, 48.131097886104612 ], [ 8.646925679729177, 48.130963877709355 ], [ 8.645343205014148, 48.131698108930159 ], [ 8.644572213660251, 48.131631578644154 ], [ 8.642616119894839, 48.132336455647994 ], [ 8.638922777147178, 48.133277424042248 ], [ 8.639050165324925, 48.133683858628537 ], [ 8.637815081496193, 48.133747360718118 ], [ 8.636418064125767, 48.134111646788106 ], [ 8.636295566900959, 48.135146993282184 ], [ 8.635821898721378, 48.135149002236744 ], [ 8.635728854815664, 48.135913811724329 ] ] ], [ [ [ 8.55129129096586, 48.193878311945646 ], [ 8.550886692487095, 48.195476382873458 ], [ 8.550727099590333, 48.197246171002 ], [ 8.548686938303582, 48.200058170002229 ], [ 8.546911897731286, 48.201854167201375 ], [ 8.545933760306973, 48.202249050719281 ], [ 8.546053905557033, 48.202329507626814 ], [ 8.545928066076891, 48.20239081937514 ], [ 8.54612524651893, 48.202495782103789 ], [ 8.545867740461503, 48.202668495328417 ], [ 8.547833475442715, 48.203877689349341 ], [ 8.547835641487378, 48.204273831248862 ], [ 8.547994233638752, 48.204589796113005 ], [ 8.548744517678898, 48.20425886869743 ], [ 8.549441431947571, 48.204947975270457 ], [ 8.550494311672225, 48.205489031443399 ], [ 8.550774174650433, 48.205160569082601 ], [ 8.552945905549327, 48.206046051767089 ], [ 8.553062339531172, 48.206199541622475 ], [ 8.553705452904026, 48.206553188680303 ], [ 8.554717240228413, 48.207356305821513 ], [ 8.555527453772051, 48.207814413789094 ], [ 8.556580057574314, 48.208058605411097 ], [ 8.557756143205516, 48.207422197015362 ], [ 8.559177151722603, 48.2083241944786 ], [ 8.560472650446231, 48.209349221699654 ], [ 8.562286529971896, 48.210378278155765 ], [ 8.564100729404677, 48.211140279459137 ], [ 8.565925308993256, 48.211636073425481 ], [ 8.566898276599419, 48.211793409575868 ], [ 8.568108458643692, 48.211755406841171 ], [ 8.567838634720273, 48.211395597225433 ], [ 8.567749446191025, 48.210989052654412 ], [ 8.568529961028919, 48.20969931214799 ], [ 8.569500907660684, 48.208424134523142 ], [ 8.569697314374999, 48.207714115655747 ], [ 8.567921585407479, 48.207519510690474 ], [ 8.567504241461146, 48.206603227651691 ], [ 8.568034551630248, 48.206314441904496 ], [ 8.568460520364107, 48.206605471583408 ], [ 8.569687112377151, 48.207052086375739 ], [ 8.571299115422944, 48.207413575764292 ], [ 8.572452583388602, 48.207595019873821 ], [ 8.575958050585781, 48.207610521898403 ], [ 8.575932850028304, 48.206375156109125 ], [ 8.574799713696727, 48.206097015526595 ], [ 8.574192990836655, 48.205866608835073 ], [ 8.570936742150204, 48.205162101605062 ], [ 8.569044881713573, 48.204862716412123 ], [ 8.566594327060802, 48.204216434227867 ], [ 8.565768876289924, 48.204154839608549 ], [ 8.564698368905477, 48.203947101563607 ], [ 8.562461562952697, 48.203657007606367 ], [ 8.561775575605763, 48.203467169403801 ], [ 8.561812250180063, 48.203206849043283 ], [ 8.562806659713308, 48.201567621449534 ], [ 8.563234879504195, 48.2005092343759 ], [ 8.563212809161744, 48.200176715037244 ], [ 8.559565939605456, 48.199054383083975 ], [ 8.556539703976982, 48.197702570535164 ], [ 8.556265833402501, 48.198172051933788 ], [ 8.553947913077808, 48.197726551968415 ], [ 8.555115345269027, 48.195128270139683 ], [ 8.553458038378041, 48.194664171796504 ], [ 8.553531326357911, 48.194189689428256 ], [ 8.553449956966814, 48.194169490213625 ], [ 8.553738147460081, 48.19353902604562 ], [ 8.553434036155986, 48.193291689583333 ], [ 8.553430833910172, 48.193118216654597 ], [ 8.552703872092527, 48.192322312450834 ], [ 8.552077770716506, 48.192631617752333 ], [ 8.55129129096586, 48.193878311945646 ] ] ] ] } },
{ "type": "Feature", "properties": { "Gemarkung": "Römlinsdorf", "Schluessel": "084535", "Ebene": "Gemarkung" }, "geometry": { "type": "Polygon", "coordinates": [ [ [ 8.478180959761197, 48.314895992448456 ], [ 8.475923250088959, 48.314641465955141 ], [ 8.475801812216984, 48.31502786213094 ], [ 8.472872308344357, 48.31520205532567 ], [ 8.472822713410963, 48.315643207819839 ], [ 8.4723276891468, 48.31568322248085 ], [ 8.472015276898841, 48.316221682785347 ], [ 8.471182340000198, 48.3186262812916 ], [ 8.473125917043246, 48.319063265167216 ], [ 8.472886955007477, 48.319606922202397 ], [ 8.473228605049593, 48.319688648264382 ], [ 8.472976025215365, 48.320310064748085 ], [ 8.474153213953317, 48.32075944109836 ], [ 8.473033222677568, 48.320938478257396 ], [ 8.473913430113369, 48.32176372866207 ], [ 8.47365940873563, 48.322380821404153 ], [ 8.473533441170453, 48.322666430672626 ], [ 8.472098468450259, 48.322591658473897 ], [ 8.471236616029016, 48.325682481824458 ], [ 8.470940679499622, 48.326447011638251 ], [ 8.470736101176628, 48.326413142486921 ], [ 8.470083583783515, 48.327945607791499 ], [ 8.470787256154773, 48.328040793917651 ], [ 8.470505655774669, 48.328200449186774 ], [ 8.471590745698363, 48.328386273101813 ], [ 8.47155605951137, 48.328505050316757 ], [ 8.473922028886838, 48.32885075347172 ], [ 8.473292472346156, 48.329666483290424 ], [ 8.473571390254788, 48.329872255414458 ], [ 8.473145382229257, 48.330088385218886 ], [ 8.472544771571135, 48.330881301763256 ], [ 8.472352019507099, 48.330863234003232 ], [ 8.471541659144817, 48.332314461694779 ], [ 8.471013099130785, 48.334250372668244 ], [ 8.475443122670258, 48.335621065550292 ], [ 8.480046384934008, 48.336035211503855 ], [ 8.483881428018156, 48.33587092956796 ], [ 8.483819609144904, 48.335445018237408 ], [ 8.485221756926702, 48.335185539228263 ], [ 8.485553162951732, 48.335063857040488 ], [ 8.48538220345584, 48.334728594924592 ], [ 8.485468454389279, 48.333961292099296 ], [ 8.487371291447571, 48.333956023110531 ], [ 8.487418284067401, 48.332565791860475 ], [ 8.488365136888897, 48.332517916443003 ], [ 8.488978768245744, 48.332586770027994 ], [ 8.490177333910358, 48.332450030644516 ], [ 8.491948857531634, 48.331912398599748 ], [ 8.492980202423238, 48.332309025703069 ], [ 8.493458204262028, 48.332626376221342 ], [ 8.495723400516203, 48.332785584541277 ], [ 8.496150767878683, 48.332739055072395 ], [ 8.496575772173129, 48.332562421334607 ], [ 8.498733514950757, 48.332328393916718 ], [ 8.499357094451312, 48.332154054566907 ], [ 8.50027071180231, 48.331763521924181 ], [ 8.502233794710529, 48.330688920469619 ], [ 8.50189711316105, 48.329987789120025 ], [ 8.501298796539777, 48.329345980518809 ], [ 8.501003705312572, 48.328850781426105 ], [ 8.500463404622986, 48.327050803475913 ], [ 8.499815403136706, 48.325686964655397 ], [ 8.499603609939118, 48.324513411598893 ], [ 8.499083815386877, 48.323811294489268 ], [ 8.498903558695224, 48.322450475413959 ], [ 8.499462617555563, 48.32240558689044 ], [ 8.499210589444163, 48.32074171592668 ], [ 8.496647503992063, 48.319967965618268 ], [ 8.495835980439631, 48.319831709662722 ], [ 8.495273617647925, 48.319065421360634 ], [ 8.495180317223518, 48.318309017023815 ], [ 8.495049895863989, 48.318348389993773 ], [ 8.495300678717152, 48.316691213842354 ], [ 8.495253737519937, 48.31647256727004 ], [ 8.494592439848587, 48.315553706221394 ], [ 8.494208235014376, 48.314441010901156 ], [ 8.492187224333978, 48.314711814089414 ], [ 8.490651901205222, 48.315009114785475 ], [ 8.490205673913209, 48.314959365174026 ], [ 8.488947454304512, 48.315086843118536 ], [ 8.487674667283043, 48.315119416852326 ], [ 8.48622370576788, 48.315057524753307 ], [ 8.485308834168103, 48.314787221085027 ], [ 8.483030586616891, 48.315467862718315 ], [ 8.483238653604637, 48.315967486610866 ], [ 8.482789346264051, 48.315968795835083 ], [ 8.479658163152488, 48.315161340972509 ], [ 8.478180959761197, 48.314895992448456 ] ] ] } },
{ "type": "Feature", "properties": { "Gemarkung": "Rötenberg", "Schluessel": "085831", "Ebene": "Gemarkung" }, "geometry": { "type": "Polygon", "coordinates": [ [ [ 8.411374398775166, 48.282277783493903 ], [ 8.410098086084519, 48.282893642048691 ], [ 8.408291198002027, 48.28434822791484 ], [ 8.406584193573442, 48.285584948424919 ], [ 8.405383732540141, 48.28662210569972 ], [ 8.404655699619161, 48.287081583897589 ], [ 8.404114512798731, 48.287284807521495 ], [ 8.402405366221863, 48.2876827737648 ], [ 8.401089253782617, 48.287634811932016 ], [ 8.398251611830675, 48.286997601048981 ], [ 8.396109789215586, 48.286667347797014 ], [ 8.396674133048887, 48.288849332648354 ], [ 8.396620179313285, 48.289160788330975 ], [ 8.395421101798616, 48.290764556144083 ], [ 8.395337345962981, 48.291760959686698 ], [ 8.39580582175955, 48.292882621795798 ], [ 8.396387943152016, 48.294773383305653 ], [ 8.396523489969043, 48.295250024299442 ], [ 8.396504120450631, 48.29581815922414 ], [ 8.397049765047417, 48.297616867866623 ], [ 8.395766749457298, 48.299553347558934 ], [ 8.39429675910135, 48.299790057433832 ], [ 8.391827499119982, 48.300726365788996 ], [ 8.392060468819334, 48.301535867429131 ], [ 8.392189309718008, 48.302995644469675 ], [ 8.393623110525862, 48.302988098375906 ], [ 8.394692336654337, 48.303089816247947 ], [ 8.396158490243057, 48.303106250246138 ], [ 8.397890841545708, 48.302961757796332 ], [ 8.401614564504024, 48.303168234967927 ], [ 8.402548914419647, 48.303389464705084 ], [ 8.403905022966757, 48.305202511771391 ], [ 8.404500525670912, 48.305644278797608 ], [ 8.403803611767263, 48.306175165853908 ], [ 8.40290834755784, 48.307199660947568 ], [ 8.401791339273252, 48.308119802980009 ], [ 8.401632219489564, 48.308452844948775 ], [ 8.401638139079557, 48.308846303959719 ], [ 8.401878544194943, 48.309024340708355 ], [ 8.401921523352678, 48.309835891705937 ], [ 8.402983661180748, 48.310281441291046 ], [ 8.403625392746848, 48.31038301517799 ], [ 8.404024088720668, 48.310531369049258 ], [ 8.404656582740781, 48.311184030431477 ], [ 8.405043775640008, 48.311800602162613 ], [ 8.404701626834671, 48.312795941722015 ], [ 8.404003465349463, 48.313935273145454 ], [ 8.404102171178634, 48.314377524944156 ], [ 8.404776830622886, 48.314656138936066 ], [ 8.406172288812485, 48.31479596421557 ], [ 8.407697322881567, 48.315068422180588 ], [ 8.410172723519009, 48.315225810874381 ], [ 8.412045100854828, 48.315053123506836 ], [ 8.412664301845377, 48.315079678691824 ], [ 8.414281017729373, 48.315736228596656 ], [ 8.412931006528604, 48.316909718542789 ], [ 8.41168722611293, 48.31822390511158 ], [ 8.410165064147948, 48.319061352993437 ], [ 8.409192263736763, 48.319899534591727 ], [ 8.408455063357859, 48.320401991978471 ], [ 8.40711893065229, 48.320832893717451 ], [ 8.406306476241689, 48.321261086143593 ], [ 8.405668376737074, 48.321496564101921 ], [ 8.40405555212099, 48.321912684992689 ], [ 8.405175335877207, 48.322539975940721 ], [ 8.404817276118873, 48.323006763609357 ], [ 8.405857891792614, 48.322961492061907 ], [ 8.408185634797114, 48.323449419819049 ], [ 8.410221792915626, 48.323489837579366 ], [ 8.415489956782634, 48.324120410670211 ], [ 8.417015500504645, 48.324211102896342 ], [ 8.418015406623859, 48.324152379774581 ], [ 8.418776904663964, 48.324001306602533 ], [ 8.419780098834771, 48.323378579692424 ], [ 8.420612024274432, 48.322975131423227 ], [ 8.421374383944576, 48.322733718199011 ], [ 8.422467797964106, 48.322885140576922 ], [ 8.424735653684799, 48.323517909638802 ], [ 8.426178465182321, 48.323780084004703 ], [ 8.427620760778712, 48.323788260012037 ], [ 8.429035425596632, 48.323661329837677 ], [ 8.43002711617525, 48.323320683959679 ], [ 8.430698969566322, 48.322965491620515 ], [ 8.431043897450039, 48.32245735363491 ], [ 8.430995530575357, 48.32216067208504 ], [ 8.43133846110679, 48.322062054500542 ], [ 8.432671693790047, 48.321864952319778 ], [ 8.432740654797451, 48.322385573401881 ], [ 8.433411136234662, 48.32240723147995 ], [ 8.433338345525716, 48.322085599634455 ], [ 8.433607882422532, 48.321767993109276 ], [ 8.433431489984073, 48.321385483001691 ], [ 8.433558179306109, 48.321383587899092 ], [ 8.433302063077406, 48.321025605867781 ], [ 8.432936091311221, 48.32073338761041 ], [ 8.432618954103486, 48.319796613137683 ], [ 8.43281880222364, 48.319352080486183 ], [ 8.432113236206863, 48.318897682623735 ], [ 8.43199776493641, 48.318618663450259 ], [ 8.432048480791018, 48.318290802898474 ], [ 8.43247835633286, 48.317744933512344 ], [ 8.432767839430124, 48.31717173984233 ], [ 8.433348047823833, 48.316910185639728 ], [ 8.433665525178837, 48.316560606571997 ], [ 8.43467175931889, 48.315987066407494 ], [ 8.435501057161016, 48.315249988062689 ], [ 8.435730230203534, 48.314943244117835 ], [ 8.435750060484096, 48.31458823999764 ], [ 8.435726987003859, 48.314430054037267 ], [ 8.435362241405358, 48.314115267323515 ], [ 8.434386839797892, 48.313868012502347 ], [ 8.432999896761174, 48.313028085035029 ], [ 8.432942706197176, 48.312383276224097 ], [ 8.433479547890752, 48.311733387721929 ], [ 8.433582583723046, 48.310966202712855 ], [ 8.434657439085875, 48.310458406515394 ], [ 8.435844955355332, 48.309662987024886 ], [ 8.436007098195009, 48.309292756261179 ], [ 8.435929712191125, 48.309057831468067 ], [ 8.436154110858228, 48.308753222185103 ], [ 8.436283575525493, 48.30834954278918 ], [ 8.437010364799566, 48.307784238075662 ], [ 8.436545734175525, 48.307615792742055 ], [ 8.437654430248976, 48.307369759710788 ], [ 8.438399468324002, 48.307387884870259 ], [ 8.438446812586152, 48.307251905197752 ], [ 8.438169129721638, 48.306847044670981 ], [ 8.438150871187924, 48.306606112371092 ], [ 8.438476687874115, 48.306495514035319 ], [ 8.438336129851107, 48.305847421222744 ], [ 8.438452898970422, 48.305615335308751 ], [ 8.438126881658615, 48.304368681894587 ], [ 8.438687881059565, 48.304330485967441 ], [ 8.439116520532899, 48.304015531392189 ], [ 8.441130292908667, 48.30327086631128 ], [ 8.441186267068332, 48.303109196628675 ], [ 8.442019645074366, 48.302897770436275 ], [ 8.442492577417765, 48.302685491205693 ], [ 8.444401955594897, 48.301237795574977 ], [ 8.444660531503494, 48.300733156510013 ], [ 8.444670951843261, 48.300518364138618 ], [ 8.444231845948392, 48.299617106526711 ], [ 8.444466495336227, 48.29920438904152 ], [ 8.444386871932165, 48.298924924757706 ], [ 8.443991769203784, 48.298331477977719 ], [ 8.444159017180679, 48.297097120266187 ], [ 8.442890456538986, 48.297287741554484 ], [ 8.438613876088583, 48.298584972363152 ], [ 8.436660905613639, 48.298755808017219 ], [ 8.433776615554606, 48.298449428923874 ], [ 8.432106651740552, 48.297611692966463 ], [ 8.430930892581685, 48.296689920048372 ], [ 8.429526424696698, 48.294698183986682 ], [ 8.428484636017458, 48.29340395363436 ], [ 8.428030988697209, 48.292302472098172 ], [ 8.426685506265796, 48.291156060577734 ], [ 8.424678849515921, 48.289982935700955 ], [ 8.422553887260426, 48.288453988441951 ], [ 8.420913504132217, 48.285807792089784 ], [ 8.418859610727397, 48.28408741136267 ], [ 8.418726106224511, 48.284080258952152 ], [ 8.41644358678599, 48.282006813891918 ], [ 8.415660323372693, 48.281449533630742 ], [ 8.41492771120034, 48.281085217085966 ], [ 8.411374398775166, 48.282277783493903 ] ] ] } },
{ "type": "Feature", "properties": { "Gemarkung": "Schabenhausen", "Schluessel": "086033", "Ebene": "Gemarkung" }, "geometry": { "type": "Polygon", "coordinates": [ [ [ 8.500373115579956, 48.120699390392765 ], [ 8.499123343302616, 48.120712304347528 ], [ 8.496946726848845, 48.120899472720673 ], [ 8.494297432780572, 48.121642067161361 ], [ 8.492559978206339, 48.122407164055616 ], [ 8.490093230418774, 48.122939127072804 ], [ 8.488048038166731, 48.124316657315028 ], [ 8.486087486699345, 48.124863563826992 ], [ 8.482636487858173, 48.125527356317541 ], [ 8.480824380431354, 48.126175697847437 ], [ 8.47936958913691, 48.126488871214661 ], [ 8.477547405064525, 48.127222317233333 ], [ 8.475225963292585, 48.127924305398707 ], [ 8.476776381350279, 48.129065449281434 ], [ 8.477631193316164, 48.132370884818322 ], [ 8.477497991755847, 48.133895363883163 ], [ 8.477220486374971, 48.134857862344163 ], [ 8.475913789395749, 48.136533813193999 ], [ 8.477329679911474, 48.137011074460766 ], [ 8.479903938628553, 48.138117958397856 ], [ 8.48022979374336, 48.137995093802395 ], [ 8.482379922026691, 48.138715830905952 ], [ 8.484694563393067, 48.139202443452227 ], [ 8.488592155723184, 48.137350183716613 ], [ 8.489421058517237, 48.136702395478338 ], [ 8.48993813977861, 48.13647202868156 ], [ 8.4912955566611, 48.135602005703063 ], [ 8.491968131184406, 48.13528972529209 ], [ 8.492016420740518, 48.135585760499097 ], [ 8.494032906826114, 48.134784654262859 ], [ 8.495015475848206, 48.134464183428655 ], [ 8.497593041201206, 48.133825175521153 ], [ 8.500103735102199, 48.132910150415881 ], [ 8.501569873488844, 48.13252730713657 ], [ 8.501667502702057, 48.132716217957892 ], [ 8.504547972583907, 48.132104908176004 ], [ 8.504453252962502, 48.131947861771216 ], [ 8.507562128423531, 48.131364182146918 ], [ 8.509347118588323, 48.130837483467928 ], [ 8.509709688108114, 48.130488057098198 ], [ 8.510966190694681, 48.130498718638783 ], [ 8.511875641519939, 48.130400288677279 ], [ 8.513454891216504, 48.129308629109218 ], [ 8.513542810220626, 48.127754766070176 ], [ 8.51157760189831, 48.125873700930498 ], [ 8.510170833888706, 48.124760899808564 ], [ 8.50923662017677, 48.123631926065471 ], [ 8.50845346888743, 48.122279294702437 ], [ 8.506126371463564, 48.121563950856185 ], [ 8.503748790745055, 48.121297563630193 ], [ 8.502183147436279, 48.120957452488803 ], [ 8.500373115579956, 48.120699390392765 ] ] ] } },
{ "type": "Feature", "properties": { "Gemarkung": "Schenkenzell", "Schluessel": "085780", "Ebene": "Gemarkung" }, "geometry": { "type": "Polygon", "coordinates": [ [ [ 8.360279482908064, 48.302544578502548 ], [ 8.35783463064679, 48.301453229580261 ], [ 8.35773827050202, 48.30114797064445 ], [ 8.357696696608446, 48.299732545140493 ], [ 8.357288684635439, 48.298302746449707 ], [ 8.356934331209292, 48.297852096065647 ], [ 8.355454945720513, 48.297442917841728 ], [ 8.353937976349757, 48.297171789989108 ], [ 8.353634331364905, 48.297054295210359 ], [ 8.353278800449383, 48.297393994378702 ], [ 8.350070939226535, 48.298468750186601 ], [ 8.34984742037701, 48.298327496866172 ], [ 8.349707701666453, 48.297554692858888 ], [ 8.347247491967195, 48.295641803752467 ], [ 8.346813556213714, 48.295931465713068 ], [ 8.346706871661722, 48.296156049343367 ], [ 8.346495933140138, 48.296129300035211 ], [ 8.346293809983157, 48.296478756140829 ], [ 8.345714557246261, 48.296796557495973 ], [ 8.345638092802737, 48.296977047839839 ], [ 8.345308631260867, 48.297182458769491 ], [ 8.344944891224779, 48.297569228656762 ], [ 8.344578844225554, 48.29832539222587 ], [ 8.344635272751709, 48.298509788011359 ], [ 8.343843437394483, 48.299104638810128 ], [ 8.343708963216953, 48.299423347297164 ], [ 8.342922608225175, 48.300440262020402 ], [ 8.342046914049716, 48.301229491445618 ], [ 8.3416204750389, 48.302125559484836 ], [ 8.341114075623898, 48.302475243225011 ], [ 8.341128370877433, 48.302569431430605 ], [ 8.340925847422167, 48.302704212353234 ], [ 8.340937452889595, 48.30282924411582 ], [ 8.3407991556635, 48.302971410329562 ], [ 8.340951171779535, 48.303251001730743 ], [ 8.340971821191317, 48.303794345486921 ], [ 8.341285590880904, 48.30456158876251 ], [ 8.341200138261808, 48.304820116477764 ], [ 8.340673843105296, 48.305120741726874 ], [ 8.340539999624619, 48.305481914611065 ], [ 8.337885081623703, 48.305598103791453 ], [ 8.337305861696542, 48.30548464724005 ], [ 8.336420468311511, 48.3051153526851 ], [ 8.336580569800901, 48.304738501681321 ], [ 8.336228072192892, 48.303281778809804 ], [ 8.336372135844304, 48.302581401188419 ], [ 8.336176477048586, 48.301561836441195 ], [ 8.336297363654037, 48.301130328726281 ], [ 8.332718727535765, 48.300107019487903 ], [ 8.330619305150678, 48.298988844484093 ], [ 8.33048905914924, 48.299008868912672 ], [ 8.33050054728276, 48.299367727633438 ], [ 8.329808723455365, 48.299540035208793 ], [ 8.329540024072095, 48.299660825374467 ], [ 8.329400409044691, 48.29982978072411 ], [ 8.329342581322981, 48.300106274610535 ], [ 8.329448766159711, 48.300523444910411 ], [ 8.329115618635406, 48.301096036660418 ], [ 8.329637353351693, 48.301557644987227 ], [ 8.329659574111224, 48.301693715894437 ], [ 8.329401839648751, 48.301995674847007 ], [ 8.329279421967453, 48.302590907815478 ], [ 8.32855505619721, 48.303112452999791 ], [ 8.328457663828125, 48.303556865124968 ], [ 8.328015911792013, 48.303966427364159 ], [ 8.327473056587568, 48.305173321001554 ], [ 8.326540959000944, 48.305725487018663 ], [ 8.326558582921434, 48.306579474271778 ], [ 8.325787936360713, 48.307557137150873 ], [ 8.325500209643071, 48.308074024157889 ], [ 8.325117835513755, 48.308281585802213 ], [ 8.324898782164368, 48.308509268082076 ], [ 8.324870417820073, 48.308860155663019 ], [ 8.325633795287915, 48.309399222413802 ], [ 8.325791413133702, 48.309791326103365 ], [ 8.325699185772848, 48.309922768054101 ], [ 8.3253657558658, 48.310038220579813 ], [ 8.324442084836987, 48.310219391875229 ], [ 8.323860724279553, 48.311113583372581 ], [ 8.323840689027483, 48.311405050874953 ], [ 8.324076661966355, 48.311654028985402 ], [ 8.323930570453042, 48.312146013282458 ], [ 8.324088326187271, 48.31275197308652 ], [ 8.323714483958542, 48.313280404771483 ], [ 8.323556837613221, 48.313860218918791 ], [ 8.323626765210793, 48.31421276354552 ], [ 8.323033971687709, 48.315028611243505 ], [ 8.323023375457186, 48.315187251779911 ], [ 8.323284472703122, 48.315546679526356 ], [ 8.323378611113302, 48.316281818989147 ], [ 8.323312009000556, 48.316371304804328 ], [ 8.322620012865498, 48.316649459798093 ], [ 8.322630914357484, 48.317069042953165 ], [ 8.322411473147957, 48.317444534691084 ], [ 8.322532802438875, 48.317622935412452 ], [ 8.323048319281567, 48.318175222888726 ], [ 8.323636039839464, 48.318307154242248 ], [ 8.324051177862074, 48.318208921022787 ], [ 8.324426657399657, 48.318253681760979 ], [ 8.324968580592687, 48.318524157260093 ], [ 8.325900008010892, 48.318533398667341 ], [ 8.327502681386857, 48.318396403359245 ], [ 8.329529781151338, 48.31857287851652 ], [ 8.33029979076677, 48.318774573477285 ], [ 8.331065234461644, 48.318820412903364 ], [ 8.332101484688135, 48.31899449443263 ], [ 8.33479655268544, 48.319693866330276 ], [ 8.334893634986868, 48.320423344707045 ], [ 8.335065548549679, 48.320512326933361 ], [ 8.333611343554749, 48.321654325421413 ], [ 8.333334120151934, 48.322213936220962 ], [ 8.333238108741909, 48.322759662327599 ], [ 8.333698157745484, 48.323419720733071 ], [ 8.334907958458441, 48.323295730056543 ], [ 8.336527695382161, 48.323267298362019 ], [ 8.337748454542323, 48.322691974173189 ], [ 8.338414104565086, 48.323595659605495 ], [ 8.339305638592503, 48.3238808529374 ], [ 8.341472652158901, 48.323227071214468 ], [ 8.343619793880572, 48.322141111422049 ], [ 8.345428948833083, 48.322993517080391 ], [ 8.346383100381814, 48.323321386555811 ], [ 8.351257238723107, 48.324333585074953 ], [ 8.352382600504766, 48.324675865286451 ], [ 8.354424719993313, 48.325153106579869 ], [ 8.355482587809142, 48.325276806560467 ], [ 8.356261575800236, 48.32607828015886 ], [ 8.357479137134948, 48.326507754853637 ], [ 8.358349737087881, 48.326592146002653 ], [ 8.359781764328542, 48.326564048804556 ], [ 8.361225342041037, 48.325567678962166 ], [ 8.361998031647092, 48.325270036982566 ], [ 8.362410690892071, 48.325239397138866 ], [ 8.363415445501298, 48.325610859754399 ], [ 8.364672470106292, 48.326310198873635 ], [ 8.366134718248299, 48.326596805399433 ], [ 8.366833226703015, 48.326623504372449 ], [ 8.36884376990964, 48.327457395833626 ], [ 8.369401814154443, 48.327519565175358 ], [ 8.370117950253787, 48.327770269534575 ], [ 8.370930355193696, 48.328487166869913 ], [ 8.371452241027297, 48.329110434593666 ], [ 8.374667411438587, 48.330538106626165 ], [ 8.374535581577677, 48.329369614321813 ], [ 8.374661311560249, 48.328763828296601 ], [ 8.374612562372327, 48.327774372527834 ], [ 8.374893892024756, 48.326700792103615 ], [ 8.374780399842225, 48.326383310243934 ], [ 8.375160401953286, 48.324221929874916 ], [ 8.376794426112509, 48.324194987986424 ], [ 8.378929536425055, 48.323897048902083 ], [ 8.381217496199847, 48.324332766851647 ], [ 8.382207034057624, 48.32427609856429 ], [ 8.383839832091388, 48.323835559956827 ], [ 8.383889766546252, 48.323979505339373 ], [ 8.384239428419976, 48.323924248506103 ], [ 8.384542806968811, 48.3232419402432 ], [ 8.384211605407042, 48.322862304523618 ], [ 8.384404295874635, 48.322622583245824 ], [ 8.384097182938646, 48.322349057667992 ], [ 8.384112597104764, 48.321853059956766 ], [ 8.384819715371869, 48.321405927513347 ], [ 8.384759449179715, 48.32126858479478 ], [ 8.384863662999841, 48.32118394305153 ], [ 8.385708694876501, 48.320866106048634 ], [ 8.385952348488484, 48.32042512725809 ], [ 8.386392863975525, 48.320001932265264 ], [ 8.386961759565716, 48.319716350325294 ], [ 8.387275108920923, 48.319457834209118 ], [ 8.387855916453583, 48.31932570577041 ], [ 8.388242950555398, 48.319108874201461 ], [ 8.389018665894254, 48.319519200431358 ], [ 8.389071746681978, 48.319863697770217 ], [ 8.388981181914511, 48.320172974533712 ], [ 8.389256956523111, 48.320338179921421 ], [ 8.390243422170107, 48.320509403664374 ], [ 8.391738265043738, 48.32041250664205 ], [ 8.392497627218001, 48.320886239767717 ], [ 8.393208757168711, 48.321060301884167 ], [ 8.393923881892421, 48.321614942714675 ], [ 8.394000312566281, 48.321904410645317 ], [ 8.393834893400818, 48.322339880788824 ], [ 8.393904008208038, 48.32258648572072 ], [ 8.394027806495819, 48.322851822019494 ], [ 8.394543140787421, 48.323158535596484 ], [ 8.396175645800183, 48.322799330823791 ], [ 8.397211443240199, 48.322670982361288 ], [ 8.397864335412937, 48.322673232573393 ], [ 8.39962818354379, 48.32293562106446 ], [ 8.40200583190912, 48.323061366024227 ], [ 8.403072275084082, 48.322386842332257 ], [ 8.40405555212099, 48.321912684992689 ], [ 8.405668376737074, 48.321496564101921 ], [ 8.406306476241689, 48.321261086143593 ], [ 8.40711893065229, 48.320832893717451 ], [ 8.408455063357859, 48.320401991978471 ], [ 8.409192263736763, 48.319899534591727 ], [ 8.410165064147948, 48.319061352993437 ], [ 8.41168722611293, 48.31822390511158 ], [ 8.412931006528604, 48.316909718542789 ], [ 8.414281017729373, 48.315736228596656 ], [ 8.412664301845377, 48.315079678691824 ], [ 8.412045100854828, 48.315053123506836 ], [ 8.410172723519009, 48.315225810874381 ], [ 8.407697322881567, 48.315068422180588 ], [ 8.406172288812485, 48.31479596421557 ], [ 8.404776830622886, 48.314656138936066 ], [ 8.404102171178634, 48.314377524944156 ], [ 8.404003465349463, 48.313935273145454 ], [ 8.404701626834671, 48.312795941722015 ], [ 8.405043775640008, 48.311800602162613 ], [ 8.404656582740781, 48.311184030431477 ], [ 8.404024088720668, 48.310531369049258 ], [ 8.403625392746848, 48.31038301517799 ], [ 8.402983661180748, 48.310281441291046 ], [ 8.401921523352678, 48.309835891705937 ], [ 8.401878544194943, 48.309024340708355 ], [ 8.401638139079557, 48.308846303959719 ], [ 8.401632219489564, 48.308452844948775 ], [ 8.401791339273252, 48.308119802980009 ], [ 8.40290834755784, 48.307199660947568 ], [ 8.403803611767263, 48.306175165853908 ], [ 8.404500525670912, 48.305644278797608 ], [ 8.403905022966757, 48.305202511771391 ], [ 8.402548914419647, 48.303389464705084 ], [ 8.401614564504024, 48.303168234967927 ], [ 8.397890841545708, 48.302961757796332 ], [ 8.396158490243057, 48.303106250246138 ], [ 8.394692336654337, 48.303089816247947 ], [ 8.393623110525862, 48.302988098375906 ], [ 8.392189309718008, 48.302995644469675 ], [ 8.392060468819334, 48.301535867429131 ], [ 8.391827499119982, 48.300726365788996 ], [ 8.39429675910135, 48.299790057433832 ], [ 8.395766749457298, 48.299553347558934 ], [ 8.397049765047417, 48.297616867866623 ], [ 8.396504120450631, 48.29581815922414 ], [ 8.396523489969043, 48.295250024299442 ], [ 8.396387943152016, 48.294773383305653 ], [ 8.39580582175955, 48.292882621795798 ], [ 8.395337345962981, 48.291760959686698 ], [ 8.395421101798616, 48.290764556144083 ], [ 8.396620179313285, 48.289160788330975 ], [ 8.396674133048887, 48.288849332648354 ], [ 8.396109789215586, 48.286667347797014 ], [ 8.394583158876085, 48.285830986350142 ], [ 8.392128093165397, 48.283333840123667 ], [ 8.391457479768352, 48.28280038195102 ], [ 8.390769956000179, 48.282431921510934 ], [ 8.388949489753481, 48.28209837808874 ], [ 8.385478696340931, 48.282052623416831 ], [ 8.382954313674929, 48.282363351018347 ], [ 8.381891928649505, 48.282547928135465 ], [ 8.379173525603228, 48.283837731271213 ], [ 8.377720835477534, 48.284134781387031 ], [ 8.376712061655256, 48.284240428892431 ], [ 8.375419274549641, 48.284809300093166 ], [ 8.374535314885883, 48.285102109973963 ], [ 8.372653657950337, 48.285440126809362 ], [ 8.372205004841375, 48.285585585859486 ], [ 8.372324376251507, 48.286503910886239 ], [ 8.372211540777705, 48.287065144970718 ], [ 8.372014204517699, 48.287316337737224 ], [ 8.371534378105062, 48.287825544315616 ], [ 8.370573390734799, 48.288478494258918 ], [ 8.368761115988917, 48.289278362642293 ], [ 8.369069937869622, 48.290342668558615 ], [ 8.368570154449166, 48.291273972495986 ], [ 8.368603376773615, 48.29149898470142 ], [ 8.369274161909065, 48.292413410523899 ], [ 8.369565574709265, 48.29313097279254 ], [ 8.370010323231364, 48.293593865537311 ], [ 8.368796672197318, 48.294652070510054 ], [ 8.367951094062079, 48.294658492536669 ], [ 8.36713777905713, 48.294563512175117 ], [ 8.366706783900984, 48.294647058963356 ], [ 8.365636427191856, 48.29454642377182 ], [ 8.365354215985963, 48.294765557938568 ], [ 8.364895152358301, 48.29488331076665 ], [ 8.364784308712816, 48.294982382983548 ], [ 8.364347512918977, 48.294967823924921 ], [ 8.363873880309281, 48.295085852022588 ], [ 8.363615585866361, 48.295234849303888 ], [ 8.363000003338609, 48.295925003527145 ], [ 8.362589480553741, 48.296171310144146 ], [ 8.362470726361243, 48.296374519036853 ], [ 8.361963798511555, 48.296793477044666 ], [ 8.361330621036043, 48.296804627306848 ], [ 8.361030521175556, 48.296985325171477 ], [ 8.360914499673688, 48.297249815714636 ], [ 8.361075665247299, 48.297657275807339 ], [ 8.361100102582606, 48.298573193994365 ], [ 8.361010986610829, 48.29876675946209 ], [ 8.361213993879515, 48.298825466599851 ], [ 8.361120113099092, 48.299044286631592 ], [ 8.361503377144732, 48.299526573210983 ], [ 8.361244845964785, 48.300038044003855 ], [ 8.361260676352655, 48.300682211287572 ], [ 8.361517658658974, 48.300922322749628 ], [ 8.361525507097102, 48.301039054522938 ], [ 8.361287116075207, 48.302335065983073 ], [ 8.360279482908064, 48.302544578502548 ] ] ] } },
{ "type": "Feature", "properties": { "Gemarkung": "Schiltach", "Schluessel": "085790", "Ebene": "Gemarkung" }, "geometry": { "type": "MultiPolygon", "coordinates": [ [ [ [ 8.321006908348597, 48.284338605927097 ], [ 8.321418494697751, 48.282920888462286 ], [ 8.320989078274236, 48.28307013003262 ], [ 8.319882510347419, 48.283183608509077 ], [ 8.318907346452482, 48.28394733459605 ], [ 8.317493751861919, 48.284703143056369 ], [ 8.316660045237819, 48.28562000539938 ], [ 8.316000858493016, 48.286154995515467 ], [ 8.315201853769992, 48.286448754587553 ], [ 8.315219518044259, 48.287345841601407 ], [ 8.315965903073907, 48.289196518202665 ], [ 8.316500736945919, 48.291012464082598 ], [ 8.3165880405042, 48.291744242945683 ], [ 8.316498520607851, 48.291966471723498 ], [ 8.317906657848123, 48.292203530740913 ], [ 8.319023622658332, 48.29229651936388 ], [ 8.31979720970387, 48.29230775505907 ], [ 8.320765363126066, 48.292195529189968 ], [ 8.31994604990464, 48.291140310814797 ], [ 8.319208438186639, 48.290827716280155 ], [ 8.31883051503344, 48.289948200228061 ], [ 8.319445129407971, 48.288162914386433 ], [ 8.319719075575144, 48.287796565840878 ], [ 8.319791690697585, 48.287343286402646 ], [ 8.319398985957536, 48.286339618250196 ], [ 8.31940429362214, 48.285919858552866 ], [ 8.319683942525836, 48.285458177527914 ], [ 8.320437461910329, 48.284901411671761 ], [ 8.321006908348597, 48.284338605927097 ] ] ], [ [ [ 8.343808139912523, 48.281550875883234 ], [ 8.344000613609126, 48.281120037074324 ], [ 8.344014704217317, 48.280809097663145 ], [ 8.343968969684521, 48.280475414902291 ], [ 8.343724918007913, 48.279976768543399 ], [ 8.340633128279858, 48.277956661418891 ], [ 8.339356039992905, 48.277435523544284 ], [ 8.338116593313019, 48.277080399447179 ], [ 8.336854479073743, 48.276915953783508 ], [ 8.33566056640236, 48.276616756034485 ], [ 8.334989168970353, 48.276611076027564 ], [ 8.334647091411973, 48.276798480399982 ], [ 8.333762191508091, 48.277539823256149 ], [ 8.332146423567526, 48.277808902487912 ], [ 8.327183126239536, 48.276664094976091 ], [ 8.326558787886077, 48.277907939663962 ], [ 8.325433424492054, 48.279048978167701 ], [ 8.325212894073745, 48.280288885330854 ], [ 8.323865008459315, 48.281922617300651 ], [ 8.322669101497763, 48.282535820151097 ], [ 8.323622057513436, 48.284233999302387 ], [ 8.323786467869638, 48.284982871024489 ], [ 8.324075359757947, 48.285227123359967 ], [ 8.326465876619082, 48.28638023481512 ], [ 8.327221565287896, 48.286844305067333 ], [ 8.327250940038789, 48.287194272728193 ], [ 8.326956389661166, 48.28806604906638 ], [ 8.327743673572888, 48.289668666064472 ], [ 8.328401608684715, 48.29074483887333 ], [ 8.327933281005494, 48.291010027671916 ], [ 8.326814833826285, 48.291430744169894 ], [ 8.322937177287679, 48.291900465358424 ], [ 8.323871477967302, 48.293891735243406 ], [ 8.324159888683342, 48.295841416427493 ], [ 8.32438223703798, 48.296381990602825 ], [ 8.324473652248443, 48.296954363672583 ], [ 8.322758757888501, 48.298337250966391 ], [ 8.322811670799295, 48.299311644847137 ], [ 8.32449888761365, 48.299231869199801 ], [ 8.326573200880475, 48.299010117600645 ], [ 8.328344676026965, 48.299310623236615 ], [ 8.328939665938268, 48.299479457435687 ], [ 8.329459319247196, 48.29891461122709 ], [ 8.330176113473048, 48.298729495805318 ], [ 8.330456362510947, 48.299013896701993 ], [ 8.330619305150678, 48.298988844484093 ], [ 8.332718727535765, 48.300107019487903 ], [ 8.336297363654037, 48.301130328726281 ], [ 8.336176477048586, 48.301561836441195 ], [ 8.336372135844304, 48.302581401188419 ], [ 8.336228072192892, 48.303281778809804 ], [ 8.336580569800901, 48.304738501681321 ], [ 8.336420468311511, 48.3051153526851 ], [ 8.337305861696542, 48.30548464724005 ], [ 8.337885081623703, 48.305598103791453 ], [ 8.340539999624619, 48.305481914611065 ], [ 8.340673843105296, 48.305120741726874 ], [ 8.341200138261808, 48.304820116477764 ], [ 8.341285590880904, 48.30456158876251 ], [ 8.340971821191317, 48.303794345486921 ], [ 8.340951171779535, 48.303251001730743 ], [ 8.3407991556635, 48.302971410329562 ], [ 8.340937452889595, 48.30282924411582 ], [ 8.340925847422167, 48.302704212353234 ], [ 8.341128370877433, 48.302569431430605 ], [ 8.341114075623898, 48.302475243225011 ], [ 8.3416204750389, 48.302125559484836 ], [ 8.342046914049716, 48.301229491445618 ], [ 8.342922608225175, 48.300440262020402 ], [ 8.343708963216953, 48.299423347297164 ], [ 8.343843437394483, 48.299104638810128 ], [ 8.344635272751709, 48.298509788011359 ], [ 8.344578844225554, 48.29832539222587 ], [ 8.344944891224779, 48.297569228656762 ], [ 8.345308631260867, 48.297182458769491 ], [ 8.345638092802737, 48.296977047839839 ], [ 8.345714557246261, 48.296796557495973 ], [ 8.346293809983157, 48.296478756140829 ], [ 8.346495933140138, 48.296129300035211 ], [ 8.346706871661722, 48.296156049343367 ], [ 8.346813556213714, 48.295931465713068 ], [ 8.347247491967195, 48.295641803752467 ], [ 8.349707701666453, 48.297554692858888 ], [ 8.34984742037701, 48.298327496866172 ], [ 8.350070939226535, 48.298468750186601 ], [ 8.353278800449383, 48.297393994378702 ], [ 8.353634331364905, 48.297054295210359 ], [ 8.353937976349757, 48.297171789989108 ], [ 8.355454945720513, 48.297442917841728 ], [ 8.356934331209292, 48.297852096065647 ], [ 8.357288684635439, 48.298302746449707 ], [ 8.357696696608446, 48.299732545140493 ], [ 8.35773827050202, 48.30114797064445 ], [ 8.35783463064679, 48.301453229580261 ], [ 8.360279482908064, 48.302544578502548 ], [ 8.361264463634894, 48.302356532439525 ], [ 8.361530960017967, 48.300980245871308 ], [ 8.361260676352655, 48.300682211287572 ], [ 8.361244845964785, 48.300038044003855 ], [ 8.361503377144732, 48.299526573210983 ], [ 8.361120113099092, 48.299044286631592 ], [ 8.361213993879515, 48.298825466599851 ], [ 8.361010986610829, 48.29876675946209 ], [ 8.361100102582606, 48.298573193994365 ], [ 8.361075665247299, 48.297657275807339 ], [ 8.360916208769412, 48.297274926237201 ], [ 8.360991765353662, 48.297022446492463 ], [ 8.361330621036043, 48.296804627306848 ], [ 8.361963798511555, 48.296793477044666 ], [ 8.362470726361243, 48.296374519036853 ], [ 8.362589480553741, 48.296171310144146 ], [ 8.363000003338609, 48.295925003527145 ], [ 8.363615585866361, 48.295234849303888 ], [ 8.364145116309595, 48.2949911763328 ], [ 8.364784308712816, 48.294982382983548 ], [ 8.364895152358301, 48.29488331076665 ], [ 8.365354215985963, 48.294765557938568 ], [ 8.365636427191856, 48.29454642377182 ], [ 8.366706783900984, 48.294647058963356 ], [ 8.36713777905713, 48.294563512175117 ], [ 8.368714547785629, 48.294664215245248 ], [ 8.369013156740593, 48.294524604433498 ], [ 8.369323423692896, 48.294138904704873 ], [ 8.370010323231364, 48.293593865537311 ], [ 8.369565574709265, 48.29313097279254 ], [ 8.369274161909065, 48.292413410523899 ], [ 8.368603376773615, 48.29149898470142 ], [ 8.368570154449166, 48.291273972495986 ], [ 8.369069937869622, 48.290342668558615 ], [ 8.368761115988917, 48.289278362642293 ], [ 8.370573390734799, 48.288478494258918 ], [ 8.371534378105062, 48.287825544315616 ], [ 8.372211540777705, 48.287065144970718 ], [ 8.372324376251507, 48.286503910886239 ], [ 8.372205004841375, 48.285585585859486 ], [ 8.370501497461801, 48.285443211104607 ], [ 8.369445412737457, 48.285161853437202 ], [ 8.368827677926495, 48.28512400697867 ], [ 8.366418480808568, 48.285365458547901 ], [ 8.363737142348542, 48.28529910320993 ], [ 8.362366061748386, 48.286057766850874 ], [ 8.362044660424864, 48.28616826443929 ], [ 8.36148409689563, 48.286117920224569 ], [ 8.36039243040049, 48.285784910110259 ], [ 8.359826758890595, 48.285291616849477 ], [ 8.359291355838293, 48.284523906959848 ], [ 8.358559562045556, 48.283735126306155 ], [ 8.357354972361366, 48.283619629758547 ], [ 8.356525428143913, 48.283683906636249 ], [ 8.355647963964705, 48.283656861373757 ], [ 8.355197105133412, 48.283460902986747 ], [ 8.354539599866742, 48.283447318009138 ], [ 8.354101215640213, 48.283246027243003 ], [ 8.353564109061439, 48.283273418533334 ], [ 8.352136541511669, 48.282617974818166 ], [ 8.350213430348321, 48.283180311308115 ], [ 8.349777473526922, 48.283235336786959 ], [ 8.346881760407125, 48.28253813916988 ], [ 8.346453547791519, 48.282535706423133 ], [ 8.346033107476774, 48.282895887675757 ], [ 8.345361942453543, 48.282538494427797 ], [ 8.343819056057109, 48.282003567717993 ], [ 8.343808139912523, 48.281550875883234 ] ] ] ] } },
{ "type": "Feature", "properties": { "Gemarkung": "Schramberg", "Schluessel": "085850", "Ebene": "Gemarkung" }, "geometry": { "type": "Polygon", "coordinates": [ [ [ 8.449224509620295, 48.194192339426657 ], [ 8.448938859437462, 48.197088610234182 ], [ 8.448762096412885, 48.197120421622422 ], [ 8.447182123901076, 48.1986446507536 ], [ 8.439319052078917, 48.200619721557764 ], [ 8.436370576706102, 48.201978683432159 ], [ 8.435614497275139, 48.202406646210193 ], [ 8.434406638966323, 48.203454698920105 ], [ 8.432922365434427, 48.204239295556363 ], [ 8.43224273901737, 48.204466262201592 ], [ 8.430772250519889, 48.205167227782532 ], [ 8.429868146725868, 48.205693385652204 ], [ 8.427369387661759, 48.206687091407545 ], [ 8.425544327138107, 48.208006020505771 ], [ 8.424634266561565, 48.207756933533084 ], [ 8.420907888682848, 48.207078300355697 ], [ 8.418505273560934, 48.206239896508976 ], [ 8.416644219124102, 48.205779182954373 ], [ 8.416032856212828, 48.203687085039803 ], [ 8.412659473647695, 48.202469351181463 ], [ 8.408938700593636, 48.200964439935376 ], [ 8.406887773256029, 48.200677581557066 ], [ 8.405643236220399, 48.200637685449173 ], [ 8.402890479243551, 48.200874614826624 ], [ 8.40291664139397, 48.200962650666412 ], [ 8.401683915240568, 48.201110089022151 ], [ 8.400167817645196, 48.201113704625797 ], [ 8.399172809634967, 48.201060465139648 ], [ 8.397880644127682, 48.200858381370118 ], [ 8.396081157629844, 48.200401435256545 ], [ 8.395320311167806, 48.200773327459117 ], [ 8.394742860622996, 48.20059916717323 ], [ 8.393967314118697, 48.200230975769351 ], [ 8.394706488212526, 48.1998025676384 ], [ 8.39329425644314, 48.199036772152624 ], [ 8.392325926498705, 48.198119998752425 ], [ 8.39210153112804, 48.19664646439395 ], [ 8.39160694342136, 48.195843300776168 ], [ 8.39137362391515, 48.194932655495755 ], [ 8.391400466201299, 48.194597751680817 ], [ 8.39181620317235, 48.194023428118747 ], [ 8.389807633923537, 48.193362305674988 ], [ 8.386995058088658, 48.192673021625531 ], [ 8.384346977791214, 48.19227650043652 ], [ 8.384089142240851, 48.19245802714471 ], [ 8.38394306922936, 48.192812443681831 ], [ 8.384564367367046, 48.194168911283576 ], [ 8.384544286895501, 48.1943287693515 ], [ 8.384182496425543, 48.19461653328262 ], [ 8.383974188771182, 48.194650415312189 ], [ 8.383106344940147, 48.194496772258425 ], [ 8.382712048391191, 48.194577247601636 ], [ 8.382290851905411, 48.19498119692458 ], [ 8.382685291144064, 48.195673290816195 ], [ 8.383179402335131, 48.195943871826543 ], [ 8.383421679919985, 48.196286875153319 ], [ 8.383565775823612, 48.196726608390314 ], [ 8.383429453401979, 48.197321294461624 ], [ 8.382497070271107, 48.198503255425621 ], [ 8.383169513905587, 48.19895365308259 ], [ 8.383300426170894, 48.199393405674982 ], [ 8.383131339573355, 48.199566409174196 ], [ 8.38235485312353, 48.199978707934228 ], [ 8.382186319072938, 48.20054181987247 ], [ 8.38240865665432, 48.201313331558993 ], [ 8.382897603204313, 48.201995855018446 ], [ 8.383361346502673, 48.202155429735043 ], [ 8.384105267063687, 48.201913351640904 ], [ 8.384325650769593, 48.201907424531804 ], [ 8.384556180312556, 48.201987022120321 ], [ 8.384829003583214, 48.202243635172671 ], [ 8.384814708994947, 48.202616931109134 ], [ 8.384187391947171, 48.203247046028764 ], [ 8.383295180361563, 48.20359764185946 ], [ 8.382489035788639, 48.203729078166951 ], [ 8.381930763116346, 48.204255007285283 ], [ 8.381539284040157, 48.204497528291647 ], [ 8.380437369710412, 48.204745218396468 ], [ 8.379541502150623, 48.205182495690536 ], [ 8.379429684926547, 48.205414102730607 ], [ 8.379789750962217, 48.206180694161553 ], [ 8.379714248622466, 48.20687134028551 ], [ 8.379274362857918, 48.207252144878346 ], [ 8.37881840385826, 48.207425571905759 ], [ 8.378397057370668, 48.207774984071655 ], [ 8.378227212554384, 48.208429491120192 ], [ 8.378985066218673, 48.208970523386007 ], [ 8.379762528939045, 48.209315793516986 ], [ 8.378637383236487, 48.209683179867582 ], [ 8.377310931074243, 48.210355000286924 ], [ 8.376587835413353, 48.210875871566067 ], [ 8.375778453748751, 48.211750118407707 ], [ 8.376423061626863, 48.212207510796091 ], [ 8.377518791772689, 48.212684796980035 ], [ 8.378025637600889, 48.212815386246852 ], [ 8.378632921175237, 48.21286689349418 ], [ 8.379522870646944, 48.213198647707593 ], [ 8.38017049844137, 48.214179655315206 ], [ 8.37966130491629, 48.213985544711292 ], [ 8.37937802134496, 48.213967731428532 ], [ 8.378575671351207, 48.214138387250053 ], [ 8.378063841559536, 48.214129141796867 ], [ 8.376891431225511, 48.213777941949473 ], [ 8.376205986508081, 48.213655105807447 ], [ 8.37574274137212, 48.215053590084239 ], [ 8.375715533515477, 48.215973915939159 ], [ 8.376493093887657, 48.216129553422327 ], [ 8.376944157885488, 48.216311127176375 ], [ 8.37606022070981, 48.216390004649178 ], [ 8.374753444853335, 48.216932436319745 ], [ 8.373972243769263, 48.217085900947446 ], [ 8.373454069057823, 48.217274352433229 ], [ 8.373090575942813, 48.217572867562112 ], [ 8.373277048360032, 48.219325131432875 ], [ 8.373285530626264, 48.219865531573518 ], [ 8.373150423472849, 48.220345679356484 ], [ 8.373321141851283, 48.221459256582428 ], [ 8.37295818962304, 48.222890483428117 ], [ 8.372125321369959, 48.222824129379887 ], [ 8.371734364323574, 48.222711511761794 ], [ 8.370567099600754, 48.221851321696676 ], [ 8.370419788063485, 48.221380876995916 ], [ 8.369930121056974, 48.220997085877819 ], [ 8.369582477647192, 48.220965850286262 ], [ 8.369143558781003, 48.220715038318644 ], [ 8.368597664421776, 48.220667956834852 ], [ 8.368224971240327, 48.220768923970589 ], [ 8.36761537870396, 48.220734173408168 ], [ 8.367255042679025, 48.220880999593902 ], [ 8.364943040549853, 48.220942296692975 ], [ 8.363404099595998, 48.220503913893964 ], [ 8.36209033740492, 48.22038659993747 ], [ 8.361363144497357, 48.221137222976274 ], [ 8.364513250467303, 48.223610471417693 ], [ 8.363612222007642, 48.224176610625392 ], [ 8.363582902631236, 48.224467228013651 ], [ 8.364479763404779, 48.224151179737625 ], [ 8.364665549531923, 48.224544381221982 ], [ 8.363573016701196, 48.224841084267105 ], [ 8.363004519035789, 48.227003038417315 ], [ 8.364228603676041, 48.2283192212331 ], [ 8.363418670598795, 48.228937954235995 ], [ 8.362247726246341, 48.230270292006558 ], [ 8.361600290559556, 48.230346231427703 ], [ 8.360808629196827, 48.230336074999421 ], [ 8.360612928976211, 48.230415149125655 ], [ 8.362205472704607, 48.231817521985704 ], [ 8.361103744172469, 48.232244335284634 ], [ 8.360283897871671, 48.232678014883767 ], [ 8.35931886267683, 48.233468145898563 ], [ 8.358441681815469, 48.234887371069263 ], [ 8.359110819472715, 48.23596856912237 ], [ 8.357515696039728, 48.236952292392957 ], [ 8.355976781607833, 48.238882239788424 ], [ 8.354148839864401, 48.240374374566962 ], [ 8.353721095330393, 48.241047006438443 ], [ 8.35395351619802, 48.242066848369767 ], [ 8.353962446673787, 48.243101088698609 ], [ 8.354458085804776, 48.243103062728636 ], [ 8.355677179651357, 48.243563972584504 ], [ 8.356514721290306, 48.243776850386141 ], [ 8.358889473256758, 48.243703116275007 ], [ 8.361451156368728, 48.244388087433279 ], [ 8.363243486035577, 48.244761230540554 ], [ 8.363880405010693, 48.244993906080431 ], [ 8.366058778829519, 48.24545721957665 ], [ 8.367486816526682, 48.244661754113217 ], [ 8.368720432083395, 48.244283467811279 ], [ 8.369312028773505, 48.244654416117228 ], [ 8.369844420936513, 48.244878477999372 ], [ 8.372602795350501, 48.245665582771807 ], [ 8.372696893443228, 48.24559304166246 ], [ 8.373400139747179, 48.245472629513479 ], [ 8.375816484496696, 48.245317080898268 ], [ 8.376117318686294, 48.245755511168362 ], [ 8.376493143116532, 48.245798485446329 ], [ 8.377218528822716, 48.245551494211419 ], [ 8.377424137206049, 48.245302404973955 ], [ 8.377579774980109, 48.245263931291674 ], [ 8.377465398222657, 48.245043518780477 ], [ 8.378411926455918, 48.244675269808717 ], [ 8.378869828923671, 48.244591374422733 ], [ 8.379910073805171, 48.243644671230498 ], [ 8.381048107176211, 48.24314104068425 ], [ 8.381170655304741, 48.242740800055536 ], [ 8.38104623175678, 48.242280570508328 ], [ 8.381678663631673, 48.242085052524423 ], [ 8.382115627854615, 48.242786727770827 ], [ 8.383108075636745, 48.243062682327526 ], [ 8.386988861259692, 48.24382369956399 ], [ 8.389293785414967, 48.244124494171565 ], [ 8.390983226733111, 48.244137863369993 ], [ 8.392496149083007, 48.244452929599809 ], [ 8.394304171064963, 48.24503349858464 ], [ 8.394681127544446, 48.244467691935029 ], [ 8.394820453354608, 48.243766850235005 ], [ 8.395244268697917, 48.242778165879876 ], [ 8.395696956685422, 48.243213204980101 ], [ 8.396213379155796, 48.243532337523803 ], [ 8.397572484513892, 48.244020438443243 ], [ 8.399106702451297, 48.244797427906697 ], [ 8.399685476756614, 48.245247414950313 ], [ 8.400653163360156, 48.246455792505024 ], [ 8.400758696041496, 48.246427372669913 ], [ 8.401260571201085, 48.245240152986113 ], [ 8.402669861839877, 48.245579196889672 ], [ 8.405973533066, 48.244991003367907 ], [ 8.406796217317771, 48.244749816361747 ], [ 8.40752721357352, 48.245950706832176 ], [ 8.408832051385186, 48.245622379998807 ], [ 8.408770198293386, 48.24543771642427 ], [ 8.409739602616302, 48.245520699631776 ], [ 8.410569854699755, 48.245358606856335 ], [ 8.410653243853709, 48.245545179214716 ], [ 8.411170199325843, 48.245440765145908 ], [ 8.411809221119944, 48.245227751430363 ], [ 8.411406617995414, 48.244311610731145 ], [ 8.412904807610499, 48.244289400609723 ], [ 8.413996313560503, 48.243940582451415 ], [ 8.414380783965568, 48.244572860945702 ], [ 8.414922810383617, 48.246484842535907 ], [ 8.415904280159227, 48.248586458368095 ], [ 8.416462324415987, 48.246908680223363 ], [ 8.420407717307288, 48.247147348637647 ], [ 8.421169555542997, 48.246613264585058 ], [ 8.421196821808609, 48.246894733353464 ], [ 8.42178631467149, 48.247333236713253 ], [ 8.423143742465236, 48.247414098782073 ], [ 8.423648846571783, 48.247776415673066 ], [ 8.424967261441708, 48.247805958539224 ], [ 8.426840679104206, 48.247483868286835 ], [ 8.429379067997925, 48.247672831525506 ], [ 8.43012450389182, 48.24751620458165 ], [ 8.430350080869083, 48.248090781384789 ], [ 8.433505583907699, 48.248305111216879 ], [ 8.432900110129458, 48.249752777900483 ], [ 8.432493792637437, 48.249719554205818 ], [ 8.432950747493623, 48.250850552486824 ], [ 8.432794844908331, 48.250878663415655 ], [ 8.433100358638342, 48.251635364914868 ], [ 8.433411912642685, 48.251651025540177 ], [ 8.434098214700747, 48.252523589901521 ], [ 8.434215769114525, 48.253041216703004 ], [ 8.434047921682081, 48.254932425502524 ], [ 8.434743075162388, 48.2550069198345 ], [ 8.438233039353944, 48.255094647963674 ], [ 8.437012139603548, 48.257724658840957 ], [ 8.436376776484163, 48.260272147281526 ], [ 8.437286272701103, 48.26029423534132 ], [ 8.437178756159705, 48.260760374525383 ], [ 8.438840385549584, 48.26089148195873 ], [ 8.439319315359439, 48.262240192898375 ], [ 8.439622987795607, 48.264215665774351 ], [ 8.441665782550604, 48.264781336033366 ], [ 8.442608129688084, 48.265197692008904 ], [ 8.443671755426726, 48.264522503282464 ], [ 8.445524650551146, 48.263564654371187 ], [ 8.447720620464965, 48.26176038331235 ], [ 8.4478192480417, 48.261773092636425 ], [ 8.448515443526464, 48.260696454965903 ], [ 8.449389430843759, 48.259685171608176 ], [ 8.453801544125875, 48.258158579591701 ], [ 8.450608773591917, 48.256177382570861 ], [ 8.451029697707705, 48.255141518415897 ], [ 8.448471469000904, 48.254513353406715 ], [ 8.444427668227691, 48.253917819255939 ], [ 8.44427064135413, 48.252955388659181 ], [ 8.444614718687788, 48.252817600090033 ], [ 8.444595993615856, 48.251809953793007 ], [ 8.443669480237643, 48.251594319040684 ], [ 8.445877901229792, 48.249057167394021 ], [ 8.446229622772632, 48.247123010903834 ], [ 8.446364398259346, 48.245006971685768 ], [ 8.44676333195221, 48.24357398424813 ], [ 8.449276162299194, 48.241929276956974 ], [ 8.44949535049969, 48.241183947606935 ], [ 8.449061752563384, 48.239381869908534 ], [ 8.449663174657527, 48.237228113100926 ], [ 8.450032406765454, 48.236466136273684 ], [ 8.450227943501284, 48.235637380774449 ], [ 8.450765085591611, 48.234523347134655 ], [ 8.451747523175346, 48.233033026774848 ], [ 8.453404643383111, 48.231382523939843 ], [ 8.452622094796151, 48.230502236069668 ], [ 8.452190784617549, 48.229757940034261 ], [ 8.451312480465042, 48.22924875753246 ], [ 8.450066231945209, 48.228370826473871 ], [ 8.449912377173712, 48.227687407629098 ], [ 8.449139856451659, 48.22707543021567 ], [ 8.448519307109461, 48.226181134799013 ], [ 8.447099606639764, 48.225129778746734 ], [ 8.44623103428485, 48.22375537362349 ], [ 8.44596873017503, 48.223894911138558 ], [ 8.44591130446015, 48.223826438038586 ], [ 8.445744931564789, 48.223884835603883 ], [ 8.445246086647602, 48.222962948327954 ], [ 8.443935230902396, 48.222430118223727 ], [ 8.442815047669191, 48.221698646380311 ], [ 8.443209174253656, 48.220986382915399 ], [ 8.442682769890684, 48.220402453564645 ], [ 8.442914289782816, 48.219649816306692 ], [ 8.441526639613377, 48.219070252217193 ], [ 8.440691972098158, 48.218486974965984 ], [ 8.440273559878287, 48.217362486474762 ], [ 8.440077727416806, 48.216481816652987 ], [ 8.440541193988457, 48.216052491845112 ], [ 8.440794869167869, 48.215639868806974 ], [ 8.440265584399308, 48.215018936513317 ], [ 8.441483905642706, 48.212923995883251 ], [ 8.443583075243055, 48.211156746801962 ], [ 8.443724120032082, 48.210288958328853 ], [ 8.44480877874426, 48.209540710718194 ], [ 8.445566980933753, 48.209180624839277 ], [ 8.445494786204673, 48.208536728021201 ], [ 8.445627047042432, 48.207980277435915 ], [ 8.444000428563362, 48.207830181180505 ], [ 8.443419735528828, 48.207634657604927 ], [ 8.443064984541198, 48.207270094320506 ], [ 8.44399747300759, 48.206872176139314 ], [ 8.444542229151446, 48.206818128904096 ], [ 8.446781103204991, 48.206755059643001 ], [ 8.449006995887196, 48.20702333065131 ], [ 8.450187286894945, 48.206279988760627 ], [ 8.45206522027477, 48.206639204115284 ], [ 8.453349339603886, 48.20675822834427 ], [ 8.453585594756253, 48.205451201022136 ], [ 8.455030057507932, 48.205106907933022 ], [ 8.457852888639556, 48.20519177981857 ], [ 8.458677054108152, 48.205288151653072 ], [ 8.459598065780868, 48.205467294558836 ], [ 8.460834527907393, 48.205855558537763 ], [ 8.461562968952913, 48.206213000771179 ], [ 8.462320627384978, 48.206467560431975 ], [ 8.464960325353065, 48.204992237100804 ], [ 8.466612816524792, 48.203775436536802 ], [ 8.468805253151919, 48.202343562822932 ], [ 8.469044222678944, 48.202270442222598 ], [ 8.469985855845822, 48.20227532707986 ], [ 8.470317280607986, 48.202032678379254 ], [ 8.470665950617597, 48.202023038171056 ], [ 8.470860275126189, 48.201763022300703 ], [ 8.470840219441756, 48.201645700222606 ], [ 8.471035657439762, 48.201486454587581 ], [ 8.471275544006424, 48.201441223993079 ], [ 8.471281236993592, 48.201149570262054 ], [ 8.471411761064939, 48.201007569398406 ], [ 8.471727180151733, 48.200828001332667 ], [ 8.471904863646518, 48.200575554559208 ], [ 8.472653779851825, 48.199961084282954 ], [ 8.473177315790952, 48.199708961887367 ], [ 8.472441267821292, 48.19949056027319 ], [ 8.471967972693482, 48.199502602490483 ], [ 8.469936493223434, 48.200263569670675 ], [ 8.467692255769467, 48.200043122199467 ], [ 8.466615254224827, 48.200066470633949 ], [ 8.464204464168532, 48.199855888509795 ], [ 8.461455248395236, 48.199168723668883 ], [ 8.457844994758439, 48.198504426294384 ], [ 8.456377835238348, 48.197782512626652 ], [ 8.451772488313404, 48.197494064126047 ], [ 8.450186828099776, 48.196853108134356 ], [ 8.45022362917941, 48.196532723752377 ], [ 8.450575819353757, 48.196303996271695 ], [ 8.451337302819026, 48.19604294355242 ], [ 8.451950780829913, 48.195993957557398 ], [ 8.451951430395203, 48.195933051476793 ], [ 8.451395342736681, 48.195673536911414 ], [ 8.450755804023228, 48.194182571543685 ], [ 8.449224509620295, 48.194192339426657 ] ] ] } },
{ "type": "Feature", "properties": { "Gemarkung": "Schura", "Schluessel": "086301", "Ebene": "Gemarkung" }, "geometry": { "type": "Polygon", "coordinates": [ [ [ 8.637890037683054, 48.041624993973258 ], [ 8.631842645723458, 48.044005492147093 ], [ 8.63260047620312, 48.04456673016265 ], [ 8.632820483489155, 48.045024757905828 ], [ 8.6335581566083, 48.04570747635924 ], [ 8.634022303305485, 48.046441232498346 ], [ 8.633298895428831, 48.047205661600067 ], [ 8.633453795101488, 48.047386728318244 ], [ 8.634203480673587, 48.047970692146123 ], [ 8.63469333171637, 48.048128710761155 ], [ 8.634617971496278, 48.048178585149344 ], [ 8.636578161706861, 48.048913119732234 ], [ 8.63596921667834, 48.050305926822489 ], [ 8.635751021520063, 48.050478160082946 ], [ 8.633890272985168, 48.051344697367959 ], [ 8.631430990019036, 48.052245364469329 ], [ 8.630675788682822, 48.052728784160323 ], [ 8.629456519799753, 48.054129849229291 ], [ 8.630481582392282, 48.054570860410841 ], [ 8.630634093651564, 48.055275195530967 ], [ 8.632765794630657, 48.058021021057371 ], [ 8.632641163157102, 48.05801441464299 ], [ 8.629527520421123, 48.059478594737627 ], [ 8.629536530855617, 48.059550870610444 ], [ 8.631485994176582, 48.060259004300043 ], [ 8.632222706887973, 48.061198683796341 ], [ 8.633369033132714, 48.060216893661419 ], [ 8.634409145861135, 48.060733942851527 ], [ 8.634870137647601, 48.060852641057544 ], [ 8.63841753614912, 48.061450470679809 ], [ 8.639253186152519, 48.061524354444188 ], [ 8.640684027650209, 48.061838428342142 ], [ 8.640825688753052, 48.061617272461987 ], [ 8.641398574338924, 48.061784068807434 ], [ 8.643522245511432, 48.062159738405839 ], [ 8.644488220416369, 48.0615932142886 ], [ 8.644942584897253, 48.060943048577577 ], [ 8.645131750629874, 48.061286242886148 ], [ 8.645475537507773, 48.061570623097325 ], [ 8.646564098731321, 48.062109934376394 ], [ 8.647997045123891, 48.062557260735652 ], [ 8.649105747063643, 48.063102367661735 ], [ 8.649848085704051, 48.063028246823663 ], [ 8.65108385007075, 48.062591417746653 ], [ 8.651977201201007, 48.062174861887506 ], [ 8.652200926089433, 48.061978052801976 ], [ 8.652794503762639, 48.061768325987977 ], [ 8.653456338152687, 48.061786698720326 ], [ 8.653776368571096, 48.061718115845011 ], [ 8.654753205420066, 48.061877604775979 ], [ 8.655324893687665, 48.061848910888614 ], [ 8.655939298630402, 48.061673779198536 ], [ 8.65658921945608, 48.061868981336744 ], [ 8.657386987167756, 48.061588673774025 ], [ 8.658904507958002, 48.061476496199475 ], [ 8.659076178433306, 48.061414295850931 ], [ 8.659616384651182, 48.060907290918919 ], [ 8.661002410888193, 48.060274843086766 ], [ 8.663494610641003, 48.060048513971779 ], [ 8.664286284395255, 48.060076111656763 ], [ 8.665446219385471, 48.060334472914555 ], [ 8.666491525714777, 48.060180602165744 ], [ 8.667626476904173, 48.059860354799234 ], [ 8.667898603290208, 48.059848095846675 ], [ 8.669112263625646, 48.059431972132892 ], [ 8.668500572543284, 48.059111891230231 ], [ 8.668772566006083, 48.058847710735947 ], [ 8.668937299269894, 48.058357123186809 ], [ 8.669272222705224, 48.058135949032781 ], [ 8.669275868730224, 48.057671438637286 ], [ 8.668844315629462, 48.057453725133755 ], [ 8.667634926317506, 48.056253976919074 ], [ 8.669039643129507, 48.055518108949435 ], [ 8.668015732266388, 48.053820907942296 ], [ 8.660758201762141, 48.051174798895055 ], [ 8.658640993657848, 48.050276643261178 ], [ 8.657474259354005, 48.049362751805916 ], [ 8.656511440084238, 48.048219221620521 ], [ 8.655210363696963, 48.047000532182075 ], [ 8.655401483148964, 48.046973034506983 ], [ 8.654116306823036, 48.046374102520794 ], [ 8.649549427282263, 48.045884765030273 ], [ 8.645410910217624, 48.044771087950785 ], [ 8.638096989008364, 48.040944652428479 ], [ 8.637890037683054, 48.041624993973258 ] ] ] } },
{ "type": "Feature", "properties": { "Gemarkung": "Schwenningen", "Schluessel": "086066", "Ebene": "Gemarkung" }, "geometry": { "type": "Polygon", "coordinates": [ [ [ 8.535242779632243, 48.042074544108928 ], [ 8.534348607735216, 48.040298124413603 ], [ 8.533387998458817, 48.039839150947792 ], [ 8.52568747129353, 48.03751568216979 ], [ 8.524221630612319, 48.03951976651954 ], [ 8.521447339468139, 48.042794635249855 ], [ 8.517916290109309, 48.043300088725466 ], [ 8.51783239493947, 48.044109390372768 ], [ 8.515670488092859, 48.043995480390556 ], [ 8.515395499117414, 48.044818549861702 ], [ 8.513750733633332, 48.044541056341664 ], [ 8.510751240082513, 48.043840040599285 ], [ 8.509561136807225, 48.044844627001623 ], [ 8.508787180233407, 48.045752552057237 ], [ 8.504568731392327, 48.045931296784801 ], [ 8.503793562092874, 48.046465711218737 ], [ 8.502573249948606, 48.048218207286432 ], [ 8.501060845578769, 48.049931004062941 ], [ 8.499727597589507, 48.052172512985976 ], [ 8.499222812285847, 48.052236982792977 ], [ 8.498929822224307, 48.055796682844523 ], [ 8.499962528261365, 48.059286761063824 ], [ 8.501190083714237, 48.060252630291906 ], [ 8.500734840047892, 48.062070142057181 ], [ 8.500750457442097, 48.062370533961925 ], [ 8.500991051824773, 48.062529478649545 ], [ 8.501285358500427, 48.062560986773804 ], [ 8.500821003619482, 48.063722568388862 ], [ 8.503695458061793, 48.063992967766026 ], [ 8.503613568399436, 48.064804064416897 ], [ 8.502903957960282, 48.066500822467432 ], [ 8.502619602726993, 48.068596459964368 ], [ 8.501416700902672, 48.072879090316064 ], [ 8.503798489813684, 48.074038510958474 ], [ 8.503569705999034, 48.074152595757418 ], [ 8.503654880345051, 48.074495303591853 ], [ 8.50390574895442, 48.074430168264861 ], [ 8.504166407603027, 48.074519734884262 ], [ 8.504539944993834, 48.076108345378451 ], [ 8.506582887622042, 48.077021794686402 ], [ 8.508673055879314, 48.07904619122759 ], [ 8.510207620286666, 48.080041703406387 ], [ 8.510239555663489, 48.080142786943284 ], [ 8.51191783664061, 48.080486689095864 ], [ 8.516498032107878, 48.080087057760899 ], [ 8.517145938003154, 48.080394333794366 ], [ 8.5232347747015, 48.080028114636512 ], [ 8.524318306777248, 48.080142819589874 ], [ 8.52430533651491, 48.08026809541564 ], [ 8.525584755479043, 48.080530341765801 ], [ 8.525318416004637, 48.080802843444182 ], [ 8.52567129637989, 48.08113575351738 ], [ 8.527460564398067, 48.081808010490008 ], [ 8.528999567154854, 48.083969131824503 ], [ 8.529283915469676, 48.0846216860621 ], [ 8.532465864196091, 48.084947954933348 ], [ 8.538871552320119, 48.083777856395535 ], [ 8.540473410893378, 48.083254075069796 ], [ 8.544518200737112, 48.081693079501065 ], [ 8.550311973078513, 48.080683752886976 ], [ 8.555828849511585, 48.081275265812636 ], [ 8.559660480179094, 48.08150765223904 ], [ 8.563084600867183, 48.080032064440566 ], [ 8.567063007475145, 48.078910250313314 ], [ 8.571904168167432, 48.077782788635403 ], [ 8.572877951014977, 48.075170687411983 ], [ 8.572942095021455, 48.074541399020802 ], [ 8.575422213229038, 48.07346688943062 ], [ 8.576438941176768, 48.072460267572957 ], [ 8.576551831337055, 48.072166928350121 ], [ 8.576464776909205, 48.07147131159747 ], [ 8.576765634012665, 48.069897207527227 ], [ 8.578109407397283, 48.068330894961633 ], [ 8.579796069801514, 48.068626332388611 ], [ 8.578961963487995, 48.06750367918972 ], [ 8.57813376900306, 48.066614696301414 ], [ 8.576275759098605, 48.06514331011708 ], [ 8.574065009168043, 48.063913058589428 ], [ 8.568801419796273, 48.061395916907884 ], [ 8.568723144200286, 48.061479566235619 ], [ 8.568655867152607, 48.061371258312633 ], [ 8.567844936397679, 48.060970088701879 ], [ 8.566580115337716, 48.060439982827745 ], [ 8.561768647775756, 48.058041544014571 ], [ 8.56111291881632, 48.057787931434156 ], [ 8.560092906311327, 48.057540748461669 ], [ 8.560143684801877, 48.057219925446603 ], [ 8.559835191576104, 48.056569151583197 ], [ 8.559125615168396, 48.055693799733213 ], [ 8.562402397082218, 48.055093172040273 ], [ 8.562304162670408, 48.053747277185352 ], [ 8.563285195482138, 48.053073796161684 ], [ 8.56129863759246, 48.052087610165557 ], [ 8.559938079904216, 48.051581986624868 ], [ 8.55781248169589, 48.050204911621989 ], [ 8.554937877181459, 48.049291939409052 ], [ 8.55280994835168, 48.048504794564764 ], [ 8.551953685960182, 48.048092088785474 ], [ 8.548795230781383, 48.045782758063247 ], [ 8.54771949983464, 48.045159614861007 ], [ 8.545738316135552, 48.044698612555472 ], [ 8.544336923428501, 48.043842023046565 ], [ 8.543712247070989, 48.043687672029925 ], [ 8.542937818965376, 48.043096000352257 ], [ 8.542545569785423, 48.042680120498417 ], [ 8.542292728066233, 48.042173113758565 ], [ 8.541671875233757, 48.04157556712488 ], [ 8.541297424962133, 48.041862341497321 ], [ 8.539868298813564, 48.042630291899449 ], [ 8.53800571315606, 48.043118740273322 ], [ 8.5354758696137, 48.042860578193547 ], [ 8.535242779632243, 48.042074544108928 ] ] ] } },
{ "type": "Feature", "properties": { "Gemarkung": "Schömberg", "Schluessel": "084512", "Ebene": "Gemarkung" }, "geometry": { "type": "Polygon", "coordinates": [ [ [ 8.387466764154373, 48.377055001120077 ], [ 8.386436229112109, 48.377685393165528 ], [ 8.386317573241472, 48.378321723308815 ], [ 8.387521802511445, 48.378636096013111 ], [ 8.388317906097353, 48.378974826995574 ], [ 8.39141738696731, 48.381640237693823 ], [ 8.394042780356527, 48.382945923761376 ], [ 8.393704738594565, 48.383206394971765 ], [ 8.391902245822632, 48.384020704516637 ], [ 8.389934800993286, 48.385059387107312 ], [ 8.388601263256644, 48.385615048031951 ], [ 8.388331952181188, 48.38590708695375 ], [ 8.387788648439187, 48.385889712589133 ], [ 8.387054711511077, 48.386056740949087 ], [ 8.386783322604423, 48.386250971690828 ], [ 8.386947982277109, 48.386576178064921 ], [ 8.386411874356025, 48.386881005202518 ], [ 8.385969710841087, 48.387280526061417 ], [ 8.38556486335432, 48.387440843954685 ], [ 8.385054706862745, 48.387810039327839 ], [ 8.384579268851015, 48.388223051832213 ], [ 8.38440863835193, 48.38850571298768 ], [ 8.382855768386845, 48.38854363647544 ], [ 8.38111144106589, 48.388418929660162 ], [ 8.381041758132692, 48.387905296595896 ], [ 8.380762357669198, 48.387621568565116 ], [ 8.380167917043259, 48.387364752315946 ], [ 8.379442742272577, 48.387240558104871 ], [ 8.378173842045378, 48.387288316556599 ], [ 8.377765625600025, 48.38752353083175 ], [ 8.376860036805052, 48.388436196765255 ], [ 8.376484984624481, 48.389062400035613 ], [ 8.374629867005481, 48.390196523687436 ], [ 8.374627851152596, 48.390636628155924 ], [ 8.374428145428217, 48.391203320114975 ], [ 8.373534254575292, 48.392671385190056 ], [ 8.373259598971183, 48.393663477383484 ], [ 8.373476393974469, 48.39464448114451 ], [ 8.373360322244528, 48.395526868143953 ], [ 8.373793605255614, 48.396844624023387 ], [ 8.373766223345436, 48.397754753541165 ], [ 8.373572784183674, 48.398171053917942 ], [ 8.373347975705702, 48.398490199493686 ], [ 8.372472367017027, 48.399139841545313 ], [ 8.371517394022952, 48.399320769205978 ], [ 8.371215984578781, 48.399473774340912 ], [ 8.369157065921662, 48.401577699561791 ], [ 8.368141973505216, 48.40251722432879 ], [ 8.367741581086872, 48.40276162212632 ], [ 8.367965579586814, 48.403308317731401 ], [ 8.369565085612548, 48.403786986229726 ], [ 8.370785043517268, 48.404498638983391 ], [ 8.371389667251828, 48.404610263093147 ], [ 8.372076749549572, 48.404554457236024 ], [ 8.372344923182862, 48.404710932116025 ], [ 8.372216583649287, 48.404753055827726 ], [ 8.372569747848965, 48.405239089990168 ], [ 8.37288992732991, 48.405122440082664 ], [ 8.372817365613324, 48.405331485731324 ], [ 8.3732356586873, 48.405290401386353 ], [ 8.37349646927713, 48.405474902876556 ], [ 8.373980073193271, 48.405429943018682 ], [ 8.375344306616759, 48.405810536962854 ], [ 8.375270663101588, 48.405932131186212 ], [ 8.3761436788285, 48.406451294220844 ], [ 8.377397492455923, 48.407468404825742 ], [ 8.378388969937989, 48.409037285916078 ], [ 8.378406910905392, 48.409716176735536 ], [ 8.378209372470037, 48.411432291185804 ], [ 8.377920287517282, 48.41149019617 ], [ 8.377784359963901, 48.412064613973918 ], [ 8.377835506471358, 48.412247611518296 ], [ 8.378843562435444, 48.412719261673743 ], [ 8.37926584740231, 48.412776689716864 ], [ 8.380578592793793, 48.414100056503443 ], [ 8.380649008999161, 48.414867215536951 ], [ 8.380448449355088, 48.41699212119957 ], [ 8.380606022029669, 48.417972158657356 ], [ 8.380906525805957, 48.418145340864513 ], [ 8.381144299409179, 48.418030743820673 ], [ 8.381310723620889, 48.41837179989394 ], [ 8.381981101531453, 48.418950284572716 ], [ 8.382185037539713, 48.419341741755147 ], [ 8.382871040431153, 48.41954685662288 ], [ 8.383163685876204, 48.420069328248488 ], [ 8.383868668354756, 48.420315563308066 ], [ 8.383440311273201, 48.421302263652827 ], [ 8.382867910984451, 48.421971510022267 ], [ 8.381160739390738, 48.422800463306899 ], [ 8.381684043926318, 48.421690668789779 ], [ 8.381330707863798, 48.421068724861875 ], [ 8.379772271328591, 48.420093741837583 ], [ 8.379421311266292, 48.420400882393317 ], [ 8.378794686232856, 48.419992744650607 ], [ 8.377420387231208, 48.419351867197868 ], [ 8.377952691356745, 48.418892861092203 ], [ 8.377935135776555, 48.415956098218899 ], [ 8.377728971626453, 48.414876111626661 ], [ 8.37719029910607, 48.414454585520211 ], [ 8.375401961344082, 48.414541785216741 ], [ 8.374609434327091, 48.413994535706045 ], [ 8.374479983998388, 48.41182286227415 ], [ 8.374568022432502, 48.410737720707253 ], [ 8.374403497222028, 48.410071257469696 ], [ 8.374034299280508, 48.40969840944399 ], [ 8.375023493497588, 48.408791080932865 ], [ 8.374404825623738, 48.408398615579927 ], [ 8.373037405369685, 48.408162298975981 ], [ 8.370547444656175, 48.407591544303564 ], [ 8.369815494080859, 48.4079069174065 ], [ 8.369223173422448, 48.408294484474929 ], [ 8.368977122101063, 48.409068732961437 ], [ 8.369529947071921, 48.40936289367724 ], [ 8.369414790651495, 48.410676486901473 ], [ 8.369885227018367, 48.411428121426013 ], [ 8.370097648400217, 48.412107358523208 ], [ 8.370002428483394, 48.413229883066485 ], [ 8.369054634268966, 48.413988141338208 ], [ 8.368865000836694, 48.414503686111047 ], [ 8.369358049638182, 48.415330477921358 ], [ 8.370166121936441, 48.416060569497361 ], [ 8.370732277170617, 48.416715830352125 ], [ 8.370815821806621, 48.417874958665074 ], [ 8.370162314152763, 48.418557013799315 ], [ 8.368387973253546, 48.418789116324376 ], [ 8.367576873061592, 48.418977278295678 ], [ 8.367996847579015, 48.419420508777478 ], [ 8.369118976511068, 48.419426576639481 ], [ 8.370577650617804, 48.420023391833816 ], [ 8.371124678442495, 48.420589659317891 ], [ 8.37353789117704, 48.422431469357377 ], [ 8.374185436109514, 48.423094352715268 ], [ 8.375005280753042, 48.423750791108354 ], [ 8.375154725678168, 48.424295266264586 ], [ 8.37559711177448, 48.425047532798487 ], [ 8.377394646750551, 48.426782816828563 ], [ 8.3776042444164, 48.427916889752815 ], [ 8.377346440301912, 48.42920191546375 ], [ 8.378351063138023, 48.43017043036879 ], [ 8.37874842779016, 48.430831215444002 ], [ 8.379138658208554, 48.431079737663069 ], [ 8.379578703639428, 48.431545254534583 ], [ 8.379946678340035, 48.432257067305926 ], [ 8.379992908256888, 48.432757525658559 ], [ 8.380390244539649, 48.433223888732904 ], [ 8.380613678065005, 48.434005813720205 ], [ 8.380232476432488, 48.434513146870025 ], [ 8.379626687524555, 48.434966278404303 ], [ 8.379358523461354, 48.435371387192205 ], [ 8.379490494435775, 48.435902896201235 ], [ 8.379405678984885, 48.436361713412644 ], [ 8.380658884304584, 48.436115031873896 ], [ 8.382183787889687, 48.436083644026418 ], [ 8.383405065029091, 48.436205710228457 ], [ 8.387796752413173, 48.436040590016766 ], [ 8.38850005578105, 48.435827332383106 ], [ 8.389432313737107, 48.435269907420043 ], [ 8.390076406545578, 48.435020789539813 ], [ 8.390699170189201, 48.43510766673014 ], [ 8.391791264277433, 48.434952045663032 ], [ 8.393841928320148, 48.434862194322989 ], [ 8.394857649662336, 48.434658639988825 ], [ 8.396242013150614, 48.433955542976122 ], [ 8.398292617201937, 48.433305665891382 ], [ 8.399451036318526, 48.433195301755703 ], [ 8.401691241950827, 48.434168973687569 ], [ 8.403204960873182, 48.434728593187295 ], [ 8.404575441903956, 48.434729484932596 ], [ 8.405299493590897, 48.43427152555163 ], [ 8.406365573752131, 48.433767194919724 ], [ 8.407940085881577, 48.431948644378792 ], [ 8.408665303735528, 48.431570559174482 ], [ 8.409260099043612, 48.431445233171573 ], [ 8.411344976303164, 48.430707492947313 ], [ 8.413243380707947, 48.430438834838633 ], [ 8.414855645381778, 48.430352760493406 ], [ 8.416059015796366, 48.430132879609573 ], [ 8.418104822557625, 48.428766318435173 ], [ 8.416434588189862, 48.429032345556728 ], [ 8.415194139143125, 48.429081287094242 ], [ 8.414207222104963, 48.428947886232443 ], [ 8.413003569453489, 48.428665827775411 ], [ 8.412605665349124, 48.428202453247088 ], [ 8.411067928549297, 48.427447968036915 ], [ 8.409687495804485, 48.42694599330251 ], [ 8.408901189024897, 48.426804939066812 ], [ 8.406227432937845, 48.426536030545506 ], [ 8.405491726460333, 48.426369303941009 ], [ 8.405045784529618, 48.426241946749663 ], [ 8.404183464146248, 48.425748341248763 ], [ 8.402918742487897, 48.425509584134375 ], [ 8.402346603650455, 48.425102127901461 ], [ 8.401819560507635, 48.423524898232017 ], [ 8.401553478553414, 48.423162661910787 ], [ 8.40113341655103, 48.42278001112679 ], [ 8.400200244240002, 48.422400173222307 ], [ 8.398341039446583, 48.421325361621214 ], [ 8.397465370351338, 48.420658541112296 ], [ 8.396552639910455, 48.419539261107509 ], [ 8.395687037952607, 48.417810972139918 ], [ 8.395518411455749, 48.417260124888664 ], [ 8.393476831306353, 48.41341935187959 ], [ 8.393396028443659, 48.412589079812477 ], [ 8.393595740767861, 48.411113520743513 ], [ 8.394373265513282, 48.41101433486584 ], [ 8.396538143397818, 48.410555007121353 ], [ 8.397455527660252, 48.410523468554494 ], [ 8.400182985217629, 48.409873859907492 ], [ 8.401996632121445, 48.409327670062638 ], [ 8.4041503306964, 48.40889944917793 ], [ 8.405809183086054, 48.408886525743036 ], [ 8.406441522427013, 48.408775712569586 ], [ 8.407928575600401, 48.408347758657683 ], [ 8.409694507906702, 48.407662564300203 ], [ 8.411787963327837, 48.407607340341606 ], [ 8.413008801618881, 48.407162575332663 ], [ 8.412578163048796, 48.406247312342536 ], [ 8.412951113479821, 48.404884070951745 ], [ 8.414049498429591, 48.403989019528566 ], [ 8.414978307909985, 48.403503700623702 ], [ 8.415523846554313, 48.403083722530148 ], [ 8.415840984517793, 48.402986910194002 ], [ 8.416115620841458, 48.402766807705618 ], [ 8.417032788800039, 48.402327025888177 ], [ 8.416357758833506, 48.401454441252454 ], [ 8.416514744057041, 48.400841128794987 ], [ 8.417100602485826, 48.40060163964268 ], [ 8.417733472007253, 48.399640047392808 ], [ 8.417872078230225, 48.399558069873137 ], [ 8.418691121376336, 48.399518577298956 ], [ 8.419112262901358, 48.399196106468857 ], [ 8.420465289151087, 48.398794123394069 ], [ 8.420846360653984, 48.398560510838678 ], [ 8.421571404743087, 48.398337893306504 ], [ 8.421813801706014, 48.398192466843724 ], [ 8.42240576875022, 48.397563607815357 ], [ 8.422780534988192, 48.397372241263838 ], [ 8.422494382065066, 48.396430658895042 ], [ 8.4235042481275, 48.395650948371951 ], [ 8.423986539276939, 48.394956125970047 ], [ 8.424137039033159, 48.394356894765288 ], [ 8.423992080680209, 48.393950601486594 ], [ 8.424141617611618, 48.392981514222051 ], [ 8.424747460293469, 48.393091064939291 ], [ 8.426475380945341, 48.393833725604161 ], [ 8.426653825238535, 48.393822379571219 ], [ 8.426682453281884, 48.39358285225164 ], [ 8.42699491315356, 48.393233810490969 ], [ 8.427637424393422, 48.392736616496393 ], [ 8.427707405361803, 48.392350559680629 ], [ 8.42794122730581, 48.391989878329348 ], [ 8.429584057073759, 48.39116107902661 ], [ 8.429003277064012, 48.390225158168263 ], [ 8.427970563995729, 48.389119470920981 ], [ 8.427074786532128, 48.388646019485748 ], [ 8.425960694829943, 48.388333321332851 ], [ 8.426079135884599, 48.387001601247249 ], [ 8.421911432132774, 48.386164201231473 ], [ 8.420210999209152, 48.386098066151334 ], [ 8.419347982226151, 48.386163347756629 ], [ 8.418769482229498, 48.386412692269772 ], [ 8.417916169187896, 48.387059554528712 ], [ 8.417605933429222, 48.387554868526713 ], [ 8.417075869708158, 48.387499373875642 ], [ 8.416411758674906, 48.387661545179114 ], [ 8.415201110561489, 48.387201427823165 ], [ 8.414517094043484, 48.387744584375547 ], [ 8.413767065280719, 48.388200762923987 ], [ 8.41367148793584, 48.388713353765191 ], [ 8.413105830691066, 48.38948543941418 ], [ 8.411789998995557, 48.390755251394388 ], [ 8.410619734770194, 48.391649644941111 ], [ 8.410246083656105, 48.391487050482858 ], [ 8.410264427879421, 48.391115313896115 ], [ 8.409793135280728, 48.38999344667296 ], [ 8.409509946476307, 48.389648772162985 ], [ 8.409285717589377, 48.388808505352522 ], [ 8.408660252303822, 48.388161403340739 ], [ 8.407191851638864, 48.386150835994933 ], [ 8.406509659910421, 48.38419594818567 ], [ 8.406775642238438, 48.383099729871184 ], [ 8.406272645806878, 48.382823817224214 ], [ 8.405922577075259, 48.38252161224068 ], [ 8.404924753258028, 48.382661571288956 ], [ 8.404574541856382, 48.382638707190807 ], [ 8.40316455098484, 48.382209188821882 ], [ 8.401698734547153, 48.381589803518978 ], [ 8.401178163925691, 48.381537703569514 ], [ 8.398618784338842, 48.38161225084712 ], [ 8.397511442931311, 48.381396115649089 ], [ 8.397025879837017, 48.381170634929923 ], [ 8.395864768166572, 48.380478099475276 ], [ 8.394796238608473, 48.379178315616223 ], [ 8.394610383758879, 48.37871356048435 ], [ 8.394848886713607, 48.378040696239658 ], [ 8.395127368471437, 48.377663221778377 ], [ 8.394500850980936, 48.376778344092273 ], [ 8.393730104026826, 48.376305199461704 ], [ 8.391894089731672, 48.375884002354844 ], [ 8.391048024020904, 48.37544516858712 ], [ 8.390425663094963, 48.374887678613916 ], [ 8.389504777297384, 48.375457322031941 ], [ 8.387466764154373, 48.377055001120077 ] ] ] } },
{ "type": "Feature", "properties": { "Gemarkung": "Seedorf", "Schluessel": "085872", "Ebene": "Gemarkung" }, "geometry": { "type": "Polygon", "coordinates": [ [ [ 8.489970565555215, 48.232979873049878 ], [ 8.48905382739736, 48.231919121484545 ], [ 8.488298300855325, 48.230724576841112 ], [ 8.487389617219712, 48.229889488766226 ], [ 8.485225342933079, 48.230206135556948 ], [ 8.482756265313402, 48.230139813732976 ], [ 8.481651671647358, 48.230313427007687 ], [ 8.48088200103712, 48.230629883087012 ], [ 8.480391439434188, 48.231002476578844 ], [ 8.480025811357102, 48.231629974381569 ], [ 8.479883888654779, 48.232466130735247 ], [ 8.479016251888334, 48.23238680889223 ], [ 8.47876614470194, 48.232867907186758 ], [ 8.477540977148205, 48.232986323332483 ], [ 8.477676714968117, 48.232510376223907 ], [ 8.475880742398919, 48.232599729424848 ], [ 8.473851362959881, 48.23290202210049 ], [ 8.470765826726021, 48.23292573783359 ], [ 8.464371892174734, 48.232390955320476 ], [ 8.458240348277121, 48.231734516367375 ], [ 8.453404643383111, 48.231382523939843 ], [ 8.451747523175346, 48.233033026774848 ], [ 8.450765085591611, 48.234523347134655 ], [ 8.450227943501284, 48.235637380774449 ], [ 8.450032406765454, 48.236466136273684 ], [ 8.449663174657527, 48.237228113100926 ], [ 8.449061752563384, 48.239381869908534 ], [ 8.44949535049969, 48.241183947606935 ], [ 8.449276162299194, 48.241929276956974 ], [ 8.44676333195221, 48.24357398424813 ], [ 8.446588684281622, 48.244006522097415 ], [ 8.446364398259346, 48.245006971685768 ], [ 8.446229622772632, 48.247123010903834 ], [ 8.445877901229792, 48.249057167394021 ], [ 8.443669480237643, 48.251594319040684 ], [ 8.444595993615856, 48.251809953793007 ], [ 8.444614718687788, 48.252817600090033 ], [ 8.44427064135413, 48.252955388659181 ], [ 8.444427668227691, 48.253917819255939 ], [ 8.448471469000904, 48.254513353406715 ], [ 8.451029697707705, 48.255141518415897 ], [ 8.450608773591917, 48.256177382570861 ], [ 8.453720704842207, 48.258108083251521 ], [ 8.458175814246669, 48.255776851057512 ], [ 8.459333507226583, 48.255290623487575 ], [ 8.460005317559101, 48.255090991763097 ], [ 8.463427356923567, 48.25456756106054 ], [ 8.463458422899182, 48.254637161555571 ], [ 8.469925621480581, 48.253747230098341 ], [ 8.470289222027644, 48.254439052539475 ], [ 8.47502888718615, 48.253696778066661 ], [ 8.474936052093259, 48.253816551849624 ], [ 8.475603611832318, 48.255315860797758 ], [ 8.481526332825606, 48.255020092135965 ], [ 8.483495925887587, 48.255091573913219 ], [ 8.484162373332762, 48.254477922975269 ], [ 8.484768071051208, 48.25490771793622 ], [ 8.486702237690222, 48.255665084009358 ], [ 8.487130854450593, 48.25561868355539 ], [ 8.487521986135752, 48.255278817926715 ], [ 8.48901494072928, 48.255810606683397 ], [ 8.489112625027564, 48.255458095274996 ], [ 8.489421280587758, 48.25545766683085 ], [ 8.4894251638162, 48.256096008804214 ], [ 8.489206202832785, 48.256248072347681 ], [ 8.489792617668067, 48.256320311185625 ], [ 8.492242853323617, 48.255927739190021 ], [ 8.493095733604971, 48.256015712362554 ], [ 8.494804597253818, 48.255713472163151 ], [ 8.496285024973252, 48.2556916267825 ], [ 8.497467573226832, 48.255367697086065 ], [ 8.498049215777009, 48.255514726545407 ], [ 8.499590611945807, 48.255677899492838 ], [ 8.50212115789944, 48.256271878186226 ], [ 8.502355910431184, 48.256348917520739 ], [ 8.502408331630271, 48.257055664766817 ], [ 8.502893136346581, 48.257355736325522 ], [ 8.503633417945867, 48.257667165270846 ], [ 8.504526841569113, 48.257928507329943 ], [ 8.505941918143858, 48.258095369101461 ], [ 8.507342087901833, 48.258019775289895 ], [ 8.50740988398818, 48.258101127067526 ], [ 8.50740897020183, 48.25714440138794 ], [ 8.511464289712658, 48.257454098590223 ], [ 8.511350536858004, 48.257232293503293 ], [ 8.5118567651023, 48.256915146481099 ], [ 8.512774119207634, 48.256504283684173 ], [ 8.512588234568295, 48.256316092147152 ], [ 8.514464438045016, 48.256286063015665 ], [ 8.515805436890094, 48.256377907010368 ], [ 8.518106749029428, 48.256758423168677 ], [ 8.519843508294416, 48.257132848536742 ], [ 8.522024051688609, 48.257366763494893 ], [ 8.522960048248448, 48.257536371688019 ], [ 8.525499239034691, 48.258312596574747 ], [ 8.526270409152682, 48.25789283586051 ], [ 8.527158963704183, 48.257643142690796 ], [ 8.528115208193846, 48.257254629663734 ], [ 8.527097104466874, 48.256973165260156 ], [ 8.527192114111436, 48.256604956333447 ], [ 8.527414614646167, 48.256670738038821 ], [ 8.52761350521218, 48.255336157447253 ], [ 8.528774136926959, 48.255439524716877 ], [ 8.53010346040729, 48.254791615539837 ], [ 8.527935486144013, 48.252966007496475 ], [ 8.528784188354003, 48.252263687730377 ], [ 8.530535856927358, 48.251501624138456 ], [ 8.527884731128189, 48.250562387175975 ], [ 8.527917849022106, 48.250506113039762 ], [ 8.525824506469711, 48.25016497694542 ], [ 8.525954785362455, 48.249507486055926 ], [ 8.526438909960699, 48.248852532395368 ], [ 8.52647225835381, 48.248289828010037 ], [ 8.52811489064905, 48.248255555314508 ], [ 8.528369518667592, 48.24671328342118 ], [ 8.527487887250455, 48.246671337375091 ], [ 8.528346461679369, 48.244239958857285 ], [ 8.525928871405149, 48.24423676434084 ], [ 8.527710152463339, 48.240540005612736 ], [ 8.529150976284003, 48.239735749024184 ], [ 8.531442389855011, 48.238002690513504 ], [ 8.531833170067451, 48.236547242861469 ], [ 8.528738898173795, 48.23644571337968 ], [ 8.528879760450591, 48.236123663613313 ], [ 8.528877926969759, 48.235047182932739 ], [ 8.527490793411564, 48.234685395475005 ], [ 8.525963981430433, 48.234124634851966 ], [ 8.526040058432203, 48.234009069005957 ], [ 8.523453557534893, 48.233003235914317 ], [ 8.523716779750607, 48.232819621134361 ], [ 8.523055787251129, 48.232623448761366 ], [ 8.521887344504805, 48.232865829589926 ], [ 8.521105370270343, 48.232834864950078 ], [ 8.520597206491352, 48.232540349456634 ], [ 8.519088488610358, 48.233339987325067 ], [ 8.519206424490756, 48.233415154444316 ], [ 8.516754318173399, 48.233542076655134 ], [ 8.512515376562211, 48.23340731346196 ], [ 8.507290579495599, 48.232668802907995 ], [ 8.505443101699246, 48.232601941760102 ], [ 8.505238066952398, 48.231715948633756 ], [ 8.504497797998763, 48.230255269259629 ], [ 8.50227803640084, 48.230318286294697 ], [ 8.501789741744211, 48.22941936413887 ], [ 8.501737173382413, 48.229494170187664 ], [ 8.500432353862575, 48.228762011387495 ], [ 8.50054570041951, 48.22887595428908 ], [ 8.500468415860229, 48.229082816343869 ], [ 8.501250764035062, 48.229913474358881 ], [ 8.501907384863703, 48.231852265524267 ], [ 8.501482375232518, 48.232699817096815 ], [ 8.501567384322327, 48.232779268034847 ], [ 8.500215986028959, 48.232770252861343 ], [ 8.495448427627109, 48.23296769435926 ], [ 8.495057030272219, 48.232755089756118 ], [ 8.495532633975747, 48.232593614536718 ], [ 8.496168893430418, 48.232239498917885 ], [ 8.491511948833621, 48.232312385392632 ], [ 8.491896699673662, 48.232908868764483 ], [ 8.489970565555215, 48.232979873049878 ] ] ] } },
{ "type": "Feature", "properties": { "Gemarkung": "Sigmarswangen", "Schluessel": "085749", "Ebene": "Gemarkung" }, "geometry": { "type": "Polygon", "coordinates": [ [ [ 8.606688786571267, 48.313265825228605 ], [ 8.606106549249132, 48.313999314464468 ], [ 8.606101831550774, 48.314752413492094 ], [ 8.606278507054604, 48.315087606283939 ], [ 8.606002013099015, 48.315822050995216 ], [ 8.605865674199894, 48.316641634381085 ], [ 8.605107026750371, 48.317628040878652 ], [ 8.602804564838324, 48.317256015908313 ], [ 8.602109926657233, 48.317062164967396 ], [ 8.602174848539095, 48.317958911948942 ], [ 8.60093968029631, 48.317993768870721 ], [ 8.598975817271532, 48.317602059131453 ], [ 8.598764184338814, 48.318461586687583 ], [ 8.597742899590848, 48.320096680339027 ], [ 8.598705382241006, 48.32172808659292 ], [ 8.599571302625797, 48.322863969564395 ], [ 8.598474084220811, 48.32387002458006 ], [ 8.59801943734813, 48.323787106382639 ], [ 8.597253613986837, 48.323304633221078 ], [ 8.596424088007064, 48.323392052585348 ], [ 8.595613757809723, 48.324498050239178 ], [ 8.595769122458977, 48.325101375386353 ], [ 8.595504416052975, 48.325445108440313 ], [ 8.595780958827023, 48.326505801924661 ], [ 8.595253144952228, 48.327670907624544 ], [ 8.594778486559283, 48.328526621645182 ], [ 8.59399201307629, 48.329178897714449 ], [ 8.59308392757239, 48.33019105579762 ], [ 8.593007114870099, 48.330772960074462 ], [ 8.593429117385595, 48.33135401939321 ], [ 8.596957067134474, 48.332777116234446 ], [ 8.598191290590878, 48.333663919391185 ], [ 8.598144607236296, 48.334831256375168 ], [ 8.598667239292372, 48.336321942396566 ], [ 8.598739516385917, 48.337101937064929 ], [ 8.600503602008144, 48.338236800908199 ], [ 8.602156537252309, 48.338925197711589 ], [ 8.603362112225236, 48.337777785983086 ], [ 8.604287699926925, 48.338366117899859 ], [ 8.604578767710672, 48.339116542201168 ], [ 8.605159156913013, 48.339151823563235 ], [ 8.607543820230067, 48.339862714689829 ], [ 8.609644192814789, 48.340240794451674 ], [ 8.611327144065209, 48.340751026791459 ], [ 8.612232513529065, 48.340803743988609 ], [ 8.612422237790604, 48.341357229037129 ], [ 8.613753990700923, 48.342062099460101 ], [ 8.616166024859341, 48.341911471851802 ], [ 8.616612930654119, 48.34233220713859 ], [ 8.617451227957334, 48.342858424378697 ], [ 8.618682519700018, 48.342264323875433 ], [ 8.618795175119409, 48.342322545860561 ], [ 8.619823150580876, 48.34193513245755 ], [ 8.621756562494209, 48.34341651028425 ], [ 8.626778414664953, 48.34087704898662 ], [ 8.625899225459223, 48.339272874987429 ], [ 8.626120710712661, 48.339193254772944 ], [ 8.628517303938688, 48.336185063060626 ], [ 8.626725736880148, 48.335301367141767 ], [ 8.627638575930717, 48.331667236075958 ], [ 8.627443374877185, 48.331477403670505 ], [ 8.62779010268947, 48.330220159313249 ], [ 8.628967826715105, 48.327168867622483 ], [ 8.626596612757465, 48.326189731239005 ], [ 8.626725950033437, 48.325733118856128 ], [ 8.625680252631286, 48.325091224998523 ], [ 8.624717749549257, 48.324127601142777 ], [ 8.624493678322581, 48.324329205623222 ], [ 8.623796083124896, 48.323430944768731 ], [ 8.622988371193507, 48.322889037879214 ], [ 8.620701830915594, 48.321611995745435 ], [ 8.621185659002277, 48.320616485430897 ], [ 8.619661693806155, 48.319826223740058 ], [ 8.619866443308137, 48.319683313157917 ], [ 8.621236152725873, 48.317622277462213 ], [ 8.620264739764265, 48.317016924617029 ], [ 8.619997815131304, 48.316742722965557 ], [ 8.620084925654698, 48.316727896253632 ], [ 8.619963462001602, 48.316573561249513 ], [ 8.62045204474822, 48.31635088651241 ], [ 8.619779381629543, 48.315897029871316 ], [ 8.619117212964094, 48.315720122849079 ], [ 8.619069284237714, 48.315907455627645 ], [ 8.616693248596619, 48.314874476290406 ], [ 8.615646839554469, 48.314624924137405 ], [ 8.61374886635104, 48.313958207105067 ], [ 8.613737006308954, 48.313814039871829 ], [ 8.613658530549124, 48.313846794252342 ], [ 8.609968945535327, 48.313125220563997 ], [ 8.608665679250368, 48.312803839320864 ], [ 8.608636794329806, 48.312859610665313 ], [ 8.607652348797675, 48.312648342549529 ], [ 8.606688786571267, 48.313265825228605 ] ] ] } },
{ "type": "Feature", "properties": { "Gemarkung": "St. Georgen", "Schluessel": "086020", "Ebene": "Gemarkung" }, "geometry": { "type": "Polygon", "coordinates": [ [ [ 8.32469948306978, 48.101937607708642 ], [ 8.322658676530144, 48.101961855118454 ], [ 8.319994272477015, 48.102225749285004 ], [ 8.317911947229975, 48.102706809065864 ], [ 8.315146732567172, 48.103668706730907 ], [ 8.3138545632256, 48.104522560257564 ], [ 8.313248062648515, 48.105339741998698 ], [ 8.312810619810895, 48.105747394303805 ], [ 8.311735010986171, 48.106281502443466 ], [ 8.310989578086682, 48.106252563391607 ], [ 8.309288952129974, 48.105738607284444 ], [ 8.309374189450647, 48.10630485661293 ], [ 8.310426840151413, 48.1076093678832 ], [ 8.312452365746624, 48.109342196993715 ], [ 8.313809752911942, 48.110724614536032 ], [ 8.314140085330502, 48.111846903043883 ], [ 8.315107569804669, 48.112510809432365 ], [ 8.317774076228822, 48.113256782973842 ], [ 8.319642542470939, 48.114291997095116 ], [ 8.318996105572374, 48.115841783044203 ], [ 8.318406142559533, 48.11667438349366 ], [ 8.317931454459339, 48.11763812255824 ], [ 8.320212641604698, 48.118159793291632 ], [ 8.319629890245309, 48.119442925541925 ], [ 8.321095172915189, 48.119820110813166 ], [ 8.320841532161104, 48.120234456572852 ], [ 8.320737946655878, 48.120223227836327 ], [ 8.320290237511305, 48.1206094339502 ], [ 8.319851566533375, 48.121287646544268 ], [ 8.31996216053613, 48.121338144747966 ], [ 8.31877135017116, 48.121927507636599 ], [ 8.318759703921936, 48.122035943189843 ], [ 8.319248752435804, 48.121797539835562 ], [ 8.320203417389887, 48.123054862148678 ], [ 8.320627868816231, 48.123445595241989 ], [ 8.320229852774601, 48.123770554790021 ], [ 8.319820456480988, 48.124407463634071 ], [ 8.319652893866682, 48.125098615572291 ], [ 8.319719626936882, 48.125489482936523 ], [ 8.319162379285114, 48.12537452959296 ], [ 8.318793336531124, 48.125457814800605 ], [ 8.317278768966634, 48.12681134187298 ], [ 8.31654715256434, 48.127065568794386 ], [ 8.315674739254678, 48.127174460054903 ], [ 8.315690576802513, 48.127317607550182 ], [ 8.315584753396038, 48.12732210572036 ], [ 8.315661403747843, 48.127975928336426 ], [ 8.315026455732159, 48.128457626843591 ], [ 8.316022436841788, 48.128720244565734 ], [ 8.315281560051396, 48.129547250643938 ], [ 8.315794683219417, 48.129819948239827 ], [ 8.318030181111032, 48.130694882711943 ], [ 8.317709817422033, 48.13104701519773 ], [ 8.317410906227844, 48.132000996817446 ], [ 8.316336141285714, 48.134326912993366 ], [ 8.316088932120444, 48.135199954919315 ], [ 8.31499911819466, 48.13710155743582 ], [ 8.314145682460241, 48.137558825654153 ], [ 8.313238057438957, 48.138480010970312 ], [ 8.311213447324203, 48.138993502381417 ], [ 8.309576412170257, 48.13956101999247 ], [ 8.308406530354995, 48.139732757473332 ], [ 8.304160348896547, 48.138894515508461 ], [ 8.304527667358331, 48.138370591850681 ], [ 8.303098350623934, 48.137937903351556 ], [ 8.302114929168605, 48.137533726949599 ], [ 8.300334115320682, 48.137183711187042 ], [ 8.29870141024684, 48.136767453665271 ], [ 8.297712414555653, 48.136579044549435 ], [ 8.297421689635097, 48.136598050878732 ], [ 8.29786903734075, 48.137670893132118 ], [ 8.297280696125629, 48.138360699499849 ], [ 8.296448988993479, 48.138808342425747 ], [ 8.297537946578203, 48.139515242998819 ], [ 8.298668164578777, 48.139988012030287 ], [ 8.30059868866541, 48.140574596912423 ], [ 8.301560170139091, 48.140439280259166 ], [ 8.302774267462103, 48.14050936119456 ], [ 8.305202725515034, 48.140790109859353 ], [ 8.308408720525316, 48.141681258903574 ], [ 8.312499836325578, 48.141963208756238 ], [ 8.313868740169859, 48.141466115552241 ], [ 8.315302496838063, 48.141275831402027 ], [ 8.317032791927504, 48.141388872454876 ], [ 8.318070161622943, 48.141804127220823 ], [ 8.31826397200985, 48.141136527475958 ], [ 8.318679037730952, 48.14044855628773 ], [ 8.319861184770586, 48.138970417217507 ], [ 8.32039891848229, 48.137041124216807 ], [ 8.320818551211662, 48.136124467105169 ], [ 8.322252656514856, 48.135118246565455 ], [ 8.323708235768093, 48.134591136978742 ], [ 8.325864122645358, 48.134786712623679 ], [ 8.326840165846892, 48.135117766580493 ], [ 8.327429842542809, 48.134724719217672 ], [ 8.328117501703675, 48.134495807892222 ], [ 8.328899270993892, 48.133975667915713 ], [ 8.329368658467782, 48.13390013352678 ], [ 8.329401753072943, 48.133804868004781 ], [ 8.329598765588267, 48.133724234246159 ], [ 8.329689799012229, 48.133762372859131 ], [ 8.329894038193187, 48.133611783744932 ], [ 8.330022194218884, 48.133627196073704 ], [ 8.330073647360965, 48.133505046243044 ], [ 8.330884034903155, 48.133303644854408 ], [ 8.330998034719958, 48.133239619753155 ], [ 8.331085362922229, 48.132776600338985 ], [ 8.331405187593601, 48.132625421609021 ], [ 8.331595178331659, 48.132639932304038 ], [ 8.331781074731058, 48.132452075344389 ], [ 8.332521478176046, 48.132038465035158 ], [ 8.332916268987253, 48.131992622998318 ], [ 8.333025757591717, 48.131819885383038 ], [ 8.333255852701781, 48.131892387101516 ], [ 8.333535311692021, 48.131608801650238 ], [ 8.333951912964777, 48.131507750699697 ], [ 8.334020736661151, 48.131350971138133 ], [ 8.334094971062681, 48.131357789182054 ], [ 8.333902704039906, 48.132039190898332 ], [ 8.334257372802194, 48.132508192521634 ], [ 8.33450645114554, 48.132682558251005 ], [ 8.33370493859965, 48.133352962534993 ], [ 8.333826146474816, 48.133988676424636 ], [ 8.33375637045487, 48.134073294006399 ], [ 8.333926303339272, 48.134308921817585 ], [ 8.333764046494629, 48.134363043247227 ], [ 8.333883950364743, 48.134403595143304 ], [ 8.334438395356456, 48.135005470359928 ], [ 8.334379274915886, 48.13503517809486 ], [ 8.335295941717874, 48.135951433543134 ], [ 8.335349706013131, 48.136222195453406 ], [ 8.334949875198745, 48.136645532402042 ], [ 8.335070648841716, 48.137670543844997 ], [ 8.335387357347145, 48.138387100195779 ], [ 8.335400635283513, 48.139743209923402 ], [ 8.339086926043862, 48.139601530480917 ], [ 8.339057724430578, 48.139928674582841 ], [ 8.341895747211607, 48.139393262066918 ], [ 8.342637615296479, 48.14016144552599 ], [ 8.343184782500552, 48.140345594003556 ], [ 8.344061428587676, 48.139769662196485 ], [ 8.344829160459133, 48.138687829527299 ], [ 8.345226200904198, 48.137950266125053 ], [ 8.345212499730811, 48.137759271010012 ], [ 8.345511840160013, 48.137727776953724 ], [ 8.348382358999922, 48.136500157447763 ], [ 8.348293411006122, 48.13587094024907 ], [ 8.348342841549538, 48.135214976662482 ], [ 8.346964599887839, 48.134463458626954 ], [ 8.346383483298361, 48.133961089494235 ], [ 8.347820090516707, 48.131396906474748 ], [ 8.348337781763368, 48.129570923759822 ], [ 8.34689075486941, 48.129179165698162 ], [ 8.34508739777244, 48.128518776852495 ], [ 8.343212287507027, 48.127966543939635 ], [ 8.344210113992416, 48.127408576796064 ], [ 8.344145363574709, 48.127258856268313 ], [ 8.344632860500605, 48.126968063459813 ], [ 8.344995413202042, 48.127255336826607 ], [ 8.345265869002777, 48.127345228945003 ], [ 8.344993468454808, 48.126753020400308 ], [ 8.345184707097014, 48.126974537916709 ], [ 8.346487798704606, 48.127604460964299 ], [ 8.348643765092525, 48.127936815179254 ], [ 8.349266448037536, 48.128123972315024 ], [ 8.348918360909718, 48.128550530277444 ], [ 8.349672439087067, 48.128794750992498 ], [ 8.349745604606925, 48.128694488022511 ], [ 8.350314260238767, 48.128872156759819 ], [ 8.350321119247331, 48.129116825230902 ], [ 8.35079849525335, 48.129318447487002 ], [ 8.351506518121294, 48.129315427044958 ], [ 8.351467520824018, 48.129050423926181 ], [ 8.352922404236049, 48.129225789621508 ], [ 8.353988274970106, 48.129108076427066 ], [ 8.354560405239198, 48.128956361810566 ], [ 8.355118999731941, 48.128930167155673 ], [ 8.356934660146104, 48.129370039628185 ], [ 8.357148538719557, 48.129731477812363 ], [ 8.357313108745528, 48.129779632693726 ], [ 8.358096173990258, 48.129794625468072 ], [ 8.359758586108857, 48.129993286150906 ], [ 8.359909192466898, 48.129943291748553 ], [ 8.360232254193702, 48.13017244584718 ], [ 8.360218920379804, 48.130239669502572 ], [ 8.36043000894872, 48.13023265707541 ], [ 8.360848208218099, 48.130452532041978 ], [ 8.361711610511145, 48.130590306686386 ], [ 8.362707472349616, 48.129831444414599 ], [ 8.36293433435837, 48.129439981225531 ], [ 8.370204502748365, 48.130439855122219 ], [ 8.370680643874895, 48.130232922238257 ], [ 8.372520008388111, 48.130253056024962 ], [ 8.374479651016161, 48.130063554234212 ], [ 8.375722597855463, 48.129825862854311 ], [ 8.3769655530209, 48.1294754251577 ], [ 8.378117627024938, 48.129048277351266 ], [ 8.37919519325267, 48.128534883763876 ], [ 8.382251765088068, 48.126788832987828 ], [ 8.382764658499775, 48.126266791093563 ], [ 8.382969584926869, 48.126278957861963 ], [ 8.383012482642503, 48.126074595364877 ], [ 8.383253278229523, 48.126087673949641 ], [ 8.38325760000037, 48.125984860916823 ], [ 8.383510791159019, 48.125939074835436 ], [ 8.383720354048156, 48.125799484984498 ], [ 8.383835492342971, 48.125352499314566 ], [ 8.383609619962851, 48.124934814836436 ], [ 8.383353644729972, 48.124034816575254 ], [ 8.384208791842804, 48.123678800043415 ], [ 8.384037772352047, 48.123641355554433 ], [ 8.382845588464564, 48.124020843134481 ], [ 8.38076873214078, 48.123564137816295 ], [ 8.379747940082563, 48.123200280693105 ], [ 8.378976979276139, 48.123181092191373 ], [ 8.378198342430016, 48.123263523655531 ], [ 8.376873901388972, 48.123886953454317 ], [ 8.376126803309937, 48.123694142190445 ], [ 8.375505940105379, 48.123430845400406 ], [ 8.374338576956159, 48.124007954889883 ], [ 8.374188027081802, 48.121478333834212 ], [ 8.373897693900279, 48.119019656562003 ], [ 8.373921759140075, 48.118144913710744 ], [ 8.372273750503171, 48.118687893497643 ], [ 8.369295600716029, 48.119209432141936 ], [ 8.368054502711187, 48.120059853965529 ], [ 8.366718286980566, 48.119320318062627 ], [ 8.365898270163191, 48.118957803519862 ], [ 8.364745914590248, 48.118633213539759 ], [ 8.361940189802045, 48.117269010825815 ], [ 8.358899768886838, 48.115212455448109 ], [ 8.358196492428648, 48.114580264842083 ], [ 8.357663463758776, 48.114292619582194 ], [ 8.357626257781416, 48.113375610311017 ], [ 8.357928053057455, 48.112574308349309 ], [ 8.357029256043004, 48.111518695137555 ], [ 8.356361080985957, 48.110502064291374 ], [ 8.355828881482454, 48.110603718317421 ], [ 8.354785326506374, 48.110998053913789 ], [ 8.354588668664707, 48.11100684640126 ], [ 8.354115339168288, 48.110751909176201 ], [ 8.353529054997558, 48.110805654047645 ], [ 8.352554551987929, 48.110492557976421 ], [ 8.352314681275564, 48.110337446311455 ], [ 8.352219052586598, 48.110143110307966 ], [ 8.35198373397769, 48.110117671460351 ], [ 8.35147707284521, 48.109854887834281 ], [ 8.350683022663597, 48.109829620809705 ], [ 8.350088778678055, 48.109598905564823 ], [ 8.349586569005465, 48.109602002366017 ], [ 8.348920884518472, 48.109241948588277 ], [ 8.348568520185255, 48.109368519957876 ], [ 8.348379372630223, 48.109336227744052 ], [ 8.347642629818377, 48.109040182671713 ], [ 8.346857814500558, 48.108478085930038 ], [ 8.345477278756796, 48.10857855620614 ], [ 8.345242841332773, 48.108442264536237 ], [ 8.344317609376297, 48.108677661134031 ], [ 8.343990601045261, 48.106948535332627 ], [ 8.344144306255989, 48.104782015183609 ], [ 8.344095592588314, 48.103954725004499 ], [ 8.341042616714725, 48.100979286028434 ], [ 8.338810435792956, 48.102083543300893 ], [ 8.335313704441289, 48.102535268477183 ], [ 8.332856587662318, 48.102000728215785 ], [ 8.330674097885382, 48.10135050307251 ], [ 8.329097169515586, 48.100617941062644 ], [ 8.325816765108625, 48.101024125118158 ], [ 8.32469948306978, 48.101937607708642 ] ] ] } },
{ "type": "Feature", "properties": { "Gemarkung": "Sterneck", "Schluessel": "084513", "Ebene": "Gemarkung" }, "geometry": { "type": "Polygon", "coordinates": [ [ [ 8.492781042819434, 48.384297352791059 ], [ 8.490884044719417, 48.38339371979427 ], [ 8.490040110402374, 48.382103284586272 ], [ 8.487095943679071, 48.382014445229586 ], [ 8.486454487954683, 48.381913970339376 ], [ 8.483583954846228, 48.382237955147026 ], [ 8.483601510092539, 48.384120758122123 ], [ 8.484105196495401, 48.384718414444315 ], [ 8.484021066299986, 48.384770397524804 ], [ 8.483053149170386, 48.384628224256979 ], [ 8.481476696414497, 48.384719913078861 ], [ 8.480905474060089, 48.384856245108736 ], [ 8.480004396758531, 48.385207002926307 ], [ 8.47944053583802, 48.385613889444315 ], [ 8.480088821665305, 48.386571992333344 ], [ 8.480683669994567, 48.386996440517756 ], [ 8.481308588215283, 48.38722750383382 ], [ 8.480809155596354, 48.38801839323461 ], [ 8.479791730213199, 48.388885300001718 ], [ 8.479454267860602, 48.388995601654067 ], [ 8.478548493674525, 48.3896921566473 ], [ 8.476491459234108, 48.389910249745768 ], [ 8.47349348622549, 48.391067569233279 ], [ 8.470054810625642, 48.393101930636071 ], [ 8.466098515454085, 48.393581422499338 ], [ 8.460283190705711, 48.393204681619473 ], [ 8.461173456364655, 48.393865787188062 ], [ 8.461840775917084, 48.395084352900305 ], [ 8.462254124884964, 48.395561666519747 ], [ 8.462864869942848, 48.396627828789235 ], [ 8.463909660334579, 48.397261744500028 ], [ 8.463456223013539, 48.397433535324957 ], [ 8.465057840337492, 48.398113489400835 ], [ 8.465600968008085, 48.399336312952585 ], [ 8.467391415065032, 48.398709094756747 ], [ 8.469872321405408, 48.39805498337725 ], [ 8.471428515913159, 48.398043610026626 ], [ 8.475612558846867, 48.396833189190623 ], [ 8.478122698555989, 48.39598290705797 ], [ 8.479344498627377, 48.397107350482955 ], [ 8.4807545075845, 48.397824094376553 ], [ 8.479807757364343, 48.398577152025609 ], [ 8.479071597480139, 48.399304435548132 ], [ 8.48093864732011, 48.399895763366359 ], [ 8.481536193002841, 48.398156175407124 ], [ 8.486733263536541, 48.3999640426509 ], [ 8.487491596329479, 48.400112898042025 ], [ 8.488542092360065, 48.399433560962059 ], [ 8.48790422153972, 48.399142292682939 ], [ 8.487976738067699, 48.399051389872739 ], [ 8.490134893562914, 48.399751012992077 ], [ 8.490661573006554, 48.398636867498105 ], [ 8.494152193553203, 48.399657367054573 ], [ 8.495812257216196, 48.399830640715379 ], [ 8.497166789567736, 48.399860319341443 ], [ 8.497268429763839, 48.400404517904981 ], [ 8.496519862538655, 48.402137767854391 ], [ 8.496577320731344, 48.403434788401555 ], [ 8.496389579375508, 48.404947193660291 ], [ 8.496914772935058, 48.405057720170738 ], [ 8.497667783041127, 48.4050717160601 ], [ 8.497706802804712, 48.405225638139825 ], [ 8.497418985582913, 48.405487711529943 ], [ 8.497585241526746, 48.405426810963299 ], [ 8.497688533390281, 48.405255966860196 ], [ 8.49785144825813, 48.405232387172269 ], [ 8.498261681995704, 48.405244702788863 ], [ 8.498897928150948, 48.405453767270984 ], [ 8.499074090982143, 48.405278201174895 ], [ 8.499224116496581, 48.405356314863447 ], [ 8.499691832354566, 48.405404322106321 ], [ 8.499653799702148, 48.405934325748042 ], [ 8.502186986355314, 48.40599479468586 ], [ 8.502601471118993, 48.405932171629765 ], [ 8.504383104183326, 48.40595263479527 ], [ 8.507578596696383, 48.405795509495661 ], [ 8.509010836475284, 48.405489988232965 ], [ 8.509819783956328, 48.405238024178956 ], [ 8.512143880703151, 48.406531624770857 ], [ 8.514768578860298, 48.404803413211575 ], [ 8.513225607874498, 48.403946628243325 ], [ 8.512122470164483, 48.403613670446845 ], [ 8.510610219569097, 48.404069852982516 ], [ 8.512359647616938, 48.401318385605201 ], [ 8.512582538693406, 48.401180872450297 ], [ 8.513801545880762, 48.400989724292884 ], [ 8.513699474795029, 48.400925687008225 ], [ 8.513904288363397, 48.400614640529554 ], [ 8.515358785980796, 48.399781393855619 ], [ 8.515721038219475, 48.399094139691783 ], [ 8.516266908145006, 48.398774627666263 ], [ 8.516638269610567, 48.398378718666535 ], [ 8.517233973001579, 48.398273890273444 ], [ 8.518350428636955, 48.397931570537935 ], [ 8.518698214829564, 48.397970181850596 ], [ 8.519130187462569, 48.398150120684086 ], [ 8.519573044351409, 48.397992281076405 ], [ 8.519758694475138, 48.398032821077948 ], [ 8.520377035088194, 48.397933198958746 ], [ 8.521090528287841, 48.39762722777877 ], [ 8.521230849495474, 48.397272176201085 ], [ 8.521706357748617, 48.396699361120341 ], [ 8.522875170730067, 48.395966402743149 ], [ 8.522999314712397, 48.395808217439964 ], [ 8.523842951092437, 48.395781663233223 ], [ 8.524225898433642, 48.395481951226074 ], [ 8.524237028266741, 48.395418391275342 ], [ 8.524124687690756, 48.395397864266705 ], [ 8.521839650123054, 48.39511858253438 ], [ 8.520987007407882, 48.395227763327746 ], [ 8.519356491936859, 48.394018297495087 ], [ 8.518909225987356, 48.393515407245481 ], [ 8.518399621642244, 48.392447627244977 ], [ 8.517768464544572, 48.391680091997522 ], [ 8.518031273215959, 48.39134337055593 ], [ 8.518042698810355, 48.390891608696826 ], [ 8.519847543510716, 48.390055182961156 ], [ 8.520362755808561, 48.389434586511506 ], [ 8.521258373406091, 48.389025012342962 ], [ 8.521331637957427, 48.388227137695708 ], [ 8.521170241661213, 48.387865432001405 ], [ 8.520758696900131, 48.38758986155235 ], [ 8.520474456050016, 48.387537666418694 ], [ 8.520584880948125, 48.387472541282733 ], [ 8.518857710298619, 48.387172941347586 ], [ 8.518154009093456, 48.387185470540658 ], [ 8.517811502610254, 48.38726779408551 ], [ 8.517799803097876, 48.387219433227138 ], [ 8.517192927021856, 48.387219767046602 ], [ 8.516400189264006, 48.387320348576367 ], [ 8.514665848566368, 48.387280747708424 ], [ 8.513539856342621, 48.387455114968617 ], [ 8.512611263375833, 48.387325412295169 ], [ 8.51173166187529, 48.387412098732653 ], [ 8.510899746839714, 48.387370959327924 ], [ 8.509992666560837, 48.38743529401178 ], [ 8.508963422959679, 48.387280842307369 ], [ 8.507890883146883, 48.387246750872862 ], [ 8.507314411012018, 48.387385620559847 ], [ 8.506028997446696, 48.387463237634783 ], [ 8.505057980260274, 48.387740658641214 ], [ 8.504234260117977, 48.387801437961365 ], [ 8.503838222384081, 48.387788125104393 ], [ 8.502800190707855, 48.387566375632211 ], [ 8.501955582726657, 48.387649899778367 ], [ 8.501294590342043, 48.38761716777789 ], [ 8.500643902032303, 48.387442510074315 ], [ 8.500388791536762, 48.387452288456352 ], [ 8.500439453048372, 48.386057402747227 ], [ 8.496536217392245, 48.385377607406404 ], [ 8.493582246568605, 48.384582296616095 ], [ 8.492781042819434, 48.384297352791059 ] ] ] } },
{ "type": "Feature", "properties": { "Gemarkung": "Stetten", "Schluessel": "085923", "Ebene": "Gemarkung" }, "geometry": { "type": "Polygon", "coordinates": [ [ [ 8.542623772899464, 48.169772141553693 ], [ 8.541091493803179, 48.169991048266596 ], [ 8.54048192286446, 48.169391125512455 ], [ 8.53888022567056, 48.169987237339235 ], [ 8.538780750741321, 48.169921160505673 ], [ 8.537946596929199, 48.170444132212928 ], [ 8.53709576755687, 48.169918795901019 ], [ 8.536247001604368, 48.170359914156165 ], [ 8.535102471206626, 48.17070968087954 ], [ 8.534684577143532, 48.170917708936557 ], [ 8.533019768042621, 48.172126625655643 ], [ 8.532958627047629, 48.172075724433746 ], [ 8.532627532963019, 48.172276720113842 ], [ 8.532778716980552, 48.17238034977067 ], [ 8.532101288071912, 48.17288952070512 ], [ 8.532275505318546, 48.173137555806562 ], [ 8.531785065591292, 48.173746092046827 ], [ 8.531868769292091, 48.17383046443679 ], [ 8.531472043814794, 48.174102535226034 ], [ 8.531374277067492, 48.174410102160913 ], [ 8.530989937686028, 48.174532692524117 ], [ 8.530552713678441, 48.174082769907997 ], [ 8.530121418973657, 48.174383305137788 ], [ 8.529649527284082, 48.173871608267945 ], [ 8.529451926008514, 48.173784158966626 ], [ 8.529369453223378, 48.173889085617446 ], [ 8.529529348283232, 48.174157759184311 ], [ 8.529136599771642, 48.174199516362876 ], [ 8.529210922123525, 48.1745001388405 ], [ 8.527401229547646, 48.17468830652934 ], [ 8.527392788351095, 48.175123813959004 ], [ 8.526422173541544, 48.17497460862478 ], [ 8.526536368251069, 48.17447853757983 ], [ 8.525921990329163, 48.174500297187052 ], [ 8.522712248652056, 48.174287012768104 ], [ 8.522721437281239, 48.174224522136434 ], [ 8.521788185286955, 48.174154246010019 ], [ 8.517283766154804, 48.173918772294016 ], [ 8.517274024140551, 48.174010860136136 ], [ 8.516741690715259, 48.173990539557018 ], [ 8.5165162738136, 48.174431791680398 ], [ 8.515427169576038, 48.174028820894733 ], [ 8.51224189779078, 48.174235594669234 ], [ 8.504012731555022, 48.175946150245785 ], [ 8.498706617443592, 48.176543472840535 ], [ 8.498570856050856, 48.176395240814912 ], [ 8.497826690837067, 48.176755648913733 ], [ 8.497652158058406, 48.176624520564616 ], [ 8.49730326195653, 48.176675447541108 ], [ 8.496802295698515, 48.176375636654377 ], [ 8.494727229456316, 48.176158794878077 ], [ 8.490707037484356, 48.17530937574341 ], [ 8.484763532234686, 48.175178704670707 ], [ 8.478143910541077, 48.17464555396667 ], [ 8.477463221833057, 48.17616060747072 ], [ 8.477599320333979, 48.176521194052654 ], [ 8.479762753463783, 48.176879727222079 ], [ 8.482764314594018, 48.177260167729116 ], [ 8.482986833398336, 48.177431570953338 ], [ 8.483470337291923, 48.177346924007232 ], [ 8.483756850383731, 48.177441869304822 ], [ 8.483884785766204, 48.177374066976881 ], [ 8.483939725502291, 48.177448898332678 ], [ 8.484441536065274, 48.177564151699528 ], [ 8.484687098814756, 48.177597911699003 ], [ 8.484764440430766, 48.177544906482723 ], [ 8.485223636206195, 48.177684527083301 ], [ 8.485806867292709, 48.177675621315551 ], [ 8.48624889584417, 48.177743185444754 ], [ 8.486343872420711, 48.177823412799967 ], [ 8.486603586572153, 48.177814316497816 ], [ 8.487073460699545, 48.178030451433109 ], [ 8.487142174156926, 48.178194952289893 ], [ 8.488188460834523, 48.178358771474585 ], [ 8.488338994096214, 48.178561153128129 ], [ 8.488766590695223, 48.178647177024999 ], [ 8.488839116823236, 48.178564097864928 ], [ 8.489148618551699, 48.178716352481615 ], [ 8.48926440777667, 48.178828159201849 ], [ 8.489156720352858, 48.178862228966167 ], [ 8.489341983999543, 48.178940875688454 ], [ 8.489925208578553, 48.179015350663398 ], [ 8.490007689390277, 48.179094889733101 ], [ 8.490202913874372, 48.179037455483936 ], [ 8.490213849776143, 48.179114877704997 ], [ 8.490373528840546, 48.179128451357414 ], [ 8.490331031642611, 48.17916793946992 ], [ 8.490562849256486, 48.179259566275611 ], [ 8.490293593395551, 48.180026981595901 ], [ 8.489102751585181, 48.182032781581043 ], [ 8.486373546339342, 48.181451473181745 ], [ 8.485384932634521, 48.181070889573903 ], [ 8.483444094878152, 48.180481431975146 ], [ 8.481353764456264, 48.179646460256379 ], [ 8.480289690992384, 48.179325411818219 ], [ 8.478724768968771, 48.17929952244468 ], [ 8.475960056441236, 48.17882243976711 ], [ 8.474414986751912, 48.178685379930208 ], [ 8.475363014180759, 48.181014071468731 ], [ 8.484515750180197, 48.183096435132256 ], [ 8.489525201140296, 48.183575114175419 ], [ 8.490768563680033, 48.184255129129866 ], [ 8.49362244539836, 48.185598202577388 ], [ 8.496122944766501, 48.185700868724219 ], [ 8.497075279531428, 48.184223513887403 ], [ 8.498096653928776, 48.182875828244022 ], [ 8.501734063622546, 48.182358133544142 ], [ 8.505851703500365, 48.181179404710171 ], [ 8.509360648539259, 48.181373024089019 ], [ 8.513268905483672, 48.181353290917848 ], [ 8.516367935438565, 48.181708794212078 ], [ 8.516760224130307, 48.183111536702832 ], [ 8.520222149509209, 48.182826259678478 ], [ 8.521506929375551, 48.182798326003422 ], [ 8.523056414457578, 48.182515153870433 ], [ 8.525218420043924, 48.182259323822244 ], [ 8.529996938823581, 48.182336810769215 ], [ 8.530801935543435, 48.182577078462842 ], [ 8.531625586552934, 48.182690289850662 ], [ 8.532381067535505, 48.182651799671866 ], [ 8.533064644058227, 48.182516565364018 ], [ 8.53471666956629, 48.18332237133103 ], [ 8.534612705359017, 48.183556770393174 ], [ 8.535243554266451, 48.183748528045996 ], [ 8.535467159173937, 48.183688162745405 ], [ 8.536582130424183, 48.184306253528533 ], [ 8.536993458216042, 48.184285868483087 ], [ 8.537527920711929, 48.185293606602748 ], [ 8.537913897242921, 48.185774425069475 ], [ 8.540360101556589, 48.185113690931082 ], [ 8.541287031794909, 48.184439924718866 ], [ 8.541308607651551, 48.184615270980103 ], [ 8.541561826021557, 48.184582992441335 ], [ 8.543374704095672, 48.184114990013839 ], [ 8.54446409286953, 48.186052841726394 ], [ 8.544798119464414, 48.186391549579334 ], [ 8.545747958096564, 48.187216995883951 ], [ 8.545999699832644, 48.18706360314598 ], [ 8.546499469096286, 48.187299315869438 ], [ 8.54733349666866, 48.187728697305168 ], [ 8.547230191126404, 48.187817449979185 ], [ 8.547612342450046, 48.188103257219709 ], [ 8.547948798793472, 48.187832963680343 ], [ 8.548624026354268, 48.188069446915421 ], [ 8.549104968422569, 48.187370923882085 ], [ 8.549289565044306, 48.187416812324741 ], [ 8.549228898085016, 48.187660840907682 ], [ 8.550572641019999, 48.188010504298042 ], [ 8.552168734874803, 48.188183805963156 ], [ 8.552158896087477, 48.188401942974025 ], [ 8.553510865264734, 48.188552592108877 ], [ 8.554985183103087, 48.18852807913688 ], [ 8.555012813576873, 48.1881495056993 ], [ 8.555489603816371, 48.188216757915036 ], [ 8.555544598344438, 48.18781624768036 ], [ 8.555767046277255, 48.187686652139767 ], [ 8.55595778879154, 48.187006322060562 ], [ 8.55582940800163, 48.186775774778845 ], [ 8.555884879823701, 48.186584264662358 ], [ 8.556562003095044, 48.185480346897386 ], [ 8.556380546614522, 48.185351260677272 ], [ 8.55731509155172, 48.184113017587244 ], [ 8.557528941967314, 48.183698182860716 ], [ 8.557818074042714, 48.182898568763804 ], [ 8.557743004461086, 48.182663999947955 ], [ 8.557846966096527, 48.182276632198167 ], [ 8.558578463787191, 48.181283573188502 ], [ 8.55939905377118, 48.180644070452772 ], [ 8.559178772912055, 48.180682452568981 ], [ 8.559182207224241, 48.180454483472914 ], [ 8.559706666825607, 48.179000429694732 ], [ 8.561954163414581, 48.1765815526295 ], [ 8.562354337569014, 48.175998185879003 ], [ 8.562913882939522, 48.176224068677136 ], [ 8.565474645069292, 48.174505914708348 ], [ 8.566666305629813, 48.17249122929244 ], [ 8.566603102381114, 48.171499887579088 ], [ 8.564046836847908, 48.170916665967219 ], [ 8.563891788580673, 48.170738388134055 ], [ 8.564514730313068, 48.169777356649647 ], [ 8.564007093674919, 48.169686722442407 ], [ 8.560364874279452, 48.169545363390895 ], [ 8.558715600201955, 48.171041534159684 ], [ 8.558316431620511, 48.171585845863142 ], [ 8.557958830533082, 48.171612091893991 ], [ 8.556375835385387, 48.170866354564446 ], [ 8.556279168506514, 48.170970885871583 ], [ 8.555290041967588, 48.170488695738314 ], [ 8.555719575517449, 48.170013068541479 ], [ 8.554788144599362, 48.170233308889678 ], [ 8.553923741875867, 48.170292126644547 ], [ 8.55346134903421, 48.170398474674521 ], [ 8.551610595309784, 48.170247588990463 ], [ 8.549269462782636, 48.170219989255934 ], [ 8.544881146414449, 48.169808452049466 ], [ 8.544866696148734, 48.169708708616803 ], [ 8.5438041681215, 48.169267784676194 ], [ 8.542705349638506, 48.169537285797347 ], [ 8.542639290838807, 48.169388303366198 ], [ 8.542463946630425, 48.169429081521692 ], [ 8.542623772899464, 48.169772141553693 ] ] ] } },
{ "type": "Feature", "properties": { "Gemarkung": "Stockburg", "Schluessel": "086025", "Ebene": "Gemarkung" }, "geometry": { "type": "Polygon", "coordinates": [ [ [ 8.399625459547613, 48.101367220203528 ], [ 8.398197158489292, 48.102708231574482 ], [ 8.397655293613852, 48.10466288673851 ], [ 8.395540530432616, 48.104286591395223 ], [ 8.395009032481902, 48.104088737900575 ], [ 8.39404485361124, 48.103435238491542 ], [ 8.394036420468217, 48.103581306573112 ], [ 8.393616171245364, 48.103610669563977 ], [ 8.393645744795778, 48.103551714807111 ], [ 8.393061952303883, 48.103084833582493 ], [ 8.392539912670831, 48.102279895608042 ], [ 8.392556586267604, 48.102095993448813 ], [ 8.392216870894437, 48.10204021474906 ], [ 8.391303799482793, 48.102172407526488 ], [ 8.39140382394962, 48.102312841899476 ], [ 8.390910300467461, 48.102473794080865 ], [ 8.3908351434593, 48.102718476168562 ], [ 8.390583101012949, 48.102631847520556 ], [ 8.390131013788006, 48.102798234391138 ], [ 8.390194910772765, 48.10305157135933 ], [ 8.389912018700507, 48.103029196628839 ], [ 8.389727608053899, 48.103152557097587 ], [ 8.389753029808375, 48.103297185192524 ], [ 8.389444912710541, 48.103442470886215 ], [ 8.389318797054759, 48.103690569998385 ], [ 8.388730241673542, 48.103855146408705 ], [ 8.388708099452861, 48.103977928719807 ], [ 8.388348969750631, 48.104301082244142 ], [ 8.388503227520269, 48.10437621904159 ], [ 8.388168555429392, 48.104449203426512 ], [ 8.388038255710274, 48.104585085266478 ], [ 8.387781373401062, 48.104498424732334 ], [ 8.387701365735294, 48.104720226284712 ], [ 8.387298717913072, 48.10469162881035 ], [ 8.386119197446266, 48.104847551290696 ], [ 8.385603557181794, 48.104798190773444 ], [ 8.38498236049886, 48.104926855065877 ], [ 8.383135208150051, 48.105509232256495 ], [ 8.381939247595513, 48.105431549439857 ], [ 8.38012506542222, 48.105825926685874 ], [ 8.378600123281991, 48.105904242848098 ], [ 8.377273047309922, 48.10612720450878 ], [ 8.37438982504248, 48.106251809010189 ], [ 8.373522186463399, 48.106581773635938 ], [ 8.37207767466661, 48.106792698735369 ], [ 8.372065783978574, 48.107592383885446 ], [ 8.372906387211208, 48.109277087643598 ], [ 8.37352181051614, 48.111608706286539 ], [ 8.373938146392282, 48.112140092754174 ], [ 8.374218991567949, 48.11226821113496 ], [ 8.374193026990762, 48.113145193852361 ], [ 8.373969935009423, 48.113891904901607 ], [ 8.374110310192986, 48.114513377024238 ], [ 8.37394184893194, 48.114688711921467 ], [ 8.37391096149352, 48.114930834592641 ], [ 8.374057854528109, 48.115259217852575 ], [ 8.376147503750811, 48.116014007697757 ], [ 8.378142944190278, 48.116486191800114 ], [ 8.379122144105622, 48.116532062886435 ], [ 8.380551739940008, 48.116788726101149 ], [ 8.381483493504184, 48.117049351028228 ], [ 8.3828217503965, 48.116969364209019 ], [ 8.386355980629187, 48.11760170929805 ], [ 8.386605948383679, 48.118421236104481 ], [ 8.387172607173484, 48.118926114952515 ], [ 8.388152384036815, 48.119052435736187 ], [ 8.390077314235576, 48.12010857527742 ], [ 8.390985127173741, 48.120505301188025 ], [ 8.391411680121649, 48.121194035838769 ], [ 8.392244797681469, 48.121853879719566 ], [ 8.393797902755765, 48.120722246080149 ], [ 8.394966578175877, 48.119733780507005 ], [ 8.396461505430729, 48.118075116701817 ], [ 8.397345610123235, 48.11667441613735 ], [ 8.39804397293692, 48.116286974120854 ], [ 8.398961425291601, 48.1159373818696 ], [ 8.4013302628526, 48.115535701663973 ], [ 8.401842881864672, 48.113760731903419 ], [ 8.402586722974615, 48.112352782163654 ], [ 8.40276200762561, 48.111359247792329 ], [ 8.402119420034586, 48.11009757692927 ], [ 8.401999707493943, 48.109288117720581 ], [ 8.402059816414152, 48.108159748227706 ], [ 8.401906573904583, 48.106906108718562 ], [ 8.401996188390665, 48.103963632250334 ], [ 8.401774640173141, 48.102427667740649 ], [ 8.401404663534969, 48.101240375934175 ], [ 8.399625459547613, 48.101367220203528 ] ] ] } },
{ "type": "Feature", "properties": { "Gemarkung": "Sulz", "Schluessel": "085740", "Ebene": "Gemarkung" }, "geometry": { "type": "Polygon", "coordinates": [ [ [ 8.583310756363803, 48.330502799512381 ], [ 8.583462452807733, 48.332104130609345 ], [ 8.583852657173189, 48.332999364263593 ], [ 8.58417735464371, 48.3334065591418 ], [ 8.583085691456413, 48.334179201847149 ], [ 8.582469816189159, 48.333623761533666 ], [ 8.582164709560526, 48.333181815814115 ], [ 8.581475674088432, 48.33271517153316 ], [ 8.581290101760338, 48.332440906783198 ], [ 8.581924500105963, 48.333797126316398 ], [ 8.581616595022497, 48.333895600154072 ], [ 8.581564412141804, 48.334303590134475 ], [ 8.5803041048912, 48.334671821395375 ], [ 8.580174267058222, 48.335070350715057 ], [ 8.579606197813256, 48.335037777214247 ], [ 8.578601283226506, 48.335226449339672 ], [ 8.576243095833695, 48.336003106933902 ], [ 8.575919097821416, 48.336948994061778 ], [ 8.576272918209108, 48.338038357011371 ], [ 8.576627025237404, 48.338606002090337 ], [ 8.57736964352592, 48.339271518530438 ], [ 8.57685537366822, 48.339809428791582 ], [ 8.577211575529075, 48.340370781911979 ], [ 8.577872912853444, 48.341012694703011 ], [ 8.579596029159667, 48.342150067445694 ], [ 8.579226639345183, 48.342792878886364 ], [ 8.577739807703137, 48.342080291805559 ], [ 8.576358345994299, 48.341636354447942 ], [ 8.576600076556987, 48.341452902511953 ], [ 8.57548882568592, 48.340779364010203 ], [ 8.574639884283558, 48.340680143384361 ], [ 8.574139117804661, 48.339802373724083 ], [ 8.573533746200741, 48.339350206883452 ], [ 8.572608268679074, 48.339095584631345 ], [ 8.571259373340599, 48.339916370377651 ], [ 8.570086182475684, 48.340763797439017 ], [ 8.573166845978427, 48.341110576083011 ], [ 8.573037648638154, 48.341520705048076 ], [ 8.572067712256676, 48.341543011261805 ], [ 8.571532455833989, 48.342256884487 ], [ 8.570104802540385, 48.341807301930444 ], [ 8.568706470191218, 48.34146829076483 ], [ 8.567828247132299, 48.342199123637641 ], [ 8.567379330886688, 48.342956575871597 ], [ 8.567169013254759, 48.342931763569361 ], [ 8.565641163717004, 48.344381846751958 ], [ 8.566246358454855, 48.345648882836585 ], [ 8.568549993088984, 48.346881363372333 ], [ 8.568000535549068, 48.347426568718298 ], [ 8.567085928466568, 48.346846533713403 ], [ 8.565682067552087, 48.34743025394333 ], [ 8.566523365725104, 48.348362333403593 ], [ 8.567277026252244, 48.349478328652069 ], [ 8.566946367675859, 48.349603397553565 ], [ 8.567351597447116, 48.350060333611609 ], [ 8.567890152101926, 48.350409809102572 ], [ 8.567801786799768, 48.35043673703634 ], [ 8.569151273031268, 48.351618922857803 ], [ 8.568779237105241, 48.351959671960884 ], [ 8.569632082163318, 48.352513821369669 ], [ 8.570066570368628, 48.352627184578047 ], [ 8.570761840383712, 48.352949522312883 ], [ 8.571417546269448, 48.353081519016001 ], [ 8.572763412560704, 48.353568656366157 ], [ 8.573233711601105, 48.352854717708595 ], [ 8.574488264799802, 48.35216770172255 ], [ 8.575016439748937, 48.351777399724845 ], [ 8.577235932759123, 48.352634053067163 ], [ 8.577982886132137, 48.35317605555678 ], [ 8.578560148882037, 48.353427559231122 ], [ 8.579538865270827, 48.353447964373103 ], [ 8.580010240275382, 48.353018476395782 ], [ 8.580551810298008, 48.352702420417636 ], [ 8.581772063425214, 48.353109913623257 ], [ 8.584201730791243, 48.352510277187214 ], [ 8.586350833943044, 48.352597375576721 ], [ 8.587584533116139, 48.353752657693171 ], [ 8.584871587566877, 48.355107782451739 ], [ 8.586324375236757, 48.355749259322032 ], [ 8.585649675138633, 48.356519103933678 ], [ 8.587444832516807, 48.356811649384284 ], [ 8.587070988833482, 48.356851962587982 ], [ 8.586377568378726, 48.357282480372383 ], [ 8.585845851451859, 48.357763687570412 ], [ 8.585671985504788, 48.357946233327482 ], [ 8.585240323341729, 48.358938357907746 ], [ 8.583081926072049, 48.358799744541855 ], [ 8.581812736369217, 48.358795137825865 ], [ 8.58196255733572, 48.359441551867171 ], [ 8.582307742860689, 48.359408798367987 ], [ 8.583234695417604, 48.360923687152237 ], [ 8.583795385573929, 48.36204678912371 ], [ 8.583623973060027, 48.362074688211315 ], [ 8.583821476445005, 48.362357357736407 ], [ 8.584617446884231, 48.363223012691478 ], [ 8.58581837100059, 48.364284358137169 ], [ 8.585209220942701, 48.36554619143692 ], [ 8.585925474856634, 48.365695057046352 ], [ 8.586086017281417, 48.365427085086274 ], [ 8.586527284249657, 48.365621739767278 ], [ 8.585639232482281, 48.367078159218181 ], [ 8.587235357813601, 48.367819462028599 ], [ 8.588223238199143, 48.368395817962778 ], [ 8.590564510639016, 48.367400599578531 ], [ 8.592405812726867, 48.367883869674188 ], [ 8.59335429543211, 48.368684597887693 ], [ 8.593982420911816, 48.368446156446936 ], [ 8.595696657948796, 48.369638759521322 ], [ 8.595756661889139, 48.369717331041684 ], [ 8.595352837084045, 48.369883608591834 ], [ 8.599101621857937, 48.372142381751196 ], [ 8.602531325029181, 48.374078030493223 ], [ 8.604676128181749, 48.375574361495573 ], [ 8.608045849828434, 48.37751746530374 ], [ 8.611348037997811, 48.379175948429449 ], [ 8.614407943038747, 48.381273638629224 ], [ 8.615564362423394, 48.381819014559355 ], [ 8.616235918392622, 48.381991202528958 ], [ 8.618367486197245, 48.382429140465064 ], [ 8.619787184953699, 48.381671468253501 ], [ 8.620960831749867, 48.380196477931257 ], [ 8.624016039434713, 48.378115689941957 ], [ 8.624705913763664, 48.377887449120912 ], [ 8.625870562307895, 48.377738209923457 ], [ 8.627933736630014, 48.377800679704109 ], [ 8.631498780935321, 48.380049521427729 ], [ 8.6341333468124, 48.383011066441675 ], [ 8.637296148964525, 48.385237754042734 ], [ 8.638805459874503, 48.388011655746666 ], [ 8.643406189821004, 48.390019202831901 ], [ 8.647323542959736, 48.391471721757142 ], [ 8.65273913763397, 48.392241209123377 ], [ 8.654708345240751, 48.389532324217541 ], [ 8.656376637964232, 48.387852706451277 ], [ 8.658369089965019, 48.385652584185287 ], [ 8.660084164391455, 48.384232422604718 ], [ 8.661347761000375, 48.383405042801932 ], [ 8.663675007276733, 48.382274338931879 ], [ 8.665600854401172, 48.381687256261415 ], [ 8.668292068441398, 48.380134945459162 ], [ 8.671450738385159, 48.379555810848203 ], [ 8.671781438366411, 48.379435660415304 ], [ 8.671158532310356, 48.378689502309378 ], [ 8.670869475735355, 48.378132235458054 ], [ 8.670454496157694, 48.37639272232321 ], [ 8.670421530164383, 48.375453651356004 ], [ 8.67006010711366, 48.374522095546602 ], [ 8.669436476360753, 48.373734091081069 ], [ 8.668313178035602, 48.373060160208134 ], [ 8.667706216830936, 48.373037536551081 ], [ 8.667300575032836, 48.373100150231188 ], [ 8.666388102771105, 48.373397725016211 ], [ 8.664584621587034, 48.373680732807074 ], [ 8.663019251868148, 48.37401542083245 ], [ 8.660583479641762, 48.374056212498225 ], [ 8.658815295063707, 48.37377739521326 ], [ 8.658289387949196, 48.373587715093784 ], [ 8.657836166474723, 48.373312421017722 ], [ 8.656618121591801, 48.371611489582108 ], [ 8.656313426500878, 48.371320798556873 ], [ 8.655826491996628, 48.371003471455957 ], [ 8.653249473350213, 48.369772912021027 ], [ 8.653404648366214, 48.369609011281604 ], [ 8.652441929422006, 48.368755565874999 ], [ 8.651627294144326, 48.368624270228722 ], [ 8.650674187531346, 48.368721692520232 ], [ 8.648511306192935, 48.36869783121935 ], [ 8.647761360092456, 48.367528404958684 ], [ 8.647449442712125, 48.367414631788407 ], [ 8.646852586095905, 48.36760146049604 ], [ 8.646199700243619, 48.367494733738489 ], [ 8.646418324005758, 48.367178454620202 ], [ 8.645824102008037, 48.366809924136447 ], [ 8.643076586322474, 48.365775726828758 ], [ 8.640876410497121, 48.364410927845213 ], [ 8.641101366945682, 48.362888589391979 ], [ 8.643811146546932, 48.360690315775948 ], [ 8.646439260308677, 48.359393820025019 ], [ 8.64980501535371, 48.356969443363575 ], [ 8.649158645779666, 48.356620653220183 ], [ 8.649082115796126, 48.356422763482946 ], [ 8.64870228275543, 48.356693842709994 ], [ 8.647435826260759, 48.357258646285857 ], [ 8.646297783382888, 48.357385244348876 ], [ 8.645931517651714, 48.35727318900247 ], [ 8.645997144578246, 48.356938895692373 ], [ 8.643649762056986, 48.355762983843647 ], [ 8.647472918180178, 48.352293059568353 ], [ 8.647451418037333, 48.352220390690846 ], [ 8.647619058375346, 48.35222072439646 ], [ 8.647826573115172, 48.352036658581987 ], [ 8.648691443350014, 48.352085455876612 ], [ 8.650187184816852, 48.352314120590236 ], [ 8.651089903659788, 48.352612941928584 ], [ 8.651675396418723, 48.35174833861327 ], [ 8.654198437153001, 48.352737485331055 ], [ 8.654483420186494, 48.352491743418383 ], [ 8.651098246266301, 48.351133917463081 ], [ 8.64933128313058, 48.350583707321611 ], [ 8.647819576029525, 48.350231458412438 ], [ 8.646152164064219, 48.349972096058288 ], [ 8.645603500342062, 48.349777788645703 ], [ 8.645660779196753, 48.349653631292874 ], [ 8.644681948412469, 48.349462312034255 ], [ 8.642656939016714, 48.348908772695943 ], [ 8.640476475897541, 48.347820040370337 ], [ 8.638415735954661, 48.345865264162533 ], [ 8.635335292440265, 48.343456129310219 ], [ 8.635815417373706, 48.341359537029092 ], [ 8.63242870018748, 48.340218602956348 ], [ 8.632368155823112, 48.339367594003704 ], [ 8.631975109229511, 48.337673972419623 ], [ 8.631675446189471, 48.337724924118127 ], [ 8.631491115993752, 48.337650381056115 ], [ 8.628517303938688, 48.336185063060626 ], [ 8.626120710712661, 48.339193254772944 ], [ 8.625899225459223, 48.339272874987429 ], [ 8.626778414664953, 48.34087704898662 ], [ 8.621756562494209, 48.34341651028425 ], [ 8.619823150580876, 48.34193513245755 ], [ 8.618795175119409, 48.342322545860561 ], [ 8.618682519700018, 48.342264323875433 ], [ 8.617451227957334, 48.342858424378697 ], [ 8.616612930654119, 48.34233220713859 ], [ 8.616166024859341, 48.341911471851802 ], [ 8.613753990700923, 48.342062099460101 ], [ 8.612422237790604, 48.341357229037129 ], [ 8.612232513529065, 48.340803743988609 ], [ 8.611327144065209, 48.340751026791459 ], [ 8.609644192814789, 48.340240794451674 ], [ 8.607543820230067, 48.339862714689829 ], [ 8.605159156913013, 48.339151823563235 ], [ 8.604578767710672, 48.339116542201168 ], [ 8.604287699926925, 48.338366117899859 ], [ 8.603362112225236, 48.337777785983086 ], [ 8.602156537252309, 48.338925197711589 ], [ 8.600503602008144, 48.338236800908199 ], [ 8.598739516385917, 48.337101937064929 ], [ 8.598667239292372, 48.336321942396566 ], [ 8.598144607236296, 48.334831256375168 ], [ 8.598191290590878, 48.333663919391185 ], [ 8.596957067134474, 48.332777116234446 ], [ 8.593429117385595, 48.33135401939321 ], [ 8.589501542898374, 48.331164904342906 ], [ 8.589325785535179, 48.331545556808088 ], [ 8.589345661445968, 48.331825964694005 ], [ 8.587583756310377, 48.331716828848556 ], [ 8.58760006941883, 48.330480201885401 ], [ 8.587443464773054, 48.329772949932241 ], [ 8.587474402588313, 48.329449989553524 ], [ 8.587093111434958, 48.329384744920155 ], [ 8.586887653572335, 48.329482251122009 ], [ 8.583463330711151, 48.329494822559468 ], [ 8.583310756363803, 48.330502799512381 ] ] ] } },
{ "type": "Feature", "properties": { "Gemarkung": "Tennenbronn", "Schluessel": "085860", "Ebene": "Gemarkung" }, "geometry": { "type": "Polygon", "coordinates": [ [ [ 8.330057270150329, 48.158729097227933 ], [ 8.329178279136915, 48.159055960089248 ], [ 8.328256334031714, 48.159252468522276 ], [ 8.328179805606778, 48.159562507848662 ], [ 8.32712422745681, 48.160053687639106 ], [ 8.327052621193195, 48.160284941253288 ], [ 8.327500863875761, 48.160477401433731 ], [ 8.327619254168356, 48.160977607585025 ], [ 8.32733542805634, 48.161827243153688 ], [ 8.325911104342806, 48.162386249787168 ], [ 8.325147503355058, 48.162623878344561 ], [ 8.324496670566001, 48.162722261263788 ], [ 8.323648272290825, 48.162371337595516 ], [ 8.321002684263609, 48.163774836651491 ], [ 8.320902021693758, 48.163494795194282 ], [ 8.321019760796375, 48.163204437827169 ], [ 8.32047682520728, 48.162952282405271 ], [ 8.320263157211501, 48.162350019422512 ], [ 8.320212076646104, 48.161849664011676 ], [ 8.32029567706801, 48.161517179368332 ], [ 8.319942016110298, 48.161210808860488 ], [ 8.319601391625284, 48.161271412190217 ], [ 8.319410975611701, 48.161982757466987 ], [ 8.319378876899103, 48.162660671368549 ], [ 8.319101198424931, 48.16363430157439 ], [ 8.319203186461383, 48.164372389642814 ], [ 8.319130951982556, 48.164901974906641 ], [ 8.319270443288019, 48.165590891385683 ], [ 8.319091960287961, 48.166181476654849 ], [ 8.317074659183962, 48.167474612932146 ], [ 8.316050740667613, 48.167890933805772 ], [ 8.313435383712758, 48.169219492851163 ], [ 8.312785470108759, 48.169482729808223 ], [ 8.312337189577544, 48.169552924487824 ], [ 8.310516820256391, 48.171102817670146 ], [ 8.306851585877023, 48.173131277799186 ], [ 8.306059054539801, 48.172304621197512 ], [ 8.303906473911058, 48.169438660032647 ], [ 8.301730377389493, 48.167282287132942 ], [ 8.300654239327498, 48.166633898949428 ], [ 8.299381754370632, 48.16607580344867 ], [ 8.298648263762049, 48.165985858788623 ], [ 8.297970528779945, 48.166028415913907 ], [ 8.295944620125329, 48.166526514483202 ], [ 8.29484070273816, 48.166596401940978 ], [ 8.292150720338544, 48.167204349781777 ], [ 8.290127297786391, 48.16752458044671 ], [ 8.285937468616767, 48.167666602701701 ], [ 8.286665497129187, 48.169023371930599 ], [ 8.286875480930961, 48.169554508016134 ], [ 8.286796645301109, 48.169808094070859 ], [ 8.285762844711266, 48.170275726743412 ], [ 8.281988894130036, 48.171595376188215 ], [ 8.285260465793408, 48.174922699449198 ], [ 8.286971183624551, 48.176980498155906 ], [ 8.288471307597138, 48.178304252924555 ], [ 8.289748513514615, 48.17913762467677 ], [ 8.29109417052539, 48.180326874877899 ], [ 8.291463955020028, 48.180778103983776 ], [ 8.291636109970829, 48.181200943304354 ], [ 8.292099697941634, 48.181494041617221 ], [ 8.292178989253694, 48.181832186420344 ], [ 8.292089486229177, 48.181844860821307 ], [ 8.292597571822668, 48.182971980798094 ], [ 8.293078431705025, 48.183703154014054 ], [ 8.296650014012274, 48.183275843757045 ], [ 8.298171183972796, 48.183434490896886 ], [ 8.299213757045772, 48.183775448868126 ], [ 8.300218740150825, 48.184467320296037 ], [ 8.301733077372768, 48.185152201339655 ], [ 8.303306458809386, 48.186397391417202 ], [ 8.305634382638734, 48.187757152649759 ], [ 8.30769880482943, 48.189109971465754 ], [ 8.308117714090416, 48.189495674110681 ], [ 8.30888185307724, 48.19055453448869 ], [ 8.310095997501044, 48.191501829754493 ], [ 8.310799952509567, 48.195578703669923 ], [ 8.310412358860864, 48.196724929996257 ], [ 8.309464160961314, 48.197958028136973 ], [ 8.309007281828348, 48.199089078119329 ], [ 8.308977433273117, 48.199387237430251 ], [ 8.309038429246954, 48.199695029684698 ], [ 8.309497205592528, 48.200415922329434 ], [ 8.309964378108614, 48.200923455949194 ], [ 8.310455229670978, 48.201251730615837 ], [ 8.311782564627565, 48.20241039320193 ], [ 8.312075617068661, 48.202807832610198 ], [ 8.312765292188798, 48.20402087616327 ], [ 8.313064964910033, 48.205071889963108 ], [ 8.313046215883304, 48.20592036887389 ], [ 8.312856109430001, 48.206679473685824 ], [ 8.312610560168622, 48.207065143801508 ], [ 8.311813688394997, 48.207792816678989 ], [ 8.311578378468578, 48.20839771107201 ], [ 8.31142761218474, 48.209212020043132 ], [ 8.311402498432026, 48.210181648620718 ], [ 8.312105932712987, 48.211137284860982 ], [ 8.312348732357668, 48.211913822579241 ], [ 8.31220924978431, 48.213654702763613 ], [ 8.313988686755604, 48.213848241937235 ], [ 8.316006599561577, 48.214239485421729 ], [ 8.320800434569103, 48.21479656525301 ], [ 8.324991358327376, 48.215696018129101 ], [ 8.33218220362858, 48.21453575473079 ], [ 8.336227593393511, 48.214106277425557 ], [ 8.337659561332945, 48.215405863426007 ], [ 8.338222509015923, 48.216525712230833 ], [ 8.338548660193993, 48.216915266117397 ], [ 8.339069395332153, 48.217332478721026 ], [ 8.34021020721409, 48.21811744406007 ], [ 8.34386187730329, 48.219438575607477 ], [ 8.344861624743281, 48.219565915043745 ], [ 8.345786948419221, 48.21950136813156 ], [ 8.348331894255152, 48.219041594491095 ], [ 8.349066451252046, 48.219273197540588 ], [ 8.350934726357529, 48.219558255709579 ], [ 8.352684438961315, 48.221005195957581 ], [ 8.354182958260969, 48.221814617459657 ], [ 8.357423133645852, 48.221133803245039 ], [ 8.359065064642095, 48.220664153198136 ], [ 8.360214588052175, 48.220866868179151 ], [ 8.360807684745559, 48.2211449324681 ], [ 8.361363144497357, 48.221137222976274 ], [ 8.36209033740492, 48.22038659993747 ], [ 8.363404099595998, 48.220503913893964 ], [ 8.364943040549853, 48.220942296692975 ], [ 8.367255042679025, 48.220880999593902 ], [ 8.36761537870396, 48.220734173408168 ], [ 8.368224971240327, 48.220768923970589 ], [ 8.368597664421776, 48.220667956834852 ], [ 8.369143558781003, 48.220715038318644 ], [ 8.369582477647192, 48.220965850286262 ], [ 8.369930121056974, 48.220997085877819 ], [ 8.370419788063485, 48.221380876995916 ], [ 8.370567099600754, 48.221851321696676 ], [ 8.371734364323574, 48.222711511761794 ], [ 8.372125321369959, 48.222824129379887 ], [ 8.37295818962304, 48.222890483428117 ], [ 8.373321141851283, 48.221459256582428 ], [ 8.373150423472849, 48.220345679356484 ], [ 8.373285530626264, 48.219865531573518 ], [ 8.373277048360032, 48.219325131432875 ], [ 8.373090575942813, 48.217572867562112 ], [ 8.373454069057823, 48.217274352433229 ], [ 8.373972243769263, 48.217085900947446 ], [ 8.374753444853335, 48.216932436319745 ], [ 8.37606022070981, 48.216390004649178 ], [ 8.376944157885488, 48.216311127176375 ], [ 8.376493093887657, 48.216129553422327 ], [ 8.375715533515477, 48.215973915939159 ], [ 8.37574274137212, 48.215053590084239 ], [ 8.376205986508081, 48.213655105807447 ], [ 8.376891431225511, 48.213777941949473 ], [ 8.378063841559536, 48.214129141796867 ], [ 8.378575671351207, 48.214138387250053 ], [ 8.37937802134496, 48.213967731428532 ], [ 8.37966130491629, 48.213985544711292 ], [ 8.38017049844137, 48.214179655315206 ], [ 8.379522870646944, 48.213198647707593 ], [ 8.378632921175237, 48.21286689349418 ], [ 8.378025637600889, 48.212815386246852 ], [ 8.377518791772689, 48.212684796980035 ], [ 8.376423061626863, 48.212207510796091 ], [ 8.375778453748751, 48.211750118407707 ], [ 8.376587835413353, 48.210875871566067 ], [ 8.377310931074243, 48.210355000286924 ], [ 8.378637383236487, 48.209683179867582 ], [ 8.379762528939045, 48.209315793516986 ], [ 8.378985066218673, 48.208970523386007 ], [ 8.378227212554384, 48.208429491120192 ], [ 8.378397057370668, 48.207774984071655 ], [ 8.37881840385826, 48.207425571905759 ], [ 8.379274362857918, 48.207252144878346 ], [ 8.379714248622466, 48.20687134028551 ], [ 8.379789750962217, 48.206180694161553 ], [ 8.379438415978676, 48.205315273682601 ], [ 8.379668398885658, 48.205072968176886 ], [ 8.380197928947533, 48.204834796676096 ], [ 8.380738443695877, 48.204656331503777 ], [ 8.381270649739557, 48.20458632196766 ], [ 8.381763686155253, 48.20438231508237 ], [ 8.382489035788639, 48.203729078166951 ], [ 8.383295180361563, 48.20359764185946 ], [ 8.384187391947171, 48.203247046028764 ], [ 8.384814708994947, 48.202616931109134 ], [ 8.384829003583214, 48.202243635172671 ], [ 8.384556180312556, 48.201987022120321 ], [ 8.384105267063687, 48.201913351640904 ], [ 8.383564437324116, 48.202132677043444 ], [ 8.38315449330004, 48.202110415022112 ], [ 8.382739758312173, 48.20184844767698 ], [ 8.382374071372809, 48.201234782512181 ], [ 8.382186319072938, 48.20054181987247 ], [ 8.382290093161576, 48.20007057851938 ], [ 8.382484834085911, 48.199879720212138 ], [ 8.383131339573355, 48.199566409174196 ], [ 8.383316486034827, 48.199333572264912 ], [ 8.38312010636065, 48.19889913647426 ], [ 8.382541785295198, 48.198578619986193 ], [ 8.38250325121081, 48.198470449822082 ], [ 8.383429453401979, 48.197321294461624 ], [ 8.383565775823612, 48.196726608390314 ], [ 8.383421679919985, 48.196286875153319 ], [ 8.383179402335131, 48.195943871826543 ], [ 8.382685291144064, 48.195673290816195 ], [ 8.382480658169374, 48.195423336505769 ], [ 8.382290851905411, 48.19498119692458 ], [ 8.38235888937648, 48.194873599232331 ], [ 8.382712048391191, 48.194577247601636 ], [ 8.382888666833281, 48.194526553415265 ], [ 8.383106344940147, 48.194496772258425 ], [ 8.383974188771182, 48.194650415312189 ], [ 8.384182496425543, 48.19461653328262 ], [ 8.384458366451655, 48.194435642803988 ], [ 8.384564367367046, 48.194168911283576 ], [ 8.383973120950239, 48.192932174069981 ], [ 8.383966197157351, 48.192701545367036 ], [ 8.384089142240851, 48.19245802714471 ], [ 8.385443394995404, 48.191282986664817 ], [ 8.385592903367737, 48.190966373667429 ], [ 8.385850919723771, 48.190847463248176 ], [ 8.387437574869187, 48.190746526026501 ], [ 8.388108232801311, 48.190471822273793 ], [ 8.38942304043854, 48.190124603501914 ], [ 8.390129146631809, 48.189809140123558 ], [ 8.390311331250516, 48.189593460077624 ], [ 8.391528074778968, 48.189502559857168 ], [ 8.392550690053991, 48.189511386901444 ], [ 8.393630364653202, 48.189314115927274 ], [ 8.395745323310422, 48.189065330652411 ], [ 8.396814172111142, 48.189054929387815 ], [ 8.397276508804373, 48.186987426981844 ], [ 8.397796362873914, 48.185829545091181 ], [ 8.399440078085611, 48.184260978704501 ], [ 8.400547820030976, 48.183490953407897 ], [ 8.397164660884519, 48.182791922125155 ], [ 8.393571647589663, 48.181654612069792 ], [ 8.394322069052203, 48.180739979086503 ], [ 8.394139157396692, 48.180450662681189 ], [ 8.393864482052177, 48.180242824437528 ], [ 8.393419829704746, 48.179322789079251 ], [ 8.393651751124533, 48.179185729368797 ], [ 8.393647316503811, 48.179014223907132 ], [ 8.39338407086051, 48.178887417392843 ], [ 8.393157080203688, 48.178925895907966 ], [ 8.392626839305061, 48.178659844400855 ], [ 8.39250243089524, 48.178430034379261 ], [ 8.392062693224217, 48.178110296781362 ], [ 8.391471338180043, 48.177439773072564 ], [ 8.391407688175347, 48.176134606321476 ], [ 8.391480394051541, 48.175196787577093 ], [ 8.391210595058016, 48.173239507985244 ], [ 8.390769891553608, 48.17210868301207 ], [ 8.383240445214104, 48.175012069273386 ], [ 8.37868750907605, 48.173927797328304 ], [ 8.376038903492772, 48.172827786137411 ], [ 8.373825336236926, 48.172218889927649 ], [ 8.370787925602771, 48.170823247113418 ], [ 8.368892657184295, 48.169836954695263 ], [ 8.368853329854204, 48.169961886751125 ], [ 8.367788221635767, 48.169393362446648 ], [ 8.367043113818225, 48.169097309892329 ], [ 8.364590869833169, 48.168331452773444 ], [ 8.364556875989498, 48.168383177445605 ], [ 8.364372866656971, 48.168330337444907 ], [ 8.364417849596162, 48.168281822533835 ], [ 8.362830964737224, 48.167802134986317 ], [ 8.358267508386225, 48.165835378584724 ], [ 8.355829191763819, 48.165097032301269 ], [ 8.35518214537821, 48.166172323219492 ], [ 8.351785459625823, 48.165597024535174 ], [ 8.349141201397776, 48.165040373459583 ], [ 8.347936875398508, 48.164753651427141 ], [ 8.346801921337187, 48.164321469743122 ], [ 8.344577443615446, 48.163695751992186 ], [ 8.343995518898478, 48.163580959573359 ], [ 8.342634495472291, 48.163469538560371 ], [ 8.34144560155427, 48.162959981029822 ], [ 8.340674788817918, 48.162390640790214 ], [ 8.33691278260687, 48.162114025142095 ], [ 8.336069366866527, 48.162152791975842 ], [ 8.334919740441395, 48.162347588590805 ], [ 8.332495088534017, 48.162439428277104 ], [ 8.330809004753185, 48.162189224598059 ], [ 8.330460846506345, 48.161899203175615 ], [ 8.329399635901215, 48.161479244739191 ], [ 8.328838513112814, 48.160743343875993 ], [ 8.329049111722053, 48.160123870222954 ], [ 8.329378548113279, 48.159836899010351 ], [ 8.32948323908345, 48.159625090533659 ], [ 8.329538504763988, 48.159439534825864 ], [ 8.329357578326208, 48.15938233803017 ], [ 8.329537746111045, 48.159157204426172 ], [ 8.329925476585197, 48.159101794630601 ], [ 8.330143917341012, 48.158787362990267 ], [ 8.330057270150329, 48.158729097227933 ] ] ] } },
{ "type": "Feature", "properties": { "Gemarkung": "Trichtingen", "Schluessel": "085822", "Ebene": "Gemarkung" }, "geometry": { "type": "Polygon", "coordinates": [ [ [ 8.657498850268096, 48.265181927231737 ], [ 8.654590018368754, 48.262964064936703 ], [ 8.654913865966728, 48.262634764986693 ], [ 8.653679441895198, 48.262363399380874 ], [ 8.652062069300369, 48.262195585123912 ], [ 8.65033608734101, 48.261655220531061 ], [ 8.650660781457448, 48.260907853968966 ], [ 8.647897584894027, 48.260123362739066 ], [ 8.646050148723351, 48.259744593931138 ], [ 8.64436322297362, 48.259266427456573 ], [ 8.641753406860438, 48.258789503228513 ], [ 8.641729144326691, 48.258848896485439 ], [ 8.641933576218685, 48.258939141360237 ], [ 8.641462199659561, 48.259586881634696 ], [ 8.640556851564709, 48.262402931568026 ], [ 8.639451790024012, 48.264593879825142 ], [ 8.639339883597481, 48.265714169093613 ], [ 8.63925576827992, 48.266101576891117 ], [ 8.638979128577855, 48.266617574222067 ], [ 8.63894142197171, 48.26716895891412 ], [ 8.638054183754027, 48.267095275099756 ], [ 8.638017974576723, 48.267280494942526 ], [ 8.636178865896934, 48.266518781010674 ], [ 8.634943658043047, 48.265695978691554 ], [ 8.634114048772604, 48.26470774365049 ], [ 8.634053129190812, 48.264766298850802 ], [ 8.63307428081171, 48.26447096390617 ], [ 8.631127817092425, 48.264121598972508 ], [ 8.630906988095672, 48.264287331062185 ], [ 8.630791207023268, 48.264553984182136 ], [ 8.630942436207977, 48.265390271553059 ], [ 8.630874297448901, 48.265851948073305 ], [ 8.631156583977296, 48.266921582433497 ], [ 8.631077489104252, 48.267145528674959 ], [ 8.630337925404064, 48.267935140876268 ], [ 8.630282841509571, 48.268248411838712 ], [ 8.629864122722889, 48.268887006264301 ], [ 8.63099107326244, 48.269509426880319 ], [ 8.631733495741271, 48.270499383733735 ], [ 8.631154299184626, 48.270347731027094 ], [ 8.630508236068884, 48.271022484961698 ], [ 8.629493417322198, 48.271699916328807 ], [ 8.630495447997077, 48.272871012375518 ], [ 8.628472496408829, 48.274182072773122 ], [ 8.627764891062009, 48.273335526884772 ], [ 8.627416723446238, 48.27341743965399 ], [ 8.626006886047239, 48.275818871341116 ], [ 8.625895713669689, 48.276739419560343 ], [ 8.625379511474915, 48.278250906320508 ], [ 8.625487599447192, 48.278417968539877 ], [ 8.625660399705719, 48.278472241873637 ], [ 8.625492172054283, 48.278474663088019 ], [ 8.625845251242501, 48.279017327982402 ], [ 8.628185714135517, 48.280495620577639 ], [ 8.630407031088534, 48.282439514626539 ], [ 8.631535994938575, 48.282768010450354 ], [ 8.632519221665513, 48.28372184435991 ], [ 8.632026096814911, 48.284740230392622 ], [ 8.632330040849922, 48.286378432718109 ], [ 8.632692277406417, 48.286676843082446 ], [ 8.633683207110492, 48.287396415408715 ], [ 8.636088816580045, 48.288424284634893 ], [ 8.636181195986007, 48.288628173454313 ], [ 8.637304782758742, 48.288902794586093 ], [ 8.638232277301142, 48.289018085332543 ], [ 8.638297330675352, 48.288931201379086 ], [ 8.639987219623704, 48.289329481936022 ], [ 8.63930418026982, 48.291217019294649 ], [ 8.640690932964635, 48.292366646249853 ], [ 8.645399170552313, 48.293080126665274 ], [ 8.648612557455531, 48.293290616912543 ], [ 8.648743923954578, 48.292575776924053 ], [ 8.649042922041989, 48.29199055168737 ], [ 8.649398478776694, 48.290606316872392 ], [ 8.649918821993801, 48.289429417676516 ], [ 8.649885840334155, 48.289323875352252 ], [ 8.648451454227272, 48.288869932024163 ], [ 8.650548698411617, 48.288199498029734 ], [ 8.650469101410438, 48.288148964293903 ], [ 8.651151161375346, 48.287664940637278 ], [ 8.65204300628726, 48.286758430441687 ], [ 8.652380502452189, 48.286687297090893 ], [ 8.652856810760326, 48.286323107678207 ], [ 8.6535616554686, 48.286150606067103 ], [ 8.654778975760548, 48.285984317934201 ], [ 8.655332215217474, 48.285963305488899 ], [ 8.655804795759083, 48.286069533037754 ], [ 8.656129120524156, 48.285870595329555 ], [ 8.657684162467847, 48.285272271872849 ], [ 8.658231972261017, 48.28497268972535 ], [ 8.658613874646127, 48.284505632763938 ], [ 8.657883318129507, 48.284032931355654 ], [ 8.657770539454818, 48.283824050934804 ], [ 8.658671997401841, 48.283308336696834 ], [ 8.660696097061482, 48.283430654457419 ], [ 8.662330444127056, 48.283787687882914 ], [ 8.664495617998128, 48.283861500475162 ], [ 8.666239220393798, 48.284090053381007 ], [ 8.667326242565959, 48.284130269600254 ], [ 8.669768050643412, 48.283764031651458 ], [ 8.670745216782583, 48.283341556662627 ], [ 8.670865324576477, 48.283256971067829 ], [ 8.670824525140247, 48.28318721938362 ], [ 8.673795318971889, 48.283352497816139 ], [ 8.67462049732262, 48.283338371380175 ], [ 8.67535821040264, 48.2834064924226 ], [ 8.678199094002798, 48.284300297472676 ], [ 8.679380373740289, 48.28310972717528 ], [ 8.680500750971122, 48.282382038545087 ], [ 8.681943590862753, 48.281534134801745 ], [ 8.683649519894857, 48.280768987328734 ], [ 8.68325599686673, 48.279516094665709 ], [ 8.68381963497785, 48.279456737595979 ], [ 8.683603160155299, 48.27858498558421 ], [ 8.683304392073135, 48.278664504321249 ], [ 8.682639156260864, 48.278655113165733 ], [ 8.682521685088522, 48.278862884089946 ], [ 8.682328605398325, 48.27876518585019 ], [ 8.682156120742453, 48.278802315738375 ], [ 8.682761874202376, 48.278187530013824 ], [ 8.681659519055103, 48.277791685031552 ], [ 8.680993973136001, 48.27839685254893 ], [ 8.67928535778154, 48.278003979813015 ], [ 8.677388531530458, 48.276639442740006 ], [ 8.676443331064792, 48.275571749754199 ], [ 8.673723429275942, 48.273156888704001 ], [ 8.672786658198284, 48.271740743713323 ], [ 8.670820844593305, 48.270584265662862 ], [ 8.669429190522637, 48.270055491541875 ], [ 8.667756164371506, 48.269093502654471 ], [ 8.666020222527498, 48.268779884549943 ], [ 8.661122613503494, 48.267489992446876 ], [ 8.657498850268096, 48.265181927231737 ] ] ] } },
{ "type": "Feature", "properties": { "Gemarkung": "Trossingen", "Schluessel": "086300", "Ebene": "Gemarkung" }, "geometry": { "type": "Polygon", "coordinates": [ [ [ 8.627846401886657, 48.053778975924395 ], [ 8.627529313061352, 48.054446524584996 ], [ 8.627184026016895, 48.054743389396371 ], [ 8.624766745581237, 48.055901457367476 ], [ 8.623381331158932, 48.056386817726519 ], [ 8.622696307254634, 48.056724571421121 ], [ 8.621850791075703, 48.05834172280926 ], [ 8.621230226347008, 48.059218157141075 ], [ 8.62081306100162, 48.060265304866029 ], [ 8.62059142457635, 48.060509654584507 ], [ 8.618833088082308, 48.061364588761307 ], [ 8.618290552411224, 48.060915451290541 ], [ 8.617986545321376, 48.06122529118494 ], [ 8.617922739006842, 48.061160029909423 ], [ 8.616559361025466, 48.062572173352343 ], [ 8.614205355203801, 48.064647484204073 ], [ 8.612046146894238, 48.066247007386949 ], [ 8.610634322840642, 48.067618338948925 ], [ 8.609581846123788, 48.06819903952595 ], [ 8.609066566334754, 48.068707333264797 ], [ 8.607927656426579, 48.06949285839481 ], [ 8.60772967635393, 48.070143842618926 ], [ 8.607132722447794, 48.070636913501737 ], [ 8.604958902513147, 48.072014293812067 ], [ 8.604271755994297, 48.072708574534069 ], [ 8.603428332108768, 48.073227498278179 ], [ 8.601247906444717, 48.075363329955636 ], [ 8.600921353110882, 48.075751950289117 ], [ 8.600725820407588, 48.076210842430989 ], [ 8.600158169626777, 48.076820220864327 ], [ 8.600162295027765, 48.077258123553868 ], [ 8.60073985278215, 48.077919708332772 ], [ 8.600703253997649, 48.078363857340797 ], [ 8.600576686308411, 48.078358738975432 ], [ 8.600423568609369, 48.079008156176123 ], [ 8.601302928543378, 48.081117787974499 ], [ 8.601469891021551, 48.081995492682026 ], [ 8.601296923437088, 48.08250304780244 ], [ 8.600411683624632, 48.083195447188679 ], [ 8.602653844307884, 48.083604131986242 ], [ 8.602702827991454, 48.083694721994476 ], [ 8.600462077226032, 48.084265105166494 ], [ 8.599360919816441, 48.085194178199771 ], [ 8.601900481588755, 48.086782350851074 ], [ 8.602121920403572, 48.087112140762351 ], [ 8.602363949037805, 48.087262329930404 ], [ 8.604496209666824, 48.088141144872061 ], [ 8.604870050131259, 48.088615856807955 ], [ 8.605453266962156, 48.088316188937732 ], [ 8.605527815371579, 48.088155577238865 ], [ 8.60567924619497, 48.088284215261176 ], [ 8.605952757760916, 48.088077051225248 ], [ 8.606146459399591, 48.089194521632407 ], [ 8.606658704298694, 48.088956504245338 ], [ 8.60755218333388, 48.088948222781802 ], [ 8.607614533799635, 48.088713342263908 ], [ 8.607904941981799, 48.088967870959266 ], [ 8.608100374768519, 48.088962059736481 ], [ 8.608146806507929, 48.088789474336892 ], [ 8.6088654568224, 48.089292609591638 ], [ 8.610741333128933, 48.091677173961472 ], [ 8.611956673509477, 48.092823191712803 ], [ 8.613585356403199, 48.096167848859814 ], [ 8.616873838714538, 48.097073256925484 ], [ 8.621816735054324, 48.098035220332768 ], [ 8.625290945640261, 48.099091518807704 ], [ 8.629119519333244, 48.100050608371262 ], [ 8.629843167495787, 48.100300720291536 ], [ 8.63027360726484, 48.100663157527038 ], [ 8.630439121608694, 48.100545918542558 ], [ 8.63078259209583, 48.100580671538211 ], [ 8.631035857034391, 48.100795344810358 ], [ 8.631224508138061, 48.100691944464366 ], [ 8.631252837855602, 48.100749886394077 ], [ 8.63151339877942, 48.100695840178105 ], [ 8.631933840794986, 48.100748650669544 ], [ 8.632499166110435, 48.101034226822378 ], [ 8.63275321233783, 48.100876510968973 ], [ 8.633090903757818, 48.100855636834645 ], [ 8.633349643212838, 48.100698654407594 ], [ 8.633570901197812, 48.100674708207414 ], [ 8.633678887703603, 48.100751077540103 ], [ 8.633732395701122, 48.100630687642571 ], [ 8.634255210880294, 48.100737348314269 ], [ 8.634449688612087, 48.100872113088997 ], [ 8.634583761359274, 48.100849956896681 ], [ 8.634490078715896, 48.100972468675216 ], [ 8.635019353675371, 48.10090730279255 ], [ 8.635119957892941, 48.101059222521698 ], [ 8.635352629406329, 48.101149841547411 ], [ 8.635205918407353, 48.101287570578315 ], [ 8.635330626760398, 48.101298133041972 ], [ 8.63531794390568, 48.101382125216865 ], [ 8.63561719772488, 48.101307679215253 ], [ 8.635730203356772, 48.101187567010051 ], [ 8.635831076230254, 48.101282805561361 ], [ 8.636095508805431, 48.101345992757196 ], [ 8.636218636792636, 48.10125695193954 ], [ 8.636475601090016, 48.10140783582893 ], [ 8.636748340706687, 48.101436049285006 ], [ 8.636849479514831, 48.101532007541159 ], [ 8.636925344129258, 48.10149760862128 ], [ 8.63707272599577, 48.101588404512313 ], [ 8.637090152850073, 48.10170785035529 ], [ 8.637283330290483, 48.101685337827504 ], [ 8.637603175207262, 48.101968134387533 ], [ 8.638106092183715, 48.102042235415766 ], [ 8.638133720721923, 48.102258701366956 ], [ 8.638447113820034, 48.102179344153392 ], [ 8.639111007382231, 48.102264743574445 ], [ 8.639331326657643, 48.102145144745577 ], [ 8.639469953047739, 48.102278736005488 ], [ 8.639812335212996, 48.101010506331335 ], [ 8.639673992622095, 48.100971205400761 ], [ 8.640264251817621, 48.099903485538988 ], [ 8.640441590176577, 48.099165652674763 ], [ 8.64102273161269, 48.09905509633213 ], [ 8.641528446522001, 48.099109757546458 ], [ 8.642279031692151, 48.099007460745248 ], [ 8.642733552555605, 48.098774411559134 ], [ 8.642996902453239, 48.098488943825195 ], [ 8.643692193036927, 48.098320517614688 ], [ 8.643946978976933, 48.098359994625184 ], [ 8.645581185503776, 48.097691077179412 ], [ 8.646291045104268, 48.097647649216682 ], [ 8.648405104392516, 48.097704430216076 ], [ 8.651674672584191, 48.0984923620234 ], [ 8.653819885955244, 48.099396389914048 ], [ 8.65485293819024, 48.099451050316326 ], [ 8.655612233584097, 48.099408882859592 ], [ 8.656758912727007, 48.099020492044119 ], [ 8.658287722282131, 48.098708981832395 ], [ 8.659257031153102, 48.099018119542819 ], [ 8.660340914930451, 48.097941772304651 ], [ 8.660968790518973, 48.097823515760005 ], [ 8.661533701526164, 48.097537005450647 ], [ 8.663049654774259, 48.096612514842761 ], [ 8.663526524456509, 48.096085965062308 ], [ 8.664107816081192, 48.095939394164439 ], [ 8.6647226366384, 48.095923555359413 ], [ 8.665092789130354, 48.09606741792912 ], [ 8.665573855720242, 48.095945919172941 ], [ 8.666833292049127, 48.095979627573975 ], [ 8.667974384244278, 48.095766461066368 ], [ 8.668049550079379, 48.095669150163545 ], [ 8.667955474115983, 48.095511969772552 ], [ 8.66906198725065, 48.09492954342732 ], [ 8.669872288669199, 48.094019482780872 ], [ 8.670034609461442, 48.09337638957858 ], [ 8.669319051124191, 48.093147966783896 ], [ 8.668936226624155, 48.092929315699152 ], [ 8.665050096947624, 48.090026489325943 ], [ 8.664100399778455, 48.089200935862713 ], [ 8.663154137945117, 48.087298705644386 ], [ 8.663246281968213, 48.087253630494622 ], [ 8.663250850877789, 48.086985711236913 ], [ 8.663421450926357, 48.086893991111417 ], [ 8.663638435553429, 48.086958145743665 ], [ 8.663766194420473, 48.086681679879071 ], [ 8.664105330693934, 48.086773272153451 ], [ 8.664423547747223, 48.086550984631529 ], [ 8.664723194112693, 48.086520369551721 ], [ 8.664855605980351, 48.086105361186604 ], [ 8.665062059488813, 48.085971277013627 ], [ 8.665071534523223, 48.085876925382614 ], [ 8.665273727061148, 48.08573707028161 ], [ 8.66555438645897, 48.085755341778203 ], [ 8.665739538069191, 48.085488937468646 ], [ 8.666008917678944, 48.085507085074369 ], [ 8.666149504160529, 48.085341587646269 ], [ 8.66609983417584, 48.085256600967902 ], [ 8.666397092207632, 48.085240999687052 ], [ 8.6666473613855, 48.085037042641588 ], [ 8.666731631432391, 48.085108094009875 ], [ 8.666840534925663, 48.084920281073032 ], [ 8.667029202021217, 48.084960684930422 ], [ 8.667050266882775, 48.084880042250134 ], [ 8.66738334219407, 48.084723648075084 ], [ 8.667648054560622, 48.084819602988105 ], [ 8.667851277874561, 48.08476818751172 ], [ 8.66791576771524, 48.084616413385234 ], [ 8.6680403993425, 48.084571068373521 ], [ 8.668015928827669, 48.084430013587635 ], [ 8.668387654781812, 48.084338597028044 ], [ 8.668422209644961, 48.084206079919248 ], [ 8.668746434307124, 48.084109306821027 ], [ 8.668809256842721, 48.084007551086579 ], [ 8.66889221865349, 48.084052505606124 ], [ 8.669058900088038, 48.084003411900852 ], [ 8.669068719080622, 48.083896105120211 ], [ 8.669366847624643, 48.083764256503954 ], [ 8.669315539697491, 48.083640938956655 ], [ 8.669885330379907, 48.083441582664221 ], [ 8.669925342650616, 48.083231885884224 ], [ 8.670121062454056, 48.083071670226317 ], [ 8.671029158804762, 48.082522123176716 ], [ 8.671047833617864, 48.082246596280072 ], [ 8.671294776813925, 48.082285540493331 ], [ 8.671313683960356, 48.08197330614572 ], [ 8.671647454479812, 48.081976959485651 ], [ 8.67166692714706, 48.081849796498901 ], [ 8.671836467125743, 48.081961934486664 ], [ 8.671980637374959, 48.081946331326904 ], [ 8.67199332653011, 48.081851178504508 ], [ 8.672402032997637, 48.081746808726763 ], [ 8.672753703903304, 48.081362466060718 ], [ 8.672850049415695, 48.08137173747086 ], [ 8.67286779190735, 48.081262833405347 ], [ 8.673068116589898, 48.081178471134677 ], [ 8.67304937392819, 48.081106261265809 ], [ 8.673235198644738, 48.08104282063038 ], [ 8.673288405681905, 48.080824882811065 ], [ 8.673122323561675, 48.080760441280972 ], [ 8.673228249638678, 48.080656016590176 ], [ 8.673126281635884, 48.080601924063487 ], [ 8.673196611903789, 48.080478684219479 ], [ 8.673099742487635, 48.080361626633355 ], [ 8.673192990477499, 48.080287306106769 ], [ 8.673067651994915, 48.08000156230009 ], [ 8.672903151661419, 48.079963396407649 ], [ 8.672805947439306, 48.079730005400016 ], [ 8.672403202878485, 48.079342073550229 ], [ 8.671588307295284, 48.078823495106789 ], [ 8.671494044791448, 48.078698706092062 ], [ 8.671560182726022, 48.078664796219691 ], [ 8.671376934244801, 48.078514470933591 ], [ 8.671111992162663, 48.078500667169919 ], [ 8.67113234562151, 48.078403826876048 ], [ 8.670864865454551, 48.078282860058145 ], [ 8.670901509737824, 48.078157905601564 ], [ 8.670768812952533, 48.078081320214814 ], [ 8.670668259380543, 48.077806801060426 ], [ 8.670753059721671, 48.07768855251588 ], [ 8.670647296448532, 48.077599358266646 ], [ 8.670792487365867, 48.077442955199196 ], [ 8.670681450017018, 48.077380827081981 ], [ 8.670744158804286, 48.077316047855454 ], [ 8.670591448582005, 48.077304363831857 ], [ 8.670557535399958, 48.077232829781387 ], [ 8.67095567376264, 48.077159294773288 ], [ 8.670929793035993, 48.077028133179951 ], [ 8.67104335589439, 48.077009924351159 ], [ 8.671109470112125, 48.076810918206775 ], [ 8.671306023532777, 48.076726188273028 ], [ 8.671190512144753, 48.076692118738322 ], [ 8.671405343360734, 48.076414543483288 ], [ 8.67130438850101, 48.076055451076051 ], [ 8.671189773434952, 48.075986295474536 ], [ 8.670978691193701, 48.074665189181708 ], [ 8.671237950099274, 48.074177119564176 ], [ 8.671030821489699, 48.073816283416242 ], [ 8.669966146934016, 48.073514887007718 ], [ 8.669807837143539, 48.073352034774686 ], [ 8.670098900223687, 48.072740528974698 ], [ 8.670031928732163, 48.072485899006445 ], [ 8.669714933045514, 48.07232493006294 ], [ 8.669235568897744, 48.07154638255998 ], [ 8.669434534117995, 48.070935692756741 ], [ 8.670113308763696, 48.070045131933639 ], [ 8.669841711910498, 48.06994529388249 ], [ 8.670159395826268, 48.06955519257027 ], [ 8.669912871041195, 48.069124603497478 ], [ 8.66957538244354, 48.069043739303631 ], [ 8.672844457929816, 48.066073525008633 ], [ 8.673834010549561, 48.064412684449273 ], [ 8.674936603634634, 48.063014420342697 ], [ 8.673588411019335, 48.062752021587556 ], [ 8.673107313898099, 48.062273087593873 ], [ 8.673101644701585, 48.062023761687421 ], [ 8.671512311682481, 48.061464107594524 ], [ 8.671641791449611, 48.061153627659749 ], [ 8.671269518210686, 48.060999792326641 ], [ 8.670434331314159, 48.060363913506137 ], [ 8.669922262876215, 48.060098018614212 ], [ 8.669779186703968, 48.059742131742638 ], [ 8.669112263625646, 48.059431972132892 ], [ 8.667898603290208, 48.059848095846675 ], [ 8.667626476904173, 48.059860354799234 ], [ 8.666491525714777, 48.060180602165744 ], [ 8.665446219385471, 48.060334472914555 ], [ 8.664286284395255, 48.060076111656763 ], [ 8.663494610641003, 48.060048513971779 ], [ 8.661002410888193, 48.060274843086766 ], [ 8.659616384651182, 48.060907290918919 ], [ 8.659076178433306, 48.061414295850931 ], [ 8.658904507958002, 48.061476496199475 ], [ 8.657386987167756, 48.061588673774025 ], [ 8.65658921945608, 48.061868981336744 ], [ 8.655939298630402, 48.061673779198536 ], [ 8.655324893687665, 48.061848910888614 ], [ 8.654753205420066, 48.061877604775979 ], [ 8.653776368571096, 48.061718115845011 ], [ 8.653456338152687, 48.061786698720326 ], [ 8.652794503762639, 48.061768325987977 ], [ 8.652200926089433, 48.061978052801976 ], [ 8.651977201201007, 48.062174861887506 ], [ 8.65108385007075, 48.062591417746653 ], [ 8.649848085704051, 48.063028246823663 ], [ 8.649105747063643, 48.063102367661735 ], [ 8.647997045123891, 48.062557260735652 ], [ 8.646564098731321, 48.062109934376394 ], [ 8.645475537507773, 48.061570623097325 ], [ 8.645131750629874, 48.061286242886148 ], [ 8.644942584897253, 48.060943048577577 ], [ 8.644488220416369, 48.0615932142886 ], [ 8.643522245511432, 48.062159738405839 ], [ 8.641398574338924, 48.061784068807434 ], [ 8.640825688753052, 48.061617272461987 ], [ 8.640684027650209, 48.061838428342142 ], [ 8.639253186152519, 48.061524354444188 ], [ 8.63841753614912, 48.061450470679809 ], [ 8.634870137647601, 48.060852641057544 ], [ 8.634409145861135, 48.060733942851527 ], [ 8.633369033132714, 48.060216893661419 ], [ 8.632222706887973, 48.061198683796341 ], [ 8.631485994176582, 48.060259004300043 ], [ 8.629536530855617, 48.059550870610444 ], [ 8.629527520421123, 48.059478594737627 ], [ 8.632641163157102, 48.05801441464299 ], [ 8.632765794630657, 48.058021021057371 ], [ 8.630634093651564, 48.055275195530967 ], [ 8.630481582392282, 48.054570860410841 ], [ 8.629456519799753, 48.054129849229291 ], [ 8.62817990827393, 48.053737679216219 ], [ 8.627753947007523, 48.053666392335451 ], [ 8.627846401886657, 48.053778975924395 ] ] ] } },
{ "type": "Feature", "properties": { "Gemarkung": "Unteriflingen", "Schluessel": "084442", "Ebene": "Gemarkung" }, "geometry": { "type": "MultiPolygon", "coordinates": [ [ [ [ 8.567373739700887, 48.402402693365275 ], [ 8.566218232605253, 48.403805588468131 ], [ 8.566293251673551, 48.403802002735773 ], [ 8.566157210781123, 48.403926812261034 ], [ 8.566150720924076, 48.403847887763575 ], [ 8.562669922199856, 48.406981174473131 ], [ 8.56267259163053, 48.406921987135632 ], [ 8.561019193749358, 48.408354783551438 ], [ 8.560349538770113, 48.409025080680216 ], [ 8.559778646147402, 48.409679737841067 ], [ 8.559989103349395, 48.409782474017 ], [ 8.559779201754818, 48.410085035619119 ], [ 8.559140574688469, 48.410631831337184 ], [ 8.558490896005141, 48.41083023378566 ], [ 8.557960630399165, 48.41117357631915 ], [ 8.559293512955904, 48.411824013143203 ], [ 8.561090174830072, 48.412103026697743 ], [ 8.562422690222853, 48.41253597863922 ], [ 8.561182934136209, 48.413227321889657 ], [ 8.562268282077675, 48.414245728891366 ], [ 8.561400826647688, 48.415248691585269 ], [ 8.561122950930748, 48.415344974908848 ], [ 8.560064755797058, 48.416442473324594 ], [ 8.558087983186528, 48.41698386888271 ], [ 8.558527661142318, 48.418774702799908 ], [ 8.559178991983933, 48.41872519973748 ], [ 8.560549516563857, 48.418827784755756 ], [ 8.561664496371289, 48.419100134966556 ], [ 8.562256555771857, 48.419295454952135 ], [ 8.56222871068198, 48.419343030782287 ], [ 8.563677168361515, 48.419454331747538 ], [ 8.565831018952455, 48.419295142662115 ], [ 8.567090038008804, 48.419273976120657 ], [ 8.56791439492283, 48.419157240393872 ], [ 8.567052478728749, 48.417394183605957 ], [ 8.567747153658461, 48.417266525045413 ], [ 8.569649602494874, 48.417177662567276 ], [ 8.570329233328881, 48.417390721882647 ], [ 8.571596369799074, 48.416671043375771 ], [ 8.571778555040552, 48.416284239598156 ], [ 8.57161948394937, 48.415834089277169 ], [ 8.572747089735211, 48.415179463357134 ], [ 8.572643727223381, 48.414144654520172 ], [ 8.572752537200243, 48.414029272791062 ], [ 8.572673502114096, 48.413897539477773 ], [ 8.570712747111234, 48.412114408581537 ], [ 8.572716036544097, 48.411482388910834 ], [ 8.573050008071458, 48.409668120587682 ], [ 8.571683395811064, 48.409640910036401 ], [ 8.571844325223923, 48.408837305293737 ], [ 8.572261242466908, 48.407784277428888 ], [ 8.573156065287774, 48.406279684206801 ], [ 8.573081221430748, 48.405793771255325 ], [ 8.574799460730484, 48.40335558292449 ], [ 8.57447375692311, 48.403073685481104 ], [ 8.573492539732257, 48.402527738468116 ], [ 8.572809019849515, 48.402236412423761 ], [ 8.571020867926473, 48.401702109875679 ], [ 8.570215904137497, 48.402069135449352 ], [ 8.567827016993807, 48.40281967911131 ], [ 8.567326673367356, 48.402503907893042 ], [ 8.567373739700887, 48.402402693365275 ] ] ], [ [ [ 8.557276240826758, 48.411446330162107 ], [ 8.557128287310894, 48.411366321071419 ], [ 8.557111414315111, 48.411192982150126 ], [ 8.557438400642464, 48.410683504844961 ], [ 8.55756134236451, 48.409814548765411 ], [ 8.556979513334209, 48.407849437144698 ], [ 8.556967674887863, 48.406521046751834 ], [ 8.556645978961354, 48.405180756598732 ], [ 8.556411714953253, 48.404664439510633 ], [ 8.556295782830084, 48.403421924192862 ], [ 8.556409868518717, 48.402950043377857 ], [ 8.557461381929395, 48.401571407125587 ], [ 8.55820432298413, 48.399436402812775 ], [ 8.556469813850448, 48.398681393227889 ], [ 8.555430067155708, 48.400108918031165 ], [ 8.553768427129919, 48.401883720308561 ], [ 8.552091233041358, 48.403277792077553 ], [ 8.551339977000659, 48.403296187042265 ], [ 8.549396416144205, 48.403903148774567 ], [ 8.548211779208563, 48.404355170016345 ], [ 8.545871243897979, 48.404513112634866 ], [ 8.545796133543835, 48.405406806670094 ], [ 8.545094148554192, 48.405305520874002 ], [ 8.54490568829925, 48.405892792271544 ], [ 8.544259329310679, 48.406627593811884 ], [ 8.543583954393041, 48.406722079872218 ], [ 8.542723107916657, 48.406614571501095 ], [ 8.541740050846386, 48.406017875678749 ], [ 8.540779553590445, 48.405829526364535 ], [ 8.539992169070855, 48.405923904121863 ], [ 8.539511659287673, 48.406180813768543 ], [ 8.53934288506589, 48.40556828058061 ], [ 8.539280888034634, 48.404638235368147 ], [ 8.538544066526422, 48.4046414903327 ], [ 8.537347535482397, 48.404977116175679 ], [ 8.534068272835635, 48.406481067750022 ], [ 8.534594842686376, 48.406658722160422 ], [ 8.535027210219853, 48.406735411724561 ], [ 8.535124450333482, 48.406681375312218 ], [ 8.535140492733493, 48.406804063543149 ], [ 8.534187107802373, 48.407495103838272 ], [ 8.534557079940809, 48.40773186161158 ], [ 8.534328731106676, 48.409062521475931 ], [ 8.53554788728842, 48.410291253506813 ], [ 8.535599510889414, 48.410854827480065 ], [ 8.536424703472578, 48.411323008052683 ], [ 8.536343366369966, 48.411618757607201 ], [ 8.536025922321411, 48.411783374853002 ], [ 8.532868389727426, 48.412441833868783 ], [ 8.531164213384908, 48.412922247174052 ], [ 8.532160269678807, 48.414238901184206 ], [ 8.532025579485467, 48.414307447142619 ], [ 8.532462828758362, 48.414698506219317 ], [ 8.533614231224602, 48.414242644392935 ], [ 8.533964982710751, 48.414576488806851 ], [ 8.531356690023634, 48.415844307828998 ], [ 8.529579072855363, 48.41640473770439 ], [ 8.529866886529193, 48.416850074541877 ], [ 8.529248236996519, 48.417282349336524 ], [ 8.529151412937336, 48.417756791955725 ], [ 8.52925848942113, 48.418279840552721 ], [ 8.52946581174897, 48.418309387561706 ], [ 8.530573099730121, 48.419515401265429 ], [ 8.530368280915967, 48.41965365238098 ], [ 8.530166682012235, 48.419618372579066 ], [ 8.530252340836581, 48.419944397869081 ], [ 8.530661386544173, 48.420334358618113 ], [ 8.530619351554279, 48.420598686071145 ], [ 8.530190207743184, 48.420702824269817 ], [ 8.529591929521008, 48.421661752507127 ], [ 8.530062005676898, 48.421942206717354 ], [ 8.530219589513626, 48.421943929759323 ], [ 8.530346905161418, 48.422414249773539 ], [ 8.530686252734453, 48.423021552491697 ], [ 8.53019077939204, 48.423735476655793 ], [ 8.530688919493123, 48.423847717194043 ], [ 8.53014037644745, 48.424569791387988 ], [ 8.52976971889303, 48.425348818405702 ], [ 8.530118364209679, 48.425491398519895 ], [ 8.530403194380229, 48.425987821504243 ], [ 8.529948668519319, 48.426288879665492 ], [ 8.530139314209681, 48.426459423210986 ], [ 8.53043040706299, 48.427010300747625 ], [ 8.530992898918834, 48.427580636927281 ], [ 8.531790278001395, 48.428025794616858 ], [ 8.531129485233308, 48.42835327744362 ], [ 8.530264460115376, 48.428559729062997 ], [ 8.532486316454088, 48.428909746554183 ], [ 8.532378130004076, 48.429312082416239 ], [ 8.533790129612287, 48.430048691125997 ], [ 8.533926587729171, 48.429983299207443 ], [ 8.53401097435729, 48.43017202863544 ], [ 8.535127833664317, 48.43010178461406 ], [ 8.535761887679522, 48.431002739292346 ], [ 8.536990132071887, 48.432021418286396 ], [ 8.538063514941204, 48.432694894881266 ], [ 8.538218115882136, 48.432611757577817 ], [ 8.538424283077527, 48.43271613490699 ], [ 8.538453632700412, 48.432640051921517 ], [ 8.539166851364099, 48.433168758121695 ], [ 8.54083920937849, 48.434110993265321 ], [ 8.542762119286069, 48.434544365923756 ], [ 8.542505735382967, 48.434911575217725 ], [ 8.543195879960228, 48.435277597026335 ], [ 8.543082408224411, 48.435478129161261 ], [ 8.546795331347107, 48.436698167338065 ], [ 8.54672482939085, 48.436781107598854 ], [ 8.547067542740564, 48.436844623040685 ], [ 8.547790429225387, 48.43588933508093 ], [ 8.549623820349259, 48.43604811663031 ], [ 8.549808428506816, 48.435811780295118 ], [ 8.550748834147225, 48.43589318546627 ], [ 8.551151036937181, 48.433869004908452 ], [ 8.55162300363917, 48.433008166775998 ], [ 8.551831950639727, 48.432369326771898 ], [ 8.548247552438003, 48.431587276560137 ], [ 8.54835578079649, 48.431258158056174 ], [ 8.548250799684746, 48.431251448399486 ], [ 8.548262641414466, 48.431166117700485 ], [ 8.548365078600119, 48.431170028434373 ], [ 8.548439164762518, 48.430467779151094 ], [ 8.548803431138698, 48.429329075943016 ], [ 8.549236233555309, 48.42850947746868 ], [ 8.549064591449442, 48.428459503912002 ], [ 8.549517062703481, 48.427982659829581 ], [ 8.549414671644277, 48.427943663760715 ], [ 8.551791392594513, 48.426113061543546 ], [ 8.550523092072906, 48.425618612194455 ], [ 8.55101426659753, 48.425101608642677 ], [ 8.5508692492522, 48.425053181069849 ], [ 8.551135374569418, 48.42267679030045 ], [ 8.550847588065951, 48.422648497751126 ], [ 8.550902286627846, 48.422315838690487 ], [ 8.551572918094084, 48.421768404650535 ], [ 8.551025756858786, 48.419714605977489 ], [ 8.55072350582712, 48.418952317252256 ], [ 8.55117356524282, 48.418722682043899 ], [ 8.551317335588472, 48.418526847797182 ], [ 8.553027336731565, 48.419108383088634 ], [ 8.553705782642595, 48.419173902400381 ], [ 8.553774169057986, 48.418988838473823 ], [ 8.554025957862088, 48.419236590261129 ], [ 8.554003908110513, 48.419393314840285 ], [ 8.554669330484352, 48.41876865185413 ], [ 8.554905769283724, 48.418236070588932 ], [ 8.554959795672611, 48.417419391713324 ], [ 8.554948380685008, 48.417302662143392 ], [ 8.554879373149952, 48.417327405664828 ], [ 8.55474282336554, 48.415026815620841 ], [ 8.554994537073794, 48.414476209847919 ], [ 8.555168686383764, 48.414327000404043 ], [ 8.55507467461781, 48.414352547042974 ], [ 8.555734485533632, 48.413680353834998 ], [ 8.557057207084034, 48.411724111021257 ], [ 8.55740372564453, 48.411424689035606 ], [ 8.557276240826758, 48.411446330162107 ] ] ] ] } },
{ "type": "Feature", "properties": { "Gemarkung": "Unterkirnach", "Schluessel": "086050", "Ebene": "Gemarkung" }, "geometry": { "type": "MultiPolygon", "coordinates": [ [ [ [ 8.356705859420112, 48.058045236825528 ], [ 8.356775860889211, 48.057909591740007 ], [ 8.35583693150752, 48.057878419702114 ], [ 8.356198414928757, 48.05806713675787 ], [ 8.356705859420112, 48.058045236825528 ] ] ], [ [ [ 8.332674190954672, 48.067339258481773 ], [ 8.333228516761992, 48.067187455768384 ], [ 8.33309019914395, 48.066766036436476 ], [ 8.332602976754149, 48.066929474710932 ], [ 8.332674190954672, 48.067339258481773 ] ] ], [ [ [ 8.352697438985929, 48.070562227464464 ], [ 8.352680873866589, 48.070395237250942 ], [ 8.353567416804916, 48.06911795619596 ], [ 8.35230607238584, 48.068502016545693 ], [ 8.352123984992131, 48.068068677377546 ], [ 8.350474169248349, 48.066709611673843 ], [ 8.347673014021654, 48.064152408938526 ], [ 8.347933582175161, 48.06401110324996 ], [ 8.348332973337952, 48.063473360302069 ], [ 8.346995464214089, 48.06309031559266 ], [ 8.346405876373767, 48.062408218260046 ], [ 8.345736766718705, 48.061912535855718 ], [ 8.343887237309879, 48.060973033204363 ], [ 8.342404149619565, 48.060815471767128 ], [ 8.33978575832168, 48.061045538541158 ], [ 8.341593190923719, 48.063817495738263 ], [ 8.343096984946634, 48.06487544051236 ], [ 8.343540863525341, 48.064590878410549 ], [ 8.344703540726636, 48.064515191389901 ], [ 8.345863152027354, 48.064342215983537 ], [ 8.346800062001316, 48.065602648079398 ], [ 8.34732961984939, 48.066109857386188 ], [ 8.34724785710217, 48.067151532115716 ], [ 8.3469920416957, 48.067467497747501 ], [ 8.346489485841865, 48.067318256989239 ], [ 8.346180851461913, 48.066314219342772 ], [ 8.34450310873958, 48.066684969512146 ], [ 8.344472232186018, 48.066748673085606 ], [ 8.343704290824723, 48.066559307979375 ], [ 8.341616208521565, 48.066506695054052 ], [ 8.338656693235771, 48.065753462282032 ], [ 8.337592359877403, 48.065254467490433 ], [ 8.337543113931316, 48.065295120595742 ], [ 8.337243900813412, 48.065045883537493 ], [ 8.33626963802849, 48.064621712358779 ], [ 8.335808510396108, 48.064032073617845 ], [ 8.334984040426447, 48.062109741694357 ], [ 8.334506384193961, 48.062232576351164 ], [ 8.333684660403916, 48.060862585736359 ], [ 8.334830267353873, 48.059502015744023 ], [ 8.335348564231595, 48.058253060546157 ], [ 8.334482673240018, 48.056970541470854 ], [ 8.332422550095448, 48.056353440906193 ], [ 8.334159788550258, 48.054710922593266 ], [ 8.332893272484915, 48.054748111854217 ], [ 8.331551504210402, 48.054409307670312 ], [ 8.326757557723116, 48.054077932370902 ], [ 8.323886659384076, 48.057840423209058 ], [ 8.323739546103747, 48.05947146247378 ], [ 8.323810126672916, 48.060784383381645 ], [ 8.324157470849833, 48.062445772566768 ], [ 8.326786686663398, 48.061087612052177 ], [ 8.329088291138349, 48.060369425876388 ], [ 8.331396717855929, 48.060985061783867 ], [ 8.332088564453919, 48.061413121572485 ], [ 8.33273287541631, 48.062103438054493 ], [ 8.333213242172008, 48.063329839546839 ], [ 8.333306393868966, 48.06405725994486 ], [ 8.333731923073703, 48.065354148177526 ], [ 8.333922024247491, 48.065486608727049 ], [ 8.332623460238439, 48.066154939330509 ], [ 8.331307741661071, 48.066507715406821 ], [ 8.330562985770012, 48.066604596593052 ], [ 8.330153296125888, 48.06658538424265 ], [ 8.329795549489621, 48.067197173428703 ], [ 8.329679644904527, 48.067212332286395 ], [ 8.32886965282403, 48.067204904854087 ], [ 8.328853968489462, 48.06708973973376 ], [ 8.3279455173705, 48.066953611255414 ], [ 8.327529921173044, 48.066419088352546 ], [ 8.325524229527542, 48.065075664110438 ], [ 8.32208778509357, 48.066168207871613 ], [ 8.321459667061818, 48.068684871254661 ], [ 8.320843181733476, 48.068996668914103 ], [ 8.318832043620224, 48.068641252842333 ], [ 8.315412443362847, 48.070226560157877 ], [ 8.314118636899448, 48.071358332617748 ], [ 8.313628137826758, 48.072123759631097 ], [ 8.312959354089001, 48.072071627977955 ], [ 8.312884352028302, 48.072461835395316 ], [ 8.31243503114119, 48.073016160603139 ], [ 8.313686255575369, 48.073477276790555 ], [ 8.313935776153643, 48.074127100767562 ], [ 8.322765156718797, 48.071586774393488 ], [ 8.322483976717621, 48.070641406560327 ], [ 8.328913534525102, 48.067742740647347 ], [ 8.33006921897142, 48.067468323896065 ], [ 8.330010809156146, 48.067231898203509 ], [ 8.330350555608497, 48.067148675800304 ], [ 8.330436505376696, 48.06722826160788 ], [ 8.331253498104973, 48.067203059097899 ], [ 8.332195091299621, 48.067029942173065 ], [ 8.332914501991135, 48.066692499509983 ], [ 8.334721615703605, 48.066538599137033 ], [ 8.33593464930828, 48.066288387844189 ], [ 8.336319660409702, 48.066650588198961 ], [ 8.335411915105169, 48.067595170003486 ], [ 8.334943144200386, 48.067868400093737 ], [ 8.33225631838665, 48.068616224774232 ], [ 8.332497896934967, 48.069865352213888 ], [ 8.333617707815405, 48.070333855318104 ], [ 8.333726520800644, 48.073041905342976 ], [ 8.335146212662373, 48.074581801054201 ], [ 8.335253159590268, 48.075773910152932 ], [ 8.338152879099511, 48.076310323376106 ], [ 8.340277855424079, 48.076794802879697 ], [ 8.340413318665101, 48.077362129779416 ], [ 8.34046613474036, 48.078450455616533 ], [ 8.340468657629705, 48.079261471068548 ], [ 8.338933878255419, 48.079179055076651 ], [ 8.338124647944765, 48.078867234735291 ], [ 8.336796810880234, 48.078719853123722 ], [ 8.336562191370943, 48.079278299961913 ], [ 8.335979458234016, 48.082055855117837 ], [ 8.336105859690409, 48.083366476370976 ], [ 8.336913748262631, 48.085772112169138 ], [ 8.337970274748532, 48.088167297761778 ], [ 8.33778685844503, 48.088950339195321 ], [ 8.336923967822164, 48.090367446477146 ], [ 8.338744073001893, 48.090520988736486 ], [ 8.340764923195671, 48.09089779257252 ], [ 8.341383868897211, 48.090930312428128 ], [ 8.346412869053154, 48.091970480823868 ], [ 8.345738304319804, 48.094161485449831 ], [ 8.345334382790048, 48.095119625514798 ], [ 8.348048812120782, 48.095448606602758 ], [ 8.348184929209275, 48.096134057974503 ], [ 8.350238057291849, 48.098086449032266 ], [ 8.352808223625225, 48.098538211554811 ], [ 8.35341422151609, 48.098582919552214 ], [ 8.354536920891293, 48.096900386526336 ], [ 8.354433414915887, 48.096789410729698 ], [ 8.356796028112337, 48.094485906655869 ], [ 8.358598587541387, 48.09331295338356 ], [ 8.358876406595192, 48.092517270612753 ], [ 8.361114830525546, 48.089040930540641 ], [ 8.364261482554703, 48.089073227572968 ], [ 8.365816187620634, 48.090107038499951 ], [ 8.36727103665253, 48.090922188591705 ], [ 8.369583157733478, 48.087296916994909 ], [ 8.369619908514881, 48.086981769973868 ], [ 8.374228191966761, 48.084937442979303 ], [ 8.374209117784901, 48.08356536954274 ], [ 8.372764079859046, 48.083276510934056 ], [ 8.374831540803253, 48.081609995849277 ], [ 8.377472074053816, 48.081042668128376 ], [ 8.378031773810701, 48.080847312613969 ], [ 8.378358773627642, 48.080474622139583 ], [ 8.378195964672795, 48.08015803239784 ], [ 8.377816221348523, 48.079827402101174 ], [ 8.377521306207973, 48.079376938617706 ], [ 8.377864276272319, 48.079060028143232 ], [ 8.379488551411336, 48.07848210879984 ], [ 8.379470425726486, 48.078169540941147 ], [ 8.379918430261629, 48.077121095712698 ], [ 8.379592043477732, 48.077110516741605 ], [ 8.378440614885003, 48.077280817612092 ], [ 8.377935868732266, 48.077487179286464 ], [ 8.377190294314886, 48.076867377517509 ], [ 8.377701225534469, 48.076582057857287 ], [ 8.377995787847029, 48.076080443649623 ], [ 8.378036046961981, 48.075647450051029 ], [ 8.377794426559225, 48.074820475773414 ], [ 8.378035040300553, 48.074349699237509 ], [ 8.37904289413872, 48.07383331688068 ], [ 8.379527619114485, 48.073747943474736 ], [ 8.380565899809133, 48.07396029938387 ], [ 8.381707541150694, 48.074387243740802 ], [ 8.381669186274031, 48.074518305411623 ], [ 8.382199556829063, 48.074904075893066 ], [ 8.382613353104787, 48.075058441356902 ], [ 8.385606228451262, 48.074483732006271 ], [ 8.38692469301904, 48.073817789307952 ], [ 8.388245172255782, 48.073443349053051 ], [ 8.389446798049709, 48.073479610741188 ], [ 8.391876083814816, 48.074168627209971 ], [ 8.392482009906757, 48.074129545951507 ], [ 8.392458674922407, 48.073773946186925 ], [ 8.39097371728298, 48.073628878913262 ], [ 8.389930349616227, 48.073219193130598 ], [ 8.388156669239645, 48.072778080147152 ], [ 8.387522485562368, 48.072755897479055 ], [ 8.386779338355685, 48.07298990785111 ], [ 8.386210091073563, 48.073490077766415 ], [ 8.385626169674447, 48.073834875980637 ], [ 8.383697117328341, 48.07419720641569 ], [ 8.38180928521153, 48.07400766260222 ], [ 8.381782262561105, 48.074122950344361 ], [ 8.381170484457495, 48.073966436114048 ], [ 8.379660532274691, 48.073378789213812 ], [ 8.379048745186768, 48.073614808281221 ], [ 8.377795772357722, 48.073873715446126 ], [ 8.377528225822905, 48.073772578203112 ], [ 8.376640572677104, 48.074661810569928 ], [ 8.376536330342514, 48.075344936582937 ], [ 8.375968708112064, 48.075467185262156 ], [ 8.375447075747294, 48.074695546775189 ], [ 8.375312359366207, 48.074146169666754 ], [ 8.375351894937554, 48.073552844087779 ], [ 8.375079975482775, 48.072782290973429 ], [ 8.374261951853706, 48.072078762113769 ], [ 8.373379679800346, 48.072445175668634 ], [ 8.373386453576037, 48.072893449617631 ], [ 8.373081631562444, 48.073176546044834 ], [ 8.37284930645623, 48.073602731827037 ], [ 8.364893410545475, 48.072714292133696 ], [ 8.366159033342665, 48.071242511997823 ], [ 8.366892932201536, 48.070717436648515 ], [ 8.366991227868111, 48.070506905442045 ], [ 8.366718024008566, 48.06923977297275 ], [ 8.366830757129351, 48.068607175753989 ], [ 8.364142193498026, 48.068735113449158 ], [ 8.361618202168525, 48.07092424692253 ], [ 8.35832953256844, 48.072049284333779 ], [ 8.356427236642526, 48.072182869357469 ], [ 8.354113346819187, 48.071232114571401 ], [ 8.352697438985929, 48.070562227464464 ] ] ], [ [ [ 8.327061309868474, 48.097231315771545 ], [ 8.329097169515586, 48.100617941062644 ], [ 8.330674097885382, 48.10135050307251 ], [ 8.332856587662318, 48.102000728215785 ], [ 8.335313704441289, 48.102535268477183 ], [ 8.338810435792956, 48.102083543300893 ], [ 8.341042616714725, 48.100979286028434 ], [ 8.339389035464496, 48.099373167841073 ], [ 8.341121346986561, 48.098570765606731 ], [ 8.340417825798681, 48.098475319223574 ], [ 8.338302353586053, 48.097641182661128 ], [ 8.335311075694788, 48.096852328176951 ], [ 8.333052410615824, 48.097370969889106 ], [ 8.329864599235254, 48.097130015658621 ], [ 8.326301521460316, 48.095349798511187 ], [ 8.326299109973947, 48.096634390671653 ], [ 8.327061309868474, 48.097231315771545 ] ] ], [ [ [ 8.360656719951248, 48.050463968687417 ], [ 8.358854079612206, 48.050525360966112 ], [ 8.357863032306103, 48.049937079755338 ], [ 8.358531054277055, 48.051057539753074 ], [ 8.360376864578516, 48.050719100207445 ], [ 8.360773046775835, 48.050790403343818 ], [ 8.360656719951248, 48.050463968687417 ] ] ], [ [ [ 8.356103262023225, 48.057765738652762 ], [ 8.357643012284615, 48.05780953618963 ], [ 8.358642873151746, 48.057732527908051 ], [ 8.359791020798752, 48.054657674493065 ], [ 8.355946933309621, 48.054428176143681 ], [ 8.355705969860797, 48.055327171028686 ], [ 8.354694648212277, 48.057516802122009 ], [ 8.356103262023225, 48.057765738652762 ] ] ], [ [ [ 8.39456638309195, 48.077881730253196 ], [ 8.397000277498048, 48.076901606547395 ], [ 8.396330945812723, 48.076585532165403 ], [ 8.394919983505423, 48.076350753631736 ], [ 8.394712137606502, 48.076100528682417 ], [ 8.394665868045909, 48.076703002023059 ], [ 8.394474387733016, 48.077289145134607 ], [ 8.39456638309195, 48.077881730253196 ] ] ], [ [ [ 8.356044373253994, 48.105861306738902 ], [ 8.353214919181353, 48.106815212150359 ], [ 8.350530584830004, 48.106606455618021 ], [ 8.348351161007011, 48.105202538970232 ], [ 8.347214010688887, 48.103137191943674 ], [ 8.346154490535824, 48.102805923715913 ], [ 8.343488190958878, 48.103330277607647 ], [ 8.344095592588314, 48.103954725004499 ], [ 8.344144306255989, 48.104782015183609 ], [ 8.343990601045261, 48.106948535332627 ], [ 8.344317609376297, 48.108677661134031 ], [ 8.345242841332773, 48.108442264536237 ], [ 8.345477278756796, 48.10857855620614 ], [ 8.346857814500558, 48.108478085930038 ], [ 8.347642629818377, 48.109040182671713 ], [ 8.348379372630223, 48.109336227744052 ], [ 8.348568520185255, 48.109368519957876 ], [ 8.348920884518472, 48.109241948588277 ], [ 8.349586569005465, 48.109602002366017 ], [ 8.350088778678055, 48.109598905564823 ], [ 8.350683022663597, 48.109829620809705 ], [ 8.35147707284521, 48.109854887834281 ], [ 8.35198373397769, 48.110117671460351 ], [ 8.352219052586598, 48.110143110307966 ], [ 8.352314681275564, 48.110337446311455 ], [ 8.352554551987929, 48.110492557976421 ], [ 8.353529054997558, 48.110805654047645 ], [ 8.354115339168288, 48.110751909176201 ], [ 8.354455603788816, 48.110968941095756 ], [ 8.354698065989654, 48.111014388488819 ], [ 8.355828881482454, 48.110603718317421 ], [ 8.357503177415712, 48.110294504785699 ], [ 8.35828824897146, 48.109887185164013 ], [ 8.359358921469116, 48.109739038910185 ], [ 8.359883810425291, 48.109337725215795 ], [ 8.360284932361413, 48.109155428794836 ], [ 8.363107881175509, 48.108869166583965 ], [ 8.364726637628333, 48.108000551665192 ], [ 8.366440711849823, 48.107799122814619 ], [ 8.367867563466536, 48.107246912292183 ], [ 8.369185161033229, 48.107189463441642 ], [ 8.369789627436125, 48.106984317625624 ], [ 8.37122657918224, 48.106733612834283 ], [ 8.372229494524904, 48.106790919034687 ], [ 8.37361070268895, 48.106560483220406 ], [ 8.37438982504248, 48.106251809010189 ], [ 8.377273047309922, 48.10612720450878 ], [ 8.378600123281991, 48.105904242848098 ], [ 8.38012506542222, 48.105825926685874 ], [ 8.381939247595513, 48.105431549439857 ], [ 8.383135208150051, 48.105509232256495 ], [ 8.38498236049886, 48.104926855065877 ], [ 8.385603557181794, 48.104798190773444 ], [ 8.386119197446266, 48.104847551290696 ], [ 8.387298717913072, 48.10469162881035 ], [ 8.387701365735294, 48.104720226284712 ], [ 8.387781373401062, 48.104498424732334 ], [ 8.388038255710274, 48.104585085266478 ], [ 8.388168555429392, 48.104449203426512 ], [ 8.388503227520269, 48.10437621904159 ], [ 8.388348969750631, 48.104301082244142 ], [ 8.388708099452861, 48.103977928719807 ], [ 8.388730241673542, 48.103855146408705 ], [ 8.389318797054759, 48.103690569998385 ], [ 8.389444912710541, 48.103442470886215 ], [ 8.389753029808375, 48.103297185192524 ], [ 8.389727608053899, 48.103152557097587 ], [ 8.389912018700507, 48.103029196628839 ], [ 8.390194910772765, 48.10305157135933 ], [ 8.390131013788006, 48.102798234391138 ], [ 8.390583101012949, 48.102631847520556 ], [ 8.3908351434593, 48.102718476168562 ], [ 8.390878412266138, 48.10250106615586 ], [ 8.391354698661766, 48.102355227884772 ], [ 8.391395718459529, 48.102271232460787 ], [ 8.391290603663823, 48.102197889338882 ], [ 8.391411917696914, 48.102139241107238 ], [ 8.391810525892206, 48.102144410410453 ], [ 8.392216870894437, 48.10204021474906 ], [ 8.392556586267604, 48.102095993448813 ], [ 8.392539912670831, 48.102279895608042 ], [ 8.393061952303883, 48.103084833582493 ], [ 8.393645744795778, 48.103551714807111 ], [ 8.393616171245364, 48.103610669563977 ], [ 8.394036420468217, 48.103581306573112 ], [ 8.39404485361124, 48.103435238491542 ], [ 8.394672942331509, 48.103860151725897 ], [ 8.394828245419713, 48.103377736625319 ], [ 8.395155676012529, 48.103142027555926 ], [ 8.396141352038876, 48.102752239477752 ], [ 8.39591181949438, 48.101316898545583 ], [ 8.396063757799453, 48.10100540844951 ], [ 8.395783926319334, 48.099679566886479 ], [ 8.397513312805149, 48.097731151022188 ], [ 8.398791956441741, 48.098099530550918 ], [ 8.399532587959987, 48.098557845740885 ], [ 8.401157955441809, 48.099930285138754 ], [ 8.401404663534969, 48.101240375934175 ], [ 8.404411680079191, 48.101136428797261 ], [ 8.405089301986861, 48.100032398124057 ], [ 8.399500616726101, 48.096839775029814 ], [ 8.400188688076557, 48.095638208572566 ], [ 8.400123961283489, 48.095614388300092 ], [ 8.400844447965046, 48.094764323301142 ], [ 8.401220118785361, 48.093929371999394 ], [ 8.401991510005955, 48.093202645071116 ], [ 8.403760609411579, 48.091055594271303 ], [ 8.40401774874408, 48.091070063950497 ], [ 8.40412287030896, 48.091712012027209 ], [ 8.404637341868163, 48.092143660119163 ], [ 8.405605657989696, 48.092280120426061 ], [ 8.405788461586198, 48.092033105941084 ], [ 8.40531705352222, 48.089880811306159 ], [ 8.405061868265449, 48.089604269187966 ], [ 8.405630310821977, 48.08832287496368 ], [ 8.406226814626622, 48.088065942607876 ], [ 8.406268998316074, 48.08750438161897 ], [ 8.406205296835564, 48.086913842610407 ], [ 8.405774368842014, 48.086612011496065 ], [ 8.405075793608034, 48.085637429500629 ], [ 8.40507198571288, 48.08353406641946 ], [ 8.405577916297352, 48.082474756043403 ], [ 8.406801373488877, 48.081157063825209 ], [ 8.40854630784427, 48.080466893114085 ], [ 8.409690849417094, 48.080215371257253 ], [ 8.409509302040219, 48.079912135495881 ], [ 8.409329484070746, 48.079821600059745 ], [ 8.408137283404267, 48.080108411448379 ], [ 8.407636785194569, 48.080069664009045 ], [ 8.407360288681277, 48.08012033157808 ], [ 8.407137600913678, 48.080267185334975 ], [ 8.405862867937374, 48.080700020250021 ], [ 8.405139154705408, 48.081202183533371 ], [ 8.404161271941183, 48.082167995193316 ], [ 8.404023996812434, 48.082788443707564 ], [ 8.404136206969007, 48.08341981288639 ], [ 8.404100890464399, 48.083896656374584 ], [ 8.400057959343634, 48.083865992357531 ], [ 8.396293606019606, 48.084504865207776 ], [ 8.39405872941775, 48.087749604171535 ], [ 8.39385716082775, 48.089087219850796 ], [ 8.393378457365788, 48.090637143270406 ], [ 8.393565623556464, 48.092513486032317 ], [ 8.389709069275252, 48.090328907028251 ], [ 8.388285563065237, 48.088439054491069 ], [ 8.387018347842748, 48.08727095547065 ], [ 8.381597349259389, 48.089059954459039 ], [ 8.3802353846988, 48.08973144825385 ], [ 8.379331330390857, 48.091227915007529 ], [ 8.382237230418584, 48.092782707359483 ], [ 8.386108046558242, 48.093633883339393 ], [ 8.387961439558996, 48.093426129921077 ], [ 8.391747426059554, 48.095059500848819 ], [ 8.394762123663385, 48.095290538907832 ], [ 8.395154085163464, 48.094838789378279 ], [ 8.396434651902055, 48.095448417529646 ], [ 8.39703823733436, 48.095871840235894 ], [ 8.39625462151966, 48.096864693304383 ], [ 8.39612755129656, 48.098150429143679 ], [ 8.394826784456548, 48.098741622631429 ], [ 8.394392499233128, 48.099066018923743 ], [ 8.39428407864729, 48.099537254614063 ], [ 8.393870020594683, 48.099556934302328 ], [ 8.393492212648962, 48.099429431582912 ], [ 8.391168580680764, 48.10008706722796 ], [ 8.389887336841245, 48.099916165165276 ], [ 8.387804589751189, 48.099194858625594 ], [ 8.387320446628088, 48.099246170951375 ], [ 8.386424929477053, 48.099057582483439 ], [ 8.384245098375054, 48.098116253845845 ], [ 8.380918590563018, 48.096225726709619 ], [ 8.379550524497315, 48.094887318370638 ], [ 8.378477073656429, 48.094906439453467 ], [ 8.376631437351271, 48.095242650488018 ], [ 8.375986176130857, 48.095891527616146 ], [ 8.377240985462198, 48.096615582931804 ], [ 8.381649965123991, 48.099512612406457 ], [ 8.384368339477614, 48.100618464033857 ], [ 8.384176409799363, 48.101775810167361 ], [ 8.38386914952671, 48.102174803266607 ], [ 8.384118129990938, 48.103270003042482 ], [ 8.386387801794312, 48.1029674267212 ], [ 8.387115969105961, 48.104696772327408 ], [ 8.386242110154457, 48.104802322716907 ], [ 8.385772541647237, 48.104696887302737 ], [ 8.385071064519634, 48.104754046040505 ], [ 8.381463776954771, 48.105336861176433 ], [ 8.379006830887498, 48.105585065718749 ], [ 8.3771743338901, 48.105580636915803 ], [ 8.37614358643302, 48.104927526171068 ], [ 8.374742176036785, 48.103549834353139 ], [ 8.37521816376384, 48.103145035321567 ], [ 8.374942173387955, 48.101390542728353 ], [ 8.375239888982236, 48.100421106240688 ], [ 8.372592825886922, 48.099090140670093 ], [ 8.372497908173177, 48.098876931219124 ], [ 8.371779021679965, 48.098339835900816 ], [ 8.370593640132608, 48.097762574055821 ], [ 8.369136588914341, 48.096909847317441 ], [ 8.365778824488475, 48.097688507032146 ], [ 8.368912605360791, 48.101109358647186 ], [ 8.371171836847472, 48.105318612694916 ], [ 8.368260374426406, 48.105349519165443 ], [ 8.366607091245951, 48.105552209935553 ], [ 8.364134471588427, 48.10388435157423 ], [ 8.360645167216887, 48.101806548279882 ], [ 8.361068646044801, 48.099121473133174 ], [ 8.359518761749838, 48.098842482681462 ], [ 8.359473683415576, 48.099389794404111 ], [ 8.356698341808272, 48.102015117075908 ], [ 8.35604786376982, 48.101774940426232 ], [ 8.355107864900079, 48.101722524402064 ], [ 8.353914199556788, 48.10185788355875 ], [ 8.353157004826448, 48.10238427218011 ], [ 8.353518112269759, 48.103923096502385 ], [ 8.355700100958593, 48.105709125793702 ], [ 8.356044373253994, 48.105861306738902 ] ] ] ] } },
{ "type": "Feature", "properties": { "Gemarkung": "Vierundzwanzig Höfe", "Schluessel": "084514", "Ebene": "Gemarkung" }, "geometry": { "type": "Polygon", "coordinates": [ [ [ 8.437616512956254, 48.347803180702797 ], [ 8.435726229944613, 48.347687582850995 ], [ 8.43527836820274, 48.348290052616818 ], [ 8.434198710368539, 48.347721374497461 ], [ 8.433534925132808, 48.347686619248059 ], [ 8.432579808588823, 48.347938227632675 ], [ 8.431146230054432, 48.347958677158537 ], [ 8.429047768455767, 48.348187502801032 ], [ 8.42786042519357, 48.348877587411543 ], [ 8.42680647367842, 48.349994497627378 ], [ 8.425888716734544, 48.350121632444335 ], [ 8.423824000330097, 48.350759340750628 ], [ 8.421645203606944, 48.351084613277507 ], [ 8.42102435944374, 48.35125953463961 ], [ 8.421075385435595, 48.352116995798127 ], [ 8.421617190736855, 48.353619468652241 ], [ 8.421848153353965, 48.355074313692342 ], [ 8.423746601826752, 48.357395985992945 ], [ 8.423645175335594, 48.35838151367534 ], [ 8.423511507327785, 48.358694647960398 ], [ 8.421145351829304, 48.360656546546245 ], [ 8.42045569852962, 48.361567136189826 ], [ 8.420032710719553, 48.362996194877354 ], [ 8.420055546769619, 48.364005286425609 ], [ 8.41982934168186, 48.364795492730387 ], [ 8.419135907306192, 48.365592247001857 ], [ 8.417905397449681, 48.366409222215786 ], [ 8.417653977456705, 48.366730750111984 ], [ 8.417570631324924, 48.367054028154236 ], [ 8.417932714157057, 48.36745990088788 ], [ 8.41858083882444, 48.367883862278227 ], [ 8.419444284656842, 48.3683358068049 ], [ 8.420909600843713, 48.368794284716152 ], [ 8.421316168771263, 48.369007392196451 ], [ 8.422164926936384, 48.369734989887782 ], [ 8.422221254186798, 48.370067249495932 ], [ 8.422120467917965, 48.370967308706014 ], [ 8.421794682465494, 48.37172732871079 ], [ 8.421418497129622, 48.372227180881623 ], [ 8.42001069407668, 48.373080262275728 ], [ 8.419523453777739, 48.373487602433869 ], [ 8.419677997171032, 48.374242481550574 ], [ 8.420575192154113, 48.375145949190212 ], [ 8.422514985491654, 48.376212449036586 ], [ 8.423374532033916, 48.376534881891857 ], [ 8.425915170328031, 48.377044292722019 ], [ 8.427900687428851, 48.377288546007939 ], [ 8.430711131318954, 48.377831040250513 ], [ 8.431737273923209, 48.377886134700731 ], [ 8.432739360666423, 48.377699901350411 ], [ 8.433786536355854, 48.377161302676612 ], [ 8.434718650693794, 48.376913890363603 ], [ 8.436992603914844, 48.377003941544537 ], [ 8.438506076655761, 48.377565621370593 ], [ 8.438283305367943, 48.378088588379654 ], [ 8.436667666936842, 48.380824754194698 ], [ 8.436525339303477, 48.381569428695272 ], [ 8.437770102261549, 48.382162459047443 ], [ 8.439170659743679, 48.38253032987317 ], [ 8.440092764955901, 48.382697210425036 ], [ 8.44245052535323, 48.382656840086177 ], [ 8.44314239386766, 48.38350227589266 ], [ 8.443408852167769, 48.384309033830526 ], [ 8.443334119746352, 48.385997339911839 ], [ 8.443412005092446, 48.386373415972628 ], [ 8.443777652226338, 48.386966892560856 ], [ 8.443291342249125, 48.387442711213509 ], [ 8.443033237902462, 48.387837223648638 ], [ 8.442828577031474, 48.388569637685592 ], [ 8.441773627552266, 48.388768837347044 ], [ 8.441125593883587, 48.389010399522938 ], [ 8.440593262036993, 48.389232098327184 ], [ 8.440199867164676, 48.389643309913588 ], [ 8.440306891006756, 48.390070540487095 ], [ 8.440875648433266, 48.391000587832934 ], [ 8.441459906013325, 48.391478987094956 ], [ 8.441888518583118, 48.392010428222598 ], [ 8.442040181551816, 48.392557348630227 ], [ 8.442016883032926, 48.3933909523331 ], [ 8.442134113987672, 48.394097575382425 ], [ 8.442468635199889, 48.394984104092472 ], [ 8.443028229639468, 48.395945313760308 ], [ 8.442978960349141, 48.396523287615594 ], [ 8.442450256876395, 48.396814466214423 ], [ 8.440557579307818, 48.397564053272454 ], [ 8.440714339128833, 48.397917302637012 ], [ 8.441072249024627, 48.398173376066232 ], [ 8.441798738209753, 48.398970853806567 ], [ 8.442091644554948, 48.399155715339724 ], [ 8.442318993962584, 48.399689776639505 ], [ 8.442632488186806, 48.399734389463077 ], [ 8.442731050257171, 48.399950515579761 ], [ 8.442896130673454, 48.400001606047397 ], [ 8.44329808764048, 48.399925461040773 ], [ 8.443604038179078, 48.400141689989638 ], [ 8.444343410531664, 48.399998168526594 ], [ 8.44650033008708, 48.39978904763413 ], [ 8.447252860603667, 48.399876333761632 ], [ 8.447784746221883, 48.399815821534546 ], [ 8.448022230309796, 48.399905937530242 ], [ 8.449142367043097, 48.399969873721993 ], [ 8.44942207805255, 48.39992820876013 ], [ 8.449508617047742, 48.399771272178356 ], [ 8.449956179735986, 48.399486510851979 ], [ 8.450814542244423, 48.399306090708023 ], [ 8.451173017239382, 48.399000297141619 ], [ 8.451620280464766, 48.398792178994903 ], [ 8.454678884876531, 48.399534181732768 ], [ 8.455748608257625, 48.400271210610612 ], [ 8.457897311875412, 48.40132783939103 ], [ 8.45898950066692, 48.40111373286495 ], [ 8.460630186481129, 48.399675501500255 ], [ 8.462248034357426, 48.397780381960956 ], [ 8.463410507958097, 48.39696315935889 ], [ 8.462864869942848, 48.396627828789235 ], [ 8.462254124884964, 48.395561666519747 ], [ 8.461840775917084, 48.395084352900305 ], [ 8.461173456364655, 48.393865787188062 ], [ 8.459871572816613, 48.392873653793899 ], [ 8.459589351908292, 48.392544491848057 ], [ 8.459270028663575, 48.391803379634531 ], [ 8.460032187458902, 48.391354609137537 ], [ 8.460450621030558, 48.390924914391967 ], [ 8.460464746846304, 48.390495931856243 ], [ 8.461010434906999, 48.389846774366454 ], [ 8.462605401459246, 48.388759436417217 ], [ 8.463445873673097, 48.388010791602746 ], [ 8.463702566206965, 48.386912960845322 ], [ 8.463535774979615, 48.386923878862852 ], [ 8.463669456168969, 48.38620765101183 ], [ 8.464705019659174, 48.385164816642927 ], [ 8.464648136528679, 48.384497092151456 ], [ 8.464429324979211, 48.384188928870941 ], [ 8.46442633055702, 48.383830669159096 ], [ 8.464645507102412, 48.383292521221243 ], [ 8.465223066469376, 48.382450603593021 ], [ 8.46561056493465, 48.381958758938396 ], [ 8.466191879729882, 48.381490933727996 ], [ 8.467226044440695, 48.381305628576662 ], [ 8.468659655566809, 48.381279690661067 ], [ 8.468575650983301, 48.379865481664758 ], [ 8.467825543130147, 48.379920402527596 ], [ 8.466149409748176, 48.380192432445206 ], [ 8.465752788399039, 48.380344703703202 ], [ 8.464966391976587, 48.380858715593043 ], [ 8.463926331614465, 48.381721329497083 ], [ 8.462832216658331, 48.383263826846708 ], [ 8.462685943226411, 48.383636234062678 ], [ 8.462171426886369, 48.383386242720562 ], [ 8.462475934231003, 48.382724434175017 ], [ 8.463463058883676, 48.381094443716457 ], [ 8.463882078721994, 48.380919613219518 ], [ 8.463854099175972, 48.380716068934163 ], [ 8.463981719644325, 48.380690843255117 ], [ 8.464336790092391, 48.380303302586086 ], [ 8.464799776253626, 48.380326599399197 ], [ 8.465025042701216, 48.379940072068138 ], [ 8.465402490651487, 48.379722848474785 ], [ 8.464593567397738, 48.379603839881199 ], [ 8.464730124548366, 48.379473034451394 ], [ 8.46692765229281, 48.379163767078794 ], [ 8.468438818934425, 48.378752325555972 ], [ 8.466239694235041, 48.378157632271197 ], [ 8.466616284151009, 48.378124201981336 ], [ 8.465426942657636, 48.376690915150711 ], [ 8.466445034714727, 48.376160790999585 ], [ 8.466205124533614, 48.376025988022263 ], [ 8.465793848471113, 48.375103812522617 ], [ 8.465281086694212, 48.374538240542996 ], [ 8.465091803540513, 48.374083299991568 ], [ 8.465128503386566, 48.37391856212718 ], [ 8.464879598576815, 48.37365119391891 ], [ 8.464969182889343, 48.371441854161532 ], [ 8.464815632746738, 48.371083163289072 ], [ 8.464443144078938, 48.370987864716582 ], [ 8.463251604288457, 48.370183499068936 ], [ 8.464689259466176, 48.369432949491426 ], [ 8.463699852277596, 48.369595589156205 ], [ 8.460884946446958, 48.370521772779902 ], [ 8.459311605699201, 48.371440954084399 ], [ 8.458469766851303, 48.371651024793714 ], [ 8.457582489611799, 48.371599882314605 ], [ 8.458419639685914, 48.369667567086239 ], [ 8.45860486596607, 48.368931343127805 ], [ 8.458522801169579, 48.368635686718953 ], [ 8.457923769727836, 48.368273809188125 ], [ 8.457604896354884, 48.368549223255727 ], [ 8.45747295360899, 48.368513604119919 ], [ 8.457388505116997, 48.368646356325186 ], [ 8.457041994200386, 48.368561682326707 ], [ 8.456958372022514, 48.368629302338789 ], [ 8.456574802657025, 48.368512513873327 ], [ 8.455732386531004, 48.368628186988047 ], [ 8.454863193236326, 48.368519800316491 ], [ 8.453580467195399, 48.36879953861316 ], [ 8.453235053518117, 48.368726374074427 ], [ 8.453099242119086, 48.36828309308337 ], [ 8.453126743294428, 48.367303487941108 ], [ 8.453180744453382, 48.367064433548833 ], [ 8.453751705261672, 48.366435850550644 ], [ 8.453564614110068, 48.365535925896502 ], [ 8.454151427344282, 48.364382011059206 ], [ 8.454853537878877, 48.364604498981073 ], [ 8.456017537907474, 48.364661379902095 ], [ 8.458401800476519, 48.365046800521341 ], [ 8.46006851035227, 48.365188865260308 ], [ 8.4602131978332, 48.365269884408619 ], [ 8.461601258250388, 48.365347372618729 ], [ 8.46204145112049, 48.365214392054817 ], [ 8.463053193316897, 48.365321230818331 ], [ 8.46342255502997, 48.365285887962997 ], [ 8.464243945676424, 48.36546874967641 ], [ 8.464547494060207, 48.365027167466906 ], [ 8.465094196685538, 48.36510087433544 ], [ 8.465930839570268, 48.364587093681571 ], [ 8.465352935879356, 48.36446349425065 ], [ 8.46415441485825, 48.363887259782615 ], [ 8.463157485960265, 48.363632324774088 ], [ 8.462919889897385, 48.363014134751587 ], [ 8.462330276509851, 48.362286609396598 ], [ 8.460008131281363, 48.362253960845244 ], [ 8.458118700539881, 48.362499322132095 ], [ 8.456797756786138, 48.362491293063066 ], [ 8.45623473536185, 48.361836285023848 ], [ 8.456063405563615, 48.361291986493207 ], [ 8.455705521826021, 48.360873118344706 ], [ 8.455508383213699, 48.35985052387209 ], [ 8.454139681770284, 48.358456031297273 ], [ 8.453721221270145, 48.357734131276004 ], [ 8.453613667150668, 48.357490980235447 ], [ 8.453780075528773, 48.356661017717634 ], [ 8.45371701064137, 48.356524418648057 ], [ 8.453588003547289, 48.356520387214857 ], [ 8.453782319820856, 48.356059600713941 ], [ 8.453716580701792, 48.355908054451255 ], [ 8.453992139617686, 48.355650888220765 ], [ 8.45388751690143, 48.35509583651065 ], [ 8.454028264277149, 48.354796645378656 ], [ 8.453996180899852, 48.354527312537833 ], [ 8.454494089405966, 48.353912322730544 ], [ 8.45436948368514, 48.353724241007065 ], [ 8.454512006287766, 48.35349838056802 ], [ 8.455049330157996, 48.353577938824159 ], [ 8.455052064245134, 48.353739262213338 ], [ 8.455322420224357, 48.353854530538179 ], [ 8.455252039631075, 48.35217550693865 ], [ 8.458016016453174, 48.352592963315907 ], [ 8.458584198251465, 48.351619589089786 ], [ 8.458338603317861, 48.351155193816759 ], [ 8.459881131223039, 48.350743921151761 ], [ 8.459293653698239, 48.349742529498918 ], [ 8.459161652383175, 48.348989876144195 ], [ 8.458699947740698, 48.348936333403998 ], [ 8.458432396696088, 48.348698191388557 ], [ 8.45761018048443, 48.348594994105767 ], [ 8.457009323342513, 48.348211599633167 ], [ 8.457053551728068, 48.348012171926769 ], [ 8.456865409020306, 48.347859599615383 ], [ 8.457063060801023, 48.347383798223355 ], [ 8.456381289845515, 48.346881801956862 ], [ 8.455900911202958, 48.346670087869988 ], [ 8.455423930467809, 48.346266488467919 ], [ 8.455401808413715, 48.346126035379271 ], [ 8.454849819950402, 48.345695088341962 ], [ 8.454686548738522, 48.344642061444183 ], [ 8.454713036689974, 48.344297073888548 ], [ 8.455036847981692, 48.343786156778563 ], [ 8.454975087976473, 48.343287807201293 ], [ 8.454600685694139, 48.343354587448012 ], [ 8.454227597125804, 48.344069314583798 ], [ 8.452837168334931, 48.344368956614957 ], [ 8.451971290357228, 48.34387703395042 ], [ 8.451531502848502, 48.343722803779031 ], [ 8.450964225081066, 48.343690498461406 ], [ 8.450759035141118, 48.343921903524745 ], [ 8.446631914072613, 48.343487106023538 ], [ 8.443668845741261, 48.343672090453417 ], [ 8.441788174928856, 48.344221494289009 ], [ 8.440409266120955, 48.344817843016465 ], [ 8.439182071993358, 48.34549561528889 ], [ 8.43818349435386, 48.345373155747382 ], [ 8.437770651284051, 48.345790294622184 ], [ 8.437516082848727, 48.346271452785103 ], [ 8.437436383282114, 48.346976943501126 ], [ 8.437616512956254, 48.347803180702797 ] ] ] } },
{ "type": "Feature", "properties": { "Gemarkung": "Villingen", "Schluessel": "086068", "Ebene": "Gemarkung" }, "geometry": { "type": "MultiPolygon", "coordinates": [ [ [ [ 8.310649620234718, 48.069060665092678 ], [ 8.309057121434535, 48.074369041504561 ], [ 8.308068323304207, 48.075814149861365 ], [ 8.31368133411714, 48.076502265000371 ], [ 8.316007233800358, 48.076893563753359 ], [ 8.319612885730406, 48.07620779583101 ], [ 8.321623087420951, 48.076350859546338 ], [ 8.327440074785413, 48.075972536302494 ], [ 8.329598775863589, 48.076549541494884 ], [ 8.330836808912609, 48.076969546418866 ], [ 8.331456058735339, 48.076737246253138 ], [ 8.333473845888909, 48.075257693867798 ], [ 8.332387180995905, 48.073827408792681 ], [ 8.333726520800644, 48.073041905342976 ], [ 8.333617707815405, 48.070333855318104 ], [ 8.332497896934967, 48.069865352213888 ], [ 8.33225631838665, 48.068616224774232 ], [ 8.334943144200386, 48.067868400093737 ], [ 8.335411915105169, 48.067595170003486 ], [ 8.336319660409702, 48.066650588198961 ], [ 8.33593464930828, 48.066288387844189 ], [ 8.334721615703605, 48.066538599137033 ], [ 8.332914501991135, 48.066692499509983 ], [ 8.332195091299621, 48.067029942173065 ], [ 8.331253498104973, 48.067203059097899 ], [ 8.330436505376696, 48.06722826160788 ], [ 8.330350555608497, 48.067148675800304 ], [ 8.330010809156146, 48.067231898203509 ], [ 8.33006921897142, 48.067468323896065 ], [ 8.328913534525102, 48.067742740647347 ], [ 8.322483976717621, 48.070641406560327 ], [ 8.322765156718797, 48.071586774393488 ], [ 8.313935776153643, 48.074127100767562 ], [ 8.313686255575369, 48.073477276790555 ], [ 8.31243503114119, 48.073016160603139 ], [ 8.312884352028302, 48.072461835395316 ], [ 8.312959354089001, 48.072071627977955 ], [ 8.313628137826758, 48.072123759631097 ], [ 8.314118636899448, 48.071358332617748 ], [ 8.315412443362847, 48.070226560157877 ], [ 8.318832043620224, 48.068641252842333 ], [ 8.320843181733476, 48.068996668914103 ], [ 8.321459667061818, 48.068684871254661 ], [ 8.32208778509357, 48.066168207871613 ], [ 8.325524229527542, 48.065075664110438 ], [ 8.327529921173044, 48.066419088352546 ], [ 8.3279455173705, 48.066953611255414 ], [ 8.328853968489462, 48.06708973973376 ], [ 8.32886965282403, 48.067204904854087 ], [ 8.329679644904527, 48.067212332286395 ], [ 8.329795549489621, 48.067197173428703 ], [ 8.330153296125888, 48.06658538424265 ], [ 8.330562985770012, 48.066604596593052 ], [ 8.331307741661071, 48.066507715406821 ], [ 8.332623460238439, 48.066154939330509 ], [ 8.333922024247491, 48.065486608727049 ], [ 8.333731923073703, 48.065354148177526 ], [ 8.333306393868966, 48.06405725994486 ], [ 8.333213242172008, 48.063329839546839 ], [ 8.33273287541631, 48.062103438054493 ], [ 8.332088564453919, 48.061413121572485 ], [ 8.331396717855929, 48.060985061783867 ], [ 8.329088291138349, 48.060369425876388 ], [ 8.326786686663398, 48.061087612052177 ], [ 8.324157470849833, 48.062445772566768 ], [ 8.320641019903924, 48.063438024314841 ], [ 8.31324822455991, 48.067149846647219 ], [ 8.310649620234718, 48.069060665092678 ] ], [ [ 8.33309019914395, 48.066766036436476 ], [ 8.333228516761992, 48.067187455768384 ], [ 8.332674190954672, 48.067339258481773 ], [ 8.332602976754149, 48.066929474710932 ], [ 8.33309019914395, 48.066766036436476 ] ] ], [ [ [ 8.523325225704344, 48.036038738364518 ], [ 8.519497724560891, 48.035597858267721 ], [ 8.514379533347112, 48.035540619607751 ], [ 8.510219493276598, 48.035407436729656 ], [ 8.5099766197146, 48.035697189478931 ], [ 8.50920137132001, 48.03713783520741 ], [ 8.509170959798245, 48.038093923730401 ], [ 8.507051913839547, 48.038015573121577 ], [ 8.507170765439518, 48.039282613399685 ], [ 8.504230286339709, 48.039533039389013 ], [ 8.504218000565629, 48.039401267944847 ], [ 8.503070198429892, 48.039492398825026 ], [ 8.502830327397163, 48.038808566516309 ], [ 8.501250067925389, 48.039727795116761 ], [ 8.499786623209038, 48.04043751682886 ], [ 8.494033489303508, 48.042781276559957 ], [ 8.4930428485004, 48.04259795620262 ], [ 8.492963349326192, 48.042181486853671 ], [ 8.491082784354354, 48.041768390043117 ], [ 8.491566021361537, 48.041321121457933 ], [ 8.490892298529845, 48.040962120411059 ], [ 8.490234025078944, 48.041513066718338 ], [ 8.488766213990864, 48.04103005516199 ], [ 8.488220588495906, 48.041096094370758 ], [ 8.487228460303037, 48.041460014408074 ], [ 8.486885478114793, 48.042181854734338 ], [ 8.482901492778785, 48.042253964455583 ], [ 8.479918674177272, 48.042590040436991 ], [ 8.47761197767889, 48.042731717490504 ], [ 8.476771753805732, 48.042565945226954 ], [ 8.476264431744735, 48.04275473337696 ], [ 8.475548249913311, 48.042859882187685 ], [ 8.474461274780868, 48.043197437127318 ], [ 8.474013962652649, 48.043117654704368 ], [ 8.473228115998808, 48.042711701355024 ], [ 8.472008057221576, 48.042429888149165 ], [ 8.471959288657452, 48.043315884263613 ], [ 8.470847722872577, 48.043404970407643 ], [ 8.470286879054031, 48.043341025358778 ], [ 8.47022356543428, 48.042737743778694 ], [ 8.468830396634404, 48.042852323098543 ], [ 8.464661208936407, 48.042688657891532 ], [ 8.46461647812766, 48.042434819477641 ], [ 8.46407031013646, 48.042406451230555 ], [ 8.463924575177419, 48.042331724691131 ], [ 8.463494409821907, 48.041675353133748 ], [ 8.462961471028892, 48.041807820682195 ], [ 8.462421769504639, 48.041158670533669 ], [ 8.461714903866369, 48.040678061333146 ], [ 8.459643743784639, 48.040815352541614 ], [ 8.459132475588229, 48.040223272568717 ], [ 8.455926797025809, 48.040442602666552 ], [ 8.455193409007649, 48.03972295282805 ], [ 8.454674341134346, 48.039926615346189 ], [ 8.454398808048349, 48.039504239760973 ], [ 8.453626524890129, 48.039230924537769 ], [ 8.451446677713665, 48.040106308498821 ], [ 8.450064950135163, 48.040837740614485 ], [ 8.446823469451543, 48.043917653656329 ], [ 8.441122403398293, 48.043806929136167 ], [ 8.435445505107518, 48.040553510044475 ], [ 8.431410774391615, 48.040279532993345 ], [ 8.423541534072978, 48.039930546061633 ], [ 8.417109573180507, 48.039362581901734 ], [ 8.413485263591173, 48.039587150504104 ], [ 8.411556509468582, 48.039864567731122 ], [ 8.407550905413407, 48.040962240674013 ], [ 8.399440131988738, 48.041036913129162 ], [ 8.394692519907741, 48.041629564076239 ], [ 8.391112035539205, 48.041790677679117 ], [ 8.388278279230567, 48.041511287532103 ], [ 8.383681375790527, 48.040826416911599 ], [ 8.380351626638108, 48.040464814184773 ], [ 8.377137643205026, 48.040330921336576 ], [ 8.373897294006785, 48.040392393566854 ], [ 8.372730075796962, 48.03904490690978 ], [ 8.367218250364999, 48.039104563022306 ], [ 8.358004198666332, 48.039334336566441 ], [ 8.349254519639992, 48.039766909537818 ], [ 8.349134072139339, 48.042682844114601 ], [ 8.348556388080809, 48.045648099154846 ], [ 8.347687519394919, 48.047811578425559 ], [ 8.344602484367716, 48.051709050272692 ], [ 8.340243681607683, 48.051960946194228 ], [ 8.337741382272355, 48.054547360920424 ], [ 8.334159788550258, 48.054710922593266 ], [ 8.332422550095448, 48.056353440906193 ], [ 8.334482673240018, 48.056970541470854 ], [ 8.335348564231595, 48.058253060546157 ], [ 8.334830267353873, 48.059502015744023 ], [ 8.333684660403916, 48.060862585736359 ], [ 8.334506384193961, 48.062232576351164 ], [ 8.334984040426447, 48.062109741694357 ], [ 8.335808510396108, 48.064032073617845 ], [ 8.33626963802849, 48.064621712358779 ], [ 8.337243900813412, 48.065045883537493 ], [ 8.337543113931316, 48.065295120595742 ], [ 8.337592359877403, 48.065254467490433 ], [ 8.338656693235771, 48.065753462282032 ], [ 8.341616208521565, 48.066506695054052 ], [ 8.343704290824723, 48.066559307979375 ], [ 8.344472232186018, 48.066748673085606 ], [ 8.34450310873958, 48.066684969512146 ], [ 8.346180851461913, 48.066314219342772 ], [ 8.346489485841865, 48.067318256989239 ], [ 8.3469920416957, 48.067467497747501 ], [ 8.34724785710217, 48.067151532115716 ], [ 8.34732961984939, 48.066109857386188 ], [ 8.346800062001316, 48.065602648079398 ], [ 8.345863152027354, 48.064342215983537 ], [ 8.344703540726636, 48.064515191389901 ], [ 8.343540863525341, 48.064590878410549 ], [ 8.343096984946634, 48.06487544051236 ], [ 8.341593190923719, 48.063817495738263 ], [ 8.33978575832168, 48.061045538541158 ], [ 8.342404149619565, 48.060815471767128 ], [ 8.343887237309879, 48.060973033204363 ], [ 8.345736766718705, 48.061912535855718 ], [ 8.346405876373767, 48.062408218260046 ], [ 8.346995464214089, 48.06309031559266 ], [ 8.348332973337952, 48.063473360302069 ], [ 8.347933582175161, 48.06401110324996 ], [ 8.347673014021654, 48.064152408938526 ], [ 8.350474169248349, 48.066709611673843 ], [ 8.352123984992131, 48.068068677377546 ], [ 8.35230607238584, 48.068502016545693 ], [ 8.353567416804916, 48.06911795619596 ], [ 8.352680873866589, 48.070395237250942 ], [ 8.352697438985929, 48.070562227464464 ], [ 8.354113346819187, 48.071232114571401 ], [ 8.356427236642526, 48.072182869357469 ], [ 8.35832953256844, 48.072049284333779 ], [ 8.361618202168525, 48.07092424692253 ], [ 8.364142193498026, 48.068735113449158 ], [ 8.366830757129351, 48.068607175753989 ], [ 8.366718024008566, 48.06923977297275 ], [ 8.366991227868111, 48.070506905442045 ], [ 8.366892932201536, 48.070717436648515 ], [ 8.366159033342665, 48.071242511997823 ], [ 8.364893410545475, 48.072714292133696 ], [ 8.37284930645623, 48.073602731827037 ], [ 8.373081631562444, 48.073176546044834 ], [ 8.373386453576037, 48.072893449617631 ], [ 8.373379679800346, 48.072445175668634 ], [ 8.374261951853706, 48.072078762113769 ], [ 8.375079975482775, 48.072782290973429 ], [ 8.375351894937554, 48.073552844087779 ], [ 8.375312359366207, 48.074146169666754 ], [ 8.375447075747294, 48.074695546775189 ], [ 8.375968708112064, 48.075467185262156 ], [ 8.376536330342514, 48.075344936582937 ], [ 8.376640572677104, 48.074661810569928 ], [ 8.377528225822905, 48.073772578203112 ], [ 8.377795772357722, 48.073873715446126 ], [ 8.379048745186768, 48.073614808281221 ], [ 8.379660532274691, 48.073378789213812 ], [ 8.381170484457495, 48.073966436114048 ], [ 8.381782262561105, 48.074122950344361 ], [ 8.38180928521153, 48.07400766260222 ], [ 8.383697117328341, 48.07419720641569 ], [ 8.385626169674447, 48.073834875980637 ], [ 8.386210091073563, 48.073490077766415 ], [ 8.386779338355685, 48.07298990785111 ], [ 8.387522485562368, 48.072755897479055 ], [ 8.388156669239645, 48.072778080147152 ], [ 8.389930349616227, 48.073219193130598 ], [ 8.39097371728298, 48.073628878913262 ], [ 8.392458674922407, 48.073773946186925 ], [ 8.392482009906757, 48.074129545951507 ], [ 8.391876083814816, 48.074168627209971 ], [ 8.389446798049709, 48.073479610741188 ], [ 8.388245172255782, 48.073443349053051 ], [ 8.38692469301904, 48.073817789307952 ], [ 8.385606228451262, 48.074483732006271 ], [ 8.382613353104787, 48.075058441356902 ], [ 8.382199556829063, 48.074904075893066 ], [ 8.381669186274031, 48.074518305411623 ], [ 8.381707541150694, 48.074387243740802 ], [ 8.380565899809133, 48.07396029938387 ], [ 8.379527619114485, 48.073747943474736 ], [ 8.37904289413872, 48.07383331688068 ], [ 8.378035040300553, 48.074349699237509 ], [ 8.377794426559225, 48.074820475773414 ], [ 8.378036046961981, 48.075647450051029 ], [ 8.377995787847029, 48.076080443649623 ], [ 8.377701225534469, 48.076582057857287 ], [ 8.377190294314886, 48.076867377517509 ], [ 8.377935868732266, 48.077487179286464 ], [ 8.378440614885003, 48.077280817612092 ], [ 8.379592043477732, 48.077110516741605 ], [ 8.379918430261629, 48.077121095712698 ], [ 8.379470425726486, 48.078169540941147 ], [ 8.379488551411336, 48.07848210879984 ], [ 8.377864276272319, 48.079060028143232 ], [ 8.377521306207973, 48.079376938617706 ], [ 8.377816221348523, 48.079827402101174 ], [ 8.378195964672795, 48.08015803239784 ], [ 8.378358773627642, 48.080474622139583 ], [ 8.378031773810701, 48.080847312613969 ], [ 8.377472074053816, 48.081042668128376 ], [ 8.374831540803253, 48.081609995849277 ], [ 8.372764079859046, 48.083276510934056 ], [ 8.374209117784901, 48.08356536954274 ], [ 8.374228191966761, 48.084937442979303 ], [ 8.369619908514881, 48.086981769973868 ], [ 8.369583157733478, 48.087296916994909 ], [ 8.36727103665253, 48.090922188591705 ], [ 8.365816187620634, 48.090107038499951 ], [ 8.364261482554703, 48.089073227572968 ], [ 8.361114830525546, 48.089040930540641 ], [ 8.358876406595192, 48.092517270612753 ], [ 8.358598587541387, 48.09331295338356 ], [ 8.356796028112337, 48.094485906655869 ], [ 8.354433414915887, 48.096789410729698 ], [ 8.354536920891293, 48.096900386526336 ], [ 8.35341422151609, 48.098582919552214 ], [ 8.352808223625225, 48.098538211554811 ], [ 8.350238057291849, 48.098086449032266 ], [ 8.348184929209275, 48.096134057974503 ], [ 8.348048812120782, 48.095448606602758 ], [ 8.345334382790048, 48.095119625514798 ], [ 8.344905712619239, 48.096142851900282 ], [ 8.344193906481021, 48.097313452964656 ], [ 8.342543959365377, 48.098763084082833 ], [ 8.341121346986561, 48.098570765606731 ], [ 8.339389035464496, 48.099373167841073 ], [ 8.343488190958878, 48.103330277607647 ], [ 8.346154490535824, 48.102805923715913 ], [ 8.347214010688887, 48.103137191943674 ], [ 8.348351161007011, 48.105202538970232 ], [ 8.350530584830004, 48.106606455618021 ], [ 8.353214919181353, 48.106815212150359 ], [ 8.356044373253994, 48.105861306738902 ], [ 8.355700100958593, 48.105709125793702 ], [ 8.353518112269759, 48.103923096502385 ], [ 8.353157004826448, 48.10238427218011 ], [ 8.353914199556788, 48.10185788355875 ], [ 8.355107864900079, 48.101722524402064 ], [ 8.35604786376982, 48.101774940426232 ], [ 8.356698341808272, 48.102015117075908 ], [ 8.359473683415576, 48.099389794404111 ], [ 8.359518761749838, 48.098842482681462 ], [ 8.361068646044801, 48.099121473133174 ], [ 8.360645167216887, 48.101806548279882 ], [ 8.364134471588427, 48.10388435157423 ], [ 8.366607091245951, 48.105552209935553 ], [ 8.368260374426406, 48.105349519165443 ], [ 8.371171836847472, 48.105318612694916 ], [ 8.368912605360791, 48.101109358647186 ], [ 8.365778824488475, 48.097688507032146 ], [ 8.369136588914341, 48.096909847317441 ], [ 8.370593640132608, 48.097762574055821 ], [ 8.371779021679965, 48.098339835900816 ], [ 8.372497908173177, 48.098876931219124 ], [ 8.372592825886922, 48.099090140670093 ], [ 8.375239888982236, 48.100421106240688 ], [ 8.374942173387955, 48.101390542728353 ], [ 8.37521816376384, 48.103145035321567 ], [ 8.374742176036785, 48.103549834353139 ], [ 8.37614358643302, 48.104927526171068 ], [ 8.3771743338901, 48.105580636915803 ], [ 8.379006830887498, 48.105585065718749 ], [ 8.381463776954771, 48.105336861176433 ], [ 8.385071064519634, 48.104754046040505 ], [ 8.385772541647237, 48.104696887302737 ], [ 8.386242110154457, 48.104802322716907 ], [ 8.387115969105961, 48.104696772327408 ], [ 8.386387801794312, 48.1029674267212 ], [ 8.384118129990938, 48.103270003042482 ], [ 8.38386914952671, 48.102174803266607 ], [ 8.384176409799363, 48.101775810167361 ], [ 8.384368339477614, 48.100618464033857 ], [ 8.381649965123991, 48.099512612406457 ], [ 8.377240985462198, 48.096615582931804 ], [ 8.375986176130857, 48.095891527616146 ], [ 8.376631437351271, 48.095242650488018 ], [ 8.378477073656429, 48.094906439453467 ], [ 8.379550524497315, 48.094887318370638 ], [ 8.380918590563018, 48.096225726709619 ], [ 8.384245098375054, 48.098116253845845 ], [ 8.386424929477053, 48.099057582483439 ], [ 8.387320446628088, 48.099246170951375 ], [ 8.387804589751189, 48.099194858625594 ], [ 8.389887336841245, 48.099916165165276 ], [ 8.391168580680764, 48.10008706722796 ], [ 8.393492212648962, 48.099429431582912 ], [ 8.393870020594683, 48.099556934302328 ], [ 8.39428407864729, 48.099537254614063 ], [ 8.394392499233128, 48.099066018923743 ], [ 8.394826784456548, 48.098741622631429 ], [ 8.39612755129656, 48.098150429143679 ], [ 8.39625462151966, 48.096864693304383 ], [ 8.39703823733436, 48.095871840235894 ], [ 8.396434651902055, 48.095448417529646 ], [ 8.395154085163464, 48.094838789378279 ], [ 8.394762123663385, 48.095290538907832 ], [ 8.391747426059554, 48.095059500848819 ], [ 8.387961439558996, 48.093426129921077 ], [ 8.386108046558242, 48.093633883339393 ], [ 8.382237230418584, 48.092782707359483 ], [ 8.379331330390857, 48.091227915007529 ], [ 8.3802353846988, 48.08973144825385 ], [ 8.381597349259389, 48.089059954459039 ], [ 8.387018347842748, 48.08727095547065 ], [ 8.388285563065237, 48.088439054491069 ], [ 8.389709069275252, 48.090328907028251 ], [ 8.393565623556464, 48.092513486032317 ], [ 8.393378457365788, 48.090637143270406 ], [ 8.39385716082775, 48.089087219850796 ], [ 8.39405872941775, 48.087749604171535 ], [ 8.396293606019606, 48.084504865207776 ], [ 8.400057959343634, 48.083865992357531 ], [ 8.404100890464399, 48.083896656374584 ], [ 8.404136206969007, 48.08341981288639 ], [ 8.404023996812434, 48.082788443707564 ], [ 8.404161271941183, 48.082167995193316 ], [ 8.405139154705408, 48.081202183533371 ], [ 8.405862867937374, 48.080700020250021 ], [ 8.407137600913678, 48.080267185334975 ], [ 8.407360288681277, 48.08012033157808 ], [ 8.407636785194569, 48.080069664009045 ], [ 8.408137283404267, 48.080108411448379 ], [ 8.409329484070746, 48.079821600059745 ], [ 8.409509302040219, 48.079912135495881 ], [ 8.409690849417094, 48.080215371257253 ], [ 8.40854630784427, 48.080466893114085 ], [ 8.406801373488877, 48.081157063825209 ], [ 8.405577916297352, 48.082474756043403 ], [ 8.40507198571288, 48.08353406641946 ], [ 8.405075793608034, 48.085637429500629 ], [ 8.405774368842014, 48.086612011496065 ], [ 8.406205296835564, 48.086913842610407 ], [ 8.406268998316074, 48.08750438161897 ], [ 8.406226814626622, 48.088065942607876 ], [ 8.405630310821977, 48.08832287496368 ], [ 8.405061868265449, 48.089604269187966 ], [ 8.40531705352222, 48.089880811306159 ], [ 8.405788461586198, 48.092033105941084 ], [ 8.405605657989696, 48.092280120426061 ], [ 8.404637341868163, 48.092143660119163 ], [ 8.40412287030896, 48.091712012027209 ], [ 8.40401774874408, 48.091070063950497 ], [ 8.403760609411579, 48.091055594271303 ], [ 8.401991510005955, 48.093202645071116 ], [ 8.401220118785361, 48.093929371999394 ], [ 8.400844447965046, 48.094764323301142 ], [ 8.400123961283489, 48.095614388300092 ], [ 8.400188688076557, 48.095638208572566 ], [ 8.399500616726101, 48.096839775029814 ], [ 8.405089301986861, 48.100032398124057 ], [ 8.404495386363347, 48.100994708732316 ], [ 8.405092546561507, 48.101148142906702 ], [ 8.406562181320796, 48.101903128956323 ], [ 8.406677790909512, 48.101883392514964 ], [ 8.406894084955129, 48.10155332658109 ], [ 8.40733375707587, 48.100147641918952 ], [ 8.408370828273069, 48.098508139243194 ], [ 8.407986721386632, 48.09823660844399 ], [ 8.40860930793772, 48.09803324110726 ], [ 8.412454097336287, 48.095983813664574 ], [ 8.417677315273469, 48.093446680577642 ], [ 8.419719510690353, 48.093754095119877 ], [ 8.419960318036409, 48.093717703043815 ], [ 8.420836014231343, 48.093018997356829 ], [ 8.421628747452289, 48.093464927035512 ], [ 8.425022983850486, 48.093445972088261 ], [ 8.427074215271986, 48.093113158265233 ], [ 8.428545575945147, 48.092157256270013 ], [ 8.430222646001793, 48.090797846261957 ], [ 8.430414820163886, 48.091977327893105 ], [ 8.431149058249948, 48.090597572236625 ], [ 8.433087389609778, 48.090858170067079 ], [ 8.434170958929327, 48.089637746865748 ], [ 8.435628023475525, 48.090077762358597 ], [ 8.437383909194265, 48.090788955530307 ], [ 8.437957134612029, 48.091239095956006 ], [ 8.439074714030548, 48.091499804075482 ], [ 8.440381581243555, 48.091099507434016 ], [ 8.442967478645178, 48.091129975723682 ], [ 8.444106738388131, 48.092782859318945 ], [ 8.447305275757413, 48.093099690075682 ], [ 8.447936231924022, 48.093373805195576 ], [ 8.448174076448108, 48.093863309333372 ], [ 8.44931609838657, 48.094976868474667 ], [ 8.449927655486864, 48.094479019894813 ], [ 8.453805990914974, 48.095117688117234 ], [ 8.454436794583275, 48.094129566086529 ], [ 8.456002367027494, 48.093032686092684 ], [ 8.458765064765895, 48.092568076207677 ], [ 8.459396208777779, 48.090843516712937 ], [ 8.459603398254048, 48.089217997641313 ], [ 8.462078643148772, 48.088441916107215 ], [ 8.46620104892593, 48.089317122877567 ], [ 8.46858035908169, 48.09023154832073 ], [ 8.479034231143201, 48.094582361440615 ], [ 8.481936094121986, 48.095171923126621 ], [ 8.482108935962614, 48.09478483821929 ], [ 8.482437141458929, 48.094440019373359 ], [ 8.48334041834501, 48.094269720713491 ], [ 8.485299552591615, 48.094060423173069 ], [ 8.485771073665392, 48.093199444396525 ], [ 8.486943153815391, 48.091992596740575 ], [ 8.489396619277336, 48.091014385455701 ], [ 8.492035078600839, 48.089705397075456 ], [ 8.491527338467723, 48.087538362774474 ], [ 8.491884312346707, 48.087479121483817 ], [ 8.491870450291401, 48.086841526551098 ], [ 8.493073265984222, 48.085511131170001 ], [ 8.494203090938635, 48.084743979503322 ], [ 8.494430620427021, 48.083531632948478 ], [ 8.495069880941406, 48.08129704622278 ], [ 8.497788976159031, 48.082065977838603 ], [ 8.498642427439293, 48.080736245118345 ], [ 8.499975472452576, 48.079526005884816 ], [ 8.50110779825085, 48.078753668260717 ], [ 8.500245862663416, 48.078044370190838 ], [ 8.499299760387036, 48.076699683335441 ], [ 8.498756180220164, 48.076130675852838 ], [ 8.499377629866936, 48.076021461075115 ], [ 8.50198976199788, 48.075220013453972 ], [ 8.503641958610105, 48.07444297458985 ], [ 8.503569705999034, 48.074152595757418 ], [ 8.503798489813684, 48.074038510958474 ], [ 8.501416700902672, 48.072879090316064 ], [ 8.502619602726993, 48.068596459964368 ], [ 8.502903957960282, 48.066500822467432 ], [ 8.503613568399436, 48.064804064416897 ], [ 8.503695458061793, 48.063992967766026 ], [ 8.500821003619482, 48.063722568388862 ], [ 8.501285358500427, 48.062560986773804 ], [ 8.500991051824773, 48.062529478649545 ], [ 8.500750457442097, 48.062370533961925 ], [ 8.500734840047892, 48.062070142057181 ], [ 8.501190083714237, 48.060252630291906 ], [ 8.499962528261365, 48.059286761063824 ], [ 8.498940978472794, 48.055919362454439 ], [ 8.499222812285847, 48.052236982792977 ], [ 8.499727597589507, 48.052172512985976 ], [ 8.501060845578769, 48.049931004062941 ], [ 8.502573249948606, 48.048218207286432 ], [ 8.503793562092874, 48.046465711218737 ], [ 8.504568731392327, 48.045931296784801 ], [ 8.508787180233407, 48.045752552057237 ], [ 8.509561136807225, 48.044844627001623 ], [ 8.510751240082513, 48.043840040599285 ], [ 8.513750733633332, 48.044541056341664 ], [ 8.515395499117414, 48.044818549861702 ], [ 8.515670488092859, 48.043995480390556 ], [ 8.51783239493947, 48.044109390372768 ], [ 8.517916290109309, 48.043300088725466 ], [ 8.521447339468139, 48.042794635249855 ], [ 8.524221630612319, 48.03951976651954 ], [ 8.52568747129353, 48.03751568216979 ], [ 8.525965107618044, 48.036045432223169 ], [ 8.523325225704344, 48.036038738364518 ] ], [ [ 8.356705859420112, 48.058045236825528 ], [ 8.356198414928757, 48.05806713675787 ], [ 8.35583693150752, 48.057878419702114 ], [ 8.356775860889211, 48.057909591740007 ], [ 8.356705859420112, 48.058045236825528 ] ], [ [ 8.358642873151746, 48.057732527908051 ], [ 8.356204901633182, 48.057783672721762 ], [ 8.354694648212277, 48.057516802122009 ], [ 8.355705969860797, 48.055327171028686 ], [ 8.355946933309621, 48.054428176143681 ], [ 8.359791020798752, 48.054657674493065 ], [ 8.358642873151746, 48.057732527908051 ] ], [ [ 8.358531054277055, 48.051057539753074 ], [ 8.357863032306103, 48.049937079755338 ], [ 8.358854079612206, 48.050525360966112 ], [ 8.360656719951248, 48.050463968687417 ], [ 8.360773046775835, 48.050790403343818 ], [ 8.360376864578516, 48.050719100207445 ], [ 8.358531054277055, 48.051057539753074 ] ], [ [ 8.394919983505423, 48.076350753631736 ], [ 8.396330945812723, 48.076585532165403 ], [ 8.397000277498048, 48.076901606547395 ], [ 8.39456638309195, 48.077881730253196 ], [ 8.394474387733016, 48.077289145134607 ], [ 8.394665868045909, 48.076703002023059 ], [ 8.394712137606502, 48.076100528682417 ], [ 8.394919983505423, 48.076350753631736 ] ] ], [ [ [ 8.396063757799453, 48.10100540844951 ], [ 8.39591181949438, 48.101316898545583 ], [ 8.396141352038876, 48.102752239477752 ], [ 8.395155676012529, 48.103142027555926 ], [ 8.394828245419713, 48.103377736625319 ], [ 8.394672942331509, 48.103860151725897 ], [ 8.395009032481902, 48.104088737900575 ], [ 8.395540530432616, 48.104286591395223 ], [ 8.397655293613852, 48.10466288673851 ], [ 8.398197158489292, 48.102708231574482 ], [ 8.399625459547613, 48.101367220203528 ], [ 8.401404663534969, 48.101240375934175 ], [ 8.401157955441809, 48.099930285138754 ], [ 8.399532587959987, 48.098557845740885 ], [ 8.398791956441741, 48.098099530550918 ], [ 8.397513312805149, 48.097731151022188 ], [ 8.395783926319334, 48.099679566886479 ], [ 8.396063757799453, 48.10100540844951 ] ] ] ] } },
{ "type": "Feature", "properties": { "Gemarkung": "Villingendorf", "Schluessel": "085900", "Ebene": "Gemarkung" }, "geometry": { "type": "Polygon", "coordinates": [ [ [ 8.578162862516113, 48.190107604092766 ], [ 8.569751942468386, 48.188831889419227 ], [ 8.566634833504395, 48.188132546439384 ], [ 8.564883870432672, 48.187922691970726 ], [ 8.560263604527826, 48.186391469289873 ], [ 8.558069883877037, 48.185813731570391 ], [ 8.557304920858298, 48.18548159080121 ], [ 8.556779242056699, 48.185142000593622 ], [ 8.555884879823701, 48.186584264662358 ], [ 8.55582940800163, 48.186775774778845 ], [ 8.55595778879154, 48.187006322060562 ], [ 8.555767046277255, 48.187686652139767 ], [ 8.555544598344438, 48.18781624768036 ], [ 8.555489603816371, 48.188216757915036 ], [ 8.555012813576873, 48.1881495056993 ], [ 8.554870673553813, 48.189834258414805 ], [ 8.555261984225218, 48.189830104873501 ], [ 8.555245173548739, 48.19021789697608 ], [ 8.554007241553737, 48.190347964786881 ], [ 8.553038157824009, 48.191512630675263 ], [ 8.552734179203483, 48.192133135277096 ], [ 8.552077770716506, 48.192631617752333 ], [ 8.552703872092527, 48.192322312450834 ], [ 8.553430833910172, 48.193118216654597 ], [ 8.553434036155986, 48.193291689583333 ], [ 8.553738147460081, 48.19353902604562 ], [ 8.553449956966814, 48.194169490213625 ], [ 8.553531326357911, 48.194189689428256 ], [ 8.553458038378041, 48.194664171796504 ], [ 8.555115345269027, 48.195128270139683 ], [ 8.553947913077808, 48.197726551968415 ], [ 8.556265833402501, 48.198172051933788 ], [ 8.556539703976982, 48.197702570535164 ], [ 8.559565939605456, 48.199054383083975 ], [ 8.563212809161744, 48.200176715037244 ], [ 8.563234879504195, 48.2005092343759 ], [ 8.562806659713308, 48.201567621449534 ], [ 8.561812250180063, 48.203206849043283 ], [ 8.561775575605763, 48.203467169403801 ], [ 8.562461562952697, 48.203657007606367 ], [ 8.564698368905477, 48.203947101563607 ], [ 8.565768876289924, 48.204154839608549 ], [ 8.566594327060802, 48.204216434227867 ], [ 8.569044881713573, 48.204862716412123 ], [ 8.570936742150204, 48.205162101605062 ], [ 8.574192990836655, 48.205866608835073 ], [ 8.574799713696727, 48.206097015526595 ], [ 8.575932850028304, 48.206375156109125 ], [ 8.575958050585781, 48.207610521898403 ], [ 8.572452583388602, 48.207595019873821 ], [ 8.569687112377151, 48.207052086375739 ], [ 8.568460520364107, 48.206605471583408 ], [ 8.568034551630248, 48.206314441904496 ], [ 8.567504241461146, 48.206603227651691 ], [ 8.567921585407479, 48.207519510690474 ], [ 8.569697314374999, 48.207714115655747 ], [ 8.569500907660684, 48.208424134523142 ], [ 8.568529961028919, 48.20969931214799 ], [ 8.567749446191025, 48.210989052654412 ], [ 8.567838634720273, 48.211395597225433 ], [ 8.568108458643692, 48.211755406841171 ], [ 8.569841917928722, 48.212064290858997 ], [ 8.575209516205048, 48.21266031868759 ], [ 8.58034917710091, 48.213704568085909 ], [ 8.587283626605387, 48.214781135159583 ], [ 8.587352227563136, 48.214854795900536 ], [ 8.589460517724211, 48.214156988511668 ], [ 8.590617803380074, 48.215372544343609 ], [ 8.59177042892366, 48.214725718913307 ], [ 8.592780067967897, 48.21441800755796 ], [ 8.593770243868095, 48.214305900597793 ], [ 8.595157692131771, 48.216290556541104 ], [ 8.596238642582565, 48.216348428941288 ], [ 8.596185302008932, 48.21686592157775 ], [ 8.596677194678236, 48.216833640023893 ], [ 8.597443611989315, 48.217003397958258 ], [ 8.598074059899121, 48.21695027289141 ], [ 8.599892710636809, 48.217705245782611 ], [ 8.600764002596788, 48.21761803600814 ], [ 8.60163284929453, 48.217741517830348 ], [ 8.602994143276247, 48.21798860214853 ], [ 8.603791113119076, 48.218338720433394 ], [ 8.604821211668998, 48.218521123379091 ], [ 8.606710150786034, 48.218486124875547 ], [ 8.607568719560808, 48.21839045293288 ], [ 8.608466676159203, 48.218178309319867 ], [ 8.609565238391934, 48.217449790102279 ], [ 8.610129086277896, 48.216645943915182 ], [ 8.610273481515346, 48.215553223753503 ], [ 8.610005082598169, 48.214893382742268 ], [ 8.609927618283384, 48.213891048226159 ], [ 8.610742120033372, 48.213915131373433 ], [ 8.610769211392105, 48.213644237251181 ], [ 8.611262189628203, 48.213712212125436 ], [ 8.611108911291351, 48.213119429513853 ], [ 8.610890903198312, 48.210641401836163 ], [ 8.610706812212113, 48.210297457731961 ], [ 8.610804117963438, 48.210139352127101 ], [ 8.609142803358731, 48.209258769565416 ], [ 8.608785199493298, 48.20943110310332 ], [ 8.6087032947243, 48.209386829620549 ], [ 8.607107915153927, 48.207689524890448 ], [ 8.606807210137237, 48.207216520313715 ], [ 8.606621819113174, 48.20653779088115 ], [ 8.606939860947319, 48.205307204884583 ], [ 8.606784862869473, 48.205370822664769 ], [ 8.606125027211903, 48.206134378990775 ], [ 8.604816856879863, 48.205668979258725 ], [ 8.604311025650549, 48.205411098027625 ], [ 8.603734376539446, 48.204615946197364 ], [ 8.60355646055627, 48.204021448136771 ], [ 8.604245412405108, 48.203375685832732 ], [ 8.605077528264376, 48.20290720014016 ], [ 8.605177514166822, 48.202961165035973 ], [ 8.606946719374706, 48.202528538912311 ], [ 8.608334013188607, 48.202299174410633 ], [ 8.61004351388752, 48.202296708523079 ], [ 8.61135975439535, 48.199056975471507 ], [ 8.612448481483934, 48.197556369470583 ], [ 8.611080383487897, 48.197598083371545 ], [ 8.608313275072536, 48.198381675625029 ], [ 8.604993272337637, 48.197376248823559 ], [ 8.6039869856001, 48.196987719518532 ], [ 8.603152211271382, 48.196539584280032 ], [ 8.602396280892025, 48.195207949836799 ], [ 8.601741202031295, 48.194584895919427 ], [ 8.601492050776995, 48.194021815894487 ], [ 8.601700893502429, 48.192424149117556 ], [ 8.600597237761358, 48.19195823878723 ], [ 8.600333728976304, 48.191739327868675 ], [ 8.597982661285586, 48.191374222768879 ], [ 8.5974127924662, 48.191601109916455 ], [ 8.596771287047453, 48.191662559717749 ], [ 8.596774555223805, 48.191743363434227 ], [ 8.595373741377243, 48.191754186108035 ], [ 8.594097752588269, 48.191634077620222 ], [ 8.591110738624575, 48.191195599137743 ], [ 8.587997450687828, 48.190553080320328 ], [ 8.586555750686733, 48.190364727229451 ], [ 8.585833532083534, 48.190374093444213 ], [ 8.584822604049467, 48.190628298453312 ], [ 8.584452273865885, 48.190366949604709 ], [ 8.584306316388188, 48.190546000311258 ], [ 8.583858239677355, 48.190730705269836 ], [ 8.580538780679316, 48.190733846036046 ], [ 8.580434189921771, 48.190310519432167 ], [ 8.578162862516113, 48.190107604092766 ] ] ] } },
{ "type": "Feature", "properties": { "Gemarkung": "Vöhringen", "Schluessel": "085760", "Ebene": "Gemarkung" }, "geometry": { "type": "Polygon", "coordinates": [ [ [ 8.691504402297568, 48.305922361397926 ], [ 8.690441675290577, 48.305486853683234 ], [ 8.68581143325062, 48.304257761413979 ], [ 8.685171012384791, 48.303886874561499 ], [ 8.68450203287223, 48.304387958301007 ], [ 8.682808960089911, 48.305390574675272 ], [ 8.682620676135773, 48.305264461015582 ], [ 8.68224764490531, 48.304725337020969 ], [ 8.682098889564303, 48.304749127141413 ], [ 8.682067148834721, 48.304626953863455 ], [ 8.681846379015695, 48.304477717497896 ], [ 8.681424925660847, 48.304332603305838 ], [ 8.681301558475711, 48.30437238691772 ], [ 8.681014412770203, 48.30431491152757 ], [ 8.680779286492566, 48.304392620645423 ], [ 8.680697657416705, 48.304226674389938 ], [ 8.680507905884422, 48.304121155666103 ], [ 8.680321681470948, 48.304077184029104 ], [ 8.680119224065955, 48.304149314661885 ], [ 8.679620571851768, 48.303929486226615 ], [ 8.679451801708293, 48.303984075938821 ], [ 8.679310598231829, 48.303857278322212 ], [ 8.678984063628061, 48.303974674328963 ], [ 8.678472791064273, 48.303854399432844 ], [ 8.678211614236739, 48.303892804757318 ], [ 8.678115707530528, 48.303811475890384 ], [ 8.677886015699157, 48.303903858972845 ], [ 8.677571696724401, 48.303794027897112 ], [ 8.677253495746955, 48.304022102078207 ], [ 8.676411886481016, 48.303873630489676 ], [ 8.675798387974949, 48.303990209731815 ], [ 8.675590086387686, 48.303962182368004 ], [ 8.675296901188359, 48.304092887156941 ], [ 8.674899736737778, 48.304076110907097 ], [ 8.67476035970668, 48.304194203729757 ], [ 8.674350877548724, 48.304078606706987 ], [ 8.674005618897763, 48.304190807431915 ], [ 8.673672289209126, 48.304166110806165 ], [ 8.672881654431949, 48.304609652558703 ], [ 8.672399639970694, 48.304723168797118 ], [ 8.67198019373218, 48.304689585092888 ], [ 8.671203030572386, 48.304900768308833 ], [ 8.670916779395807, 48.304831304622233 ], [ 8.670966219576664, 48.305216865743887 ], [ 8.670620294305644, 48.306603979991635 ], [ 8.670406357451068, 48.308245808444681 ], [ 8.670796232530268, 48.309421716516212 ], [ 8.668958530025861, 48.309426608186406 ], [ 8.667515832168744, 48.309682901719306 ], [ 8.666717747775801, 48.310979897679573 ], [ 8.665410836201783, 48.311417662030159 ], [ 8.665254597107415, 48.312065960496682 ], [ 8.664544898118626, 48.312868828753935 ], [ 8.66434537889732, 48.313738678567553 ], [ 8.661008406218889, 48.317036442128035 ], [ 8.656855235488274, 48.320243147614988 ], [ 8.654915653872671, 48.321495263648366 ], [ 8.653927258885643, 48.32227383736506 ], [ 8.652486373561006, 48.323052745672065 ], [ 8.651175398912356, 48.323548364033869 ], [ 8.650458003629645, 48.322400996442845 ], [ 8.649883878771069, 48.321828409694433 ], [ 8.64879541917716, 48.321057582814703 ], [ 8.647679079613399, 48.320539917297175 ], [ 8.647974829939431, 48.322609074393796 ], [ 8.64806565260305, 48.322741243929563 ], [ 8.649104227130172, 48.323413141560252 ], [ 8.648848931872056, 48.325171126663257 ], [ 8.648240024991148, 48.325633045764761 ], [ 8.64768978105935, 48.325920335543763 ], [ 8.647299508352024, 48.327150426935276 ], [ 8.647355035343017, 48.328019677587704 ], [ 8.646247843193372, 48.327427534328379 ], [ 8.646240257333426, 48.3275100106625 ], [ 8.64589230707808, 48.327530981906868 ], [ 8.645583644893435, 48.327703577448354 ], [ 8.644927168582464, 48.327799076966478 ], [ 8.644300194201456, 48.328210987633383 ], [ 8.64378107336808, 48.328439066665425 ], [ 8.642832327466994, 48.328519523925138 ], [ 8.640823171724312, 48.327961680557571 ], [ 8.638483216079372, 48.330558801776782 ], [ 8.63838105601255, 48.330581422205711 ], [ 8.637588650755156, 48.330278888764006 ], [ 8.637600068722742, 48.330362144105202 ], [ 8.637088006414134, 48.330405783009461 ], [ 8.636836924154984, 48.3305381415461 ], [ 8.637012959232823, 48.33054328550412 ], [ 8.637366950354734, 48.332052336729419 ], [ 8.637462765668731, 48.333401061844803 ], [ 8.637316864976233, 48.333616432345472 ], [ 8.635420291814217, 48.333939985303495 ], [ 8.634584166425723, 48.333821904726584 ], [ 8.634478077688296, 48.33360015928023 ], [ 8.631029022642426, 48.333114482478749 ], [ 8.631529391529369, 48.335971633421138 ], [ 8.631870728445396, 48.337309182999768 ], [ 8.631813887680508, 48.337388531711525 ], [ 8.631901666076413, 48.337397809317032 ], [ 8.632368155823112, 48.339367594003704 ], [ 8.63242870018748, 48.340218602956348 ], [ 8.635815417373706, 48.341359537029092 ], [ 8.635335292440265, 48.343456129310219 ], [ 8.638415735954661, 48.345865264162533 ], [ 8.640476475897541, 48.347820040370337 ], [ 8.642656939016714, 48.348908772695943 ], [ 8.644681948412469, 48.349462312034255 ], [ 8.645660779196753, 48.349653631292874 ], [ 8.645603500342062, 48.349777788645703 ], [ 8.646152164064219, 48.349972096058288 ], [ 8.647819576029525, 48.350231458412438 ], [ 8.64933128313058, 48.350583707321611 ], [ 8.651098246266301, 48.351133917463081 ], [ 8.654130878580357, 48.352328834241604 ], [ 8.654722195375726, 48.352651881004867 ], [ 8.656418045231254, 48.35428220333776 ], [ 8.656598452587634, 48.354271856071712 ], [ 8.656709939229117, 48.35443403852684 ], [ 8.657418404073464, 48.354181995186643 ], [ 8.658930439049513, 48.353966430048963 ], [ 8.662562760698822, 48.3538527183441 ], [ 8.661087031481253, 48.35307448836452 ], [ 8.661087452870607, 48.352949886000388 ], [ 8.662609710074189, 48.351586959650632 ], [ 8.664802469563892, 48.352646427914287 ], [ 8.666104488539538, 48.352665418735953 ], [ 8.671184878789326, 48.351860997353342 ], [ 8.669215583390391, 48.350857083062955 ], [ 8.669266618922512, 48.350228993508637 ], [ 8.668039641142853, 48.349679632334777 ], [ 8.668535960544752, 48.34915466921364 ], [ 8.668179180057939, 48.348934482097384 ], [ 8.668491733656108, 48.34844047717948 ], [ 8.669028184428504, 48.348593615534206 ], [ 8.669281615269727, 48.348328583177661 ], [ 8.66767149353868, 48.348010679310335 ], [ 8.668089715003704, 48.347102414606049 ], [ 8.669081151846235, 48.346082710628316 ], [ 8.66922529133906, 48.345811516006712 ], [ 8.666678640082893, 48.345015337747306 ], [ 8.668204856344907, 48.342754120159356 ], [ 8.666798822273437, 48.342354472646761 ], [ 8.668675967538372, 48.341152182071049 ], [ 8.669713814740309, 48.340344206988249 ], [ 8.670118132348856, 48.340487874422081 ], [ 8.670595639946066, 48.340498689310124 ], [ 8.671007297241333, 48.340341166159234 ], [ 8.671383836597224, 48.340020251665216 ], [ 8.672047960906127, 48.340032493162688 ], [ 8.6719972793452, 48.339918270889775 ], [ 8.671423805806263, 48.339701343931971 ], [ 8.67234039932392, 48.338998979358649 ], [ 8.673247205362337, 48.338029378444112 ], [ 8.674181666566149, 48.337690785274873 ], [ 8.674777932987345, 48.337271428332166 ], [ 8.675927771239483, 48.336862535888883 ], [ 8.677864404809842, 48.335853870500209 ], [ 8.678517564814275, 48.33541252156035 ], [ 8.67957812499469, 48.33444626875027 ], [ 8.680743901379788, 48.333737423168003 ], [ 8.681707991024858, 48.334167617058959 ], [ 8.682423329480477, 48.33389510559288 ], [ 8.682841723724316, 48.333528835622218 ], [ 8.684143749962827, 48.332682412001461 ], [ 8.685070465785076, 48.332215506193464 ], [ 8.685663052942486, 48.332040522255269 ], [ 8.68601354983832, 48.331497180333251 ], [ 8.686501533425599, 48.331194513465562 ], [ 8.687031982622816, 48.331117057048985 ], [ 8.687023640107927, 48.332083457834436 ], [ 8.686243412892299, 48.332736290575227 ], [ 8.686697435047343, 48.333089568151202 ], [ 8.688306137759067, 48.333604769935548 ], [ 8.68908600128325, 48.332388190405915 ], [ 8.691183163663412, 48.332542195065209 ], [ 8.691085834292098, 48.331477896370508 ], [ 8.691226499544568, 48.330794976098225 ], [ 8.693453309797958, 48.330783568516189 ], [ 8.695818887470599, 48.330510951332059 ], [ 8.693233149497066, 48.328461387374233 ], [ 8.695338526476677, 48.327301912176424 ], [ 8.698138589672846, 48.327216898517705 ], [ 8.70000872024692, 48.32662189201681 ], [ 8.701915596419004, 48.32545512075918 ], [ 8.703722796686044, 48.324992231955427 ], [ 8.70456211774361, 48.323928822767719 ], [ 8.705528967009634, 48.323530769343598 ], [ 8.70708049649922, 48.32348021099547 ], [ 8.709703538723989, 48.323764228950729 ], [ 8.711696174142263, 48.324149620793996 ], [ 8.712408841642391, 48.323794866017948 ], [ 8.71327845912151, 48.323163040179459 ], [ 8.71382776080568, 48.322538868112218 ], [ 8.715396106541984, 48.322295710214782 ], [ 8.71778827514828, 48.321658700640967 ], [ 8.719347715000167, 48.321161760218651 ], [ 8.71988106181141, 48.32005880596089 ], [ 8.720400706540683, 48.31815133094657 ], [ 8.718646869823601, 48.314819264196586 ], [ 8.715687726163836, 48.314096209775322 ], [ 8.709733512519431, 48.312156132048877 ], [ 8.701880704005587, 48.310259332062785 ], [ 8.696919617872991, 48.308277255076803 ], [ 8.694669803909083, 48.307154631935077 ], [ 8.692461785040315, 48.306431710592015 ], [ 8.691504402297568, 48.305922361397926 ] ] ] } },
{ "type": "Feature", "properties": { "Gemarkung": "Waldmössingen", "Schluessel": "085851", "Ebene": "Gemarkung" }, "geometry": { "type": "Polygon", "coordinates": [ [ [ 8.500705836304389, 48.255915225228918 ], [ 8.49734007945208, 48.255372357991334 ], [ 8.496285024973252, 48.2556916267825 ], [ 8.494804597253818, 48.255713472163151 ], [ 8.493095733604971, 48.256015712362554 ], [ 8.492242853323617, 48.255927739190021 ], [ 8.489792617668067, 48.256320311185625 ], [ 8.489206202832785, 48.256248072347681 ], [ 8.4894251638162, 48.256096008804214 ], [ 8.489421280587758, 48.25545766683085 ], [ 8.489112625027564, 48.255458095274996 ], [ 8.48901494072928, 48.255810606683397 ], [ 8.487521986135752, 48.255278817926715 ], [ 8.487130854450593, 48.25561868355539 ], [ 8.486702237690222, 48.255665084009358 ], [ 8.484768071051208, 48.25490771793622 ], [ 8.484162373332762, 48.254477922975269 ], [ 8.483495925887587, 48.255091573913219 ], [ 8.481526332825606, 48.255020092135965 ], [ 8.475603611832318, 48.255315860797758 ], [ 8.474936052093259, 48.253816551849624 ], [ 8.47502888718615, 48.253696778066661 ], [ 8.470289222027644, 48.254439052539475 ], [ 8.469925621480581, 48.253747230098341 ], [ 8.463458422899182, 48.254637161555571 ], [ 8.463427356923567, 48.25456756106054 ], [ 8.460005317559101, 48.255090991763097 ], [ 8.459333507226583, 48.255290623487575 ], [ 8.458175814246669, 48.255776851057512 ], [ 8.453720704842207, 48.258108083251521 ], [ 8.453801544125875, 48.258158579591701 ], [ 8.453396485595515, 48.258340999843234 ], [ 8.449389430843759, 48.259685171608176 ], [ 8.448515443526464, 48.260696454965903 ], [ 8.4478192480417, 48.261773092636425 ], [ 8.447720620464965, 48.26176038331235 ], [ 8.445524650551146, 48.263564654371187 ], [ 8.443671755426726, 48.264522503282464 ], [ 8.43861753637816, 48.267793744175457 ], [ 8.437653795140193, 48.267962673828464 ], [ 8.436978517425976, 48.268258333732796 ], [ 8.436548654495718, 48.268600446386813 ], [ 8.436150143906973, 48.269142260467234 ], [ 8.434333433558791, 48.272379567544803 ], [ 8.432831722578795, 48.274132306160119 ], [ 8.437154573128026, 48.276253399225119 ], [ 8.440075348856764, 48.277289694076167 ], [ 8.441854224695211, 48.277409991890735 ], [ 8.44412229638273, 48.277387599485223 ], [ 8.448015306063636, 48.277776299847226 ], [ 8.449734259772294, 48.277769153305883 ], [ 8.452260560183626, 48.277232229253542 ], [ 8.45496554263687, 48.277301851077191 ], [ 8.457958502246706, 48.27612824001158 ], [ 8.457883623385781, 48.27607183699341 ], [ 8.458413616882394, 48.275774021093582 ], [ 8.458811952056793, 48.275767439382847 ], [ 8.459659222814123, 48.275416319918641 ], [ 8.462265457912894, 48.27513964908978 ], [ 8.465682227794019, 48.276010540990519 ], [ 8.469634517738131, 48.27713616225406 ], [ 8.472823451204935, 48.277644299287999 ], [ 8.474824058962451, 48.278153044931749 ], [ 8.475119305654919, 48.277869734360102 ], [ 8.476828887884464, 48.27835786327455 ], [ 8.476928410028497, 48.278167943874685 ], [ 8.478609020859977, 48.27863153319155 ], [ 8.478658296861957, 48.278544217813547 ], [ 8.480591882071579, 48.278985712935764 ], [ 8.483180351794791, 48.277804490406027 ], [ 8.48535628247018, 48.276944888689336 ], [ 8.486038023022017, 48.276579698868751 ], [ 8.487510553226054, 48.275979706790594 ], [ 8.489234060421127, 48.275103349669457 ], [ 8.489482676810242, 48.275757081092202 ], [ 8.491378207163429, 48.275360264783707 ], [ 8.492163258271249, 48.275117222118723 ], [ 8.492679363800249, 48.275520397243312 ], [ 8.493197392046584, 48.2751167460424 ], [ 8.494072361462774, 48.275689106135161 ], [ 8.494689543834598, 48.275220297785559 ], [ 8.496081194687553, 48.276183663134518 ], [ 8.496486051647187, 48.275883504137482 ], [ 8.495771962009194, 48.275394548503129 ], [ 8.496654618447721, 48.274913308148882 ], [ 8.497075588492812, 48.27513970993072 ], [ 8.497695568071697, 48.274973279910959 ], [ 8.498862942628094, 48.275804638459832 ], [ 8.499499391653547, 48.275290724399994 ], [ 8.49996759577148, 48.275498517833888 ], [ 8.500417790017529, 48.274968853980532 ], [ 8.500209133863789, 48.274750314899343 ], [ 8.500464366104923, 48.274656597670116 ], [ 8.501583211232759, 48.274647597273869 ], [ 8.501643903995008, 48.274587581790776 ], [ 8.506241028651907, 48.274657974001336 ], [ 8.506694731936935, 48.27378426322683 ], [ 8.507441554054127, 48.273876892574549 ], [ 8.507539209805689, 48.273209298825208 ], [ 8.511059286137511, 48.274012528296382 ], [ 8.511046053862648, 48.273125208224307 ], [ 8.515630383974083, 48.275406492305734 ], [ 8.515790784100254, 48.275205009911886 ], [ 8.517352980657309, 48.275689756427056 ], [ 8.51794502411126, 48.275950807420735 ], [ 8.518372646400861, 48.275896189275471 ], [ 8.518714623140092, 48.275374547660995 ], [ 8.51729819890128, 48.274737756043997 ], [ 8.518011009558084, 48.274237195422231 ], [ 8.518731852833712, 48.273554298981338 ], [ 8.521197208410738, 48.272112687590131 ], [ 8.521322666658202, 48.272113749688408 ], [ 8.521042166463399, 48.271902776504341 ], [ 8.519547374951621, 48.271222950944889 ], [ 8.519857074261413, 48.270401937210522 ], [ 8.520461912060977, 48.270500276885862 ], [ 8.520617515247974, 48.270044338173356 ], [ 8.522151455637449, 48.270584682375656 ], [ 8.522941761191039, 48.269565297668294 ], [ 8.522228811807269, 48.269370076215019 ], [ 8.522124721064563, 48.268985840255453 ], [ 8.522571091180755, 48.267794268772313 ], [ 8.52283417039459, 48.267486410547626 ], [ 8.523093361863612, 48.267552622601073 ], [ 8.522940897703798, 48.266212096399805 ], [ 8.523084634963675, 48.265478013585238 ], [ 8.523025603239418, 48.265160631372439 ], [ 8.521283400317332, 48.265063423762328 ], [ 8.521174582191632, 48.264884024236345 ], [ 8.522338151492045, 48.264766236905942 ], [ 8.527076863905062, 48.264879029885677 ], [ 8.528009424665878, 48.264809177520696 ], [ 8.528682802980704, 48.264672578914279 ], [ 8.528788338785667, 48.264845390202531 ], [ 8.530575321647593, 48.264217524427444 ], [ 8.530376001078146, 48.264000247443853 ], [ 8.531359017532163, 48.263567732772152 ], [ 8.532473784837421, 48.263180819415105 ], [ 8.533965860908726, 48.26250716727256 ], [ 8.535057248907261, 48.262271730297492 ], [ 8.533914263051722, 48.261557704882605 ], [ 8.533368569725276, 48.261409563537711 ], [ 8.532518946739106, 48.261006114505342 ], [ 8.528551885988605, 48.259874943747405 ], [ 8.527036787145157, 48.258210339319426 ], [ 8.526848109464126, 48.257719866433021 ], [ 8.526131078307273, 48.257953350151453 ], [ 8.525499239034691, 48.258312596574747 ], [ 8.522960048248448, 48.257536371688019 ], [ 8.522024051688609, 48.257366763494893 ], [ 8.519843508294416, 48.257132848536742 ], [ 8.518106749029428, 48.256758423168677 ], [ 8.515805436890094, 48.256377907010368 ], [ 8.514464438045016, 48.256286063015665 ], [ 8.512588234568295, 48.256316092147152 ], [ 8.512774119207634, 48.256504283684173 ], [ 8.5118567651023, 48.256915146481099 ], [ 8.511350536858004, 48.257232293503293 ], [ 8.511464289712658, 48.257454098590223 ], [ 8.50740897020183, 48.25714440138794 ], [ 8.50740988398818, 48.258101127067526 ], [ 8.507342087901833, 48.258019775289895 ], [ 8.505941918143858, 48.258095369101461 ], [ 8.504526841569113, 48.257928507329943 ], [ 8.503633417945867, 48.257667165270846 ], [ 8.502893136346581, 48.257355736325522 ], [ 8.502356231349278, 48.256982205179924 ], [ 8.502355910431184, 48.256348917520739 ], [ 8.500705836304389, 48.255915225228918 ] ] ] } },
{ "type": "Feature", "properties": { "Gemarkung": "Weiden", "Schluessel": "085776", "Ebene": "Gemarkung" }, "geometry": { "type": "Polygon", "coordinates": [ [ [ 8.569217520356084, 48.320757023405655 ], [ 8.56731160492863, 48.321807702782642 ], [ 8.564977243850389, 48.322500281197243 ], [ 8.562121854855357, 48.322512208074166 ], [ 8.561454073039513, 48.321886011961197 ], [ 8.560822929325425, 48.320796531125467 ], [ 8.560251660376609, 48.319586629584222 ], [ 8.560303840012269, 48.319212655683238 ], [ 8.560175704235851, 48.318442496716223 ], [ 8.559041183015697, 48.318642468252577 ], [ 8.558179813921445, 48.318685225926686 ], [ 8.557702936538217, 48.318690140667087 ], [ 8.557246383608911, 48.318559821047884 ], [ 8.557316665803945, 48.318044759602216 ], [ 8.554630330789783, 48.316763242701342 ], [ 8.554299825056296, 48.317588401110186 ], [ 8.554635209085815, 48.318155413886579 ], [ 8.553345954190378, 48.318819050606763 ], [ 8.552351851535718, 48.31842940668318 ], [ 8.551347776416028, 48.319348017891365 ], [ 8.550808164894269, 48.31910740883005 ], [ 8.550009069246279, 48.319552501738357 ], [ 8.548852122830768, 48.319993666937201 ], [ 8.548661493915944, 48.319874162418088 ], [ 8.547381745660005, 48.319678223251465 ], [ 8.546507137537994, 48.319644009463175 ], [ 8.545533700228782, 48.319407242339764 ], [ 8.545343157027496, 48.319628348351436 ], [ 8.544692013708875, 48.319842683479393 ], [ 8.541227344844707, 48.320619277927143 ], [ 8.54277341920216, 48.323949989635089 ], [ 8.545311484687977, 48.324193965206561 ], [ 8.546439646288148, 48.324396526894716 ], [ 8.546058506391752, 48.324674011288465 ], [ 8.546833595369295, 48.324758937651353 ], [ 8.548272099976325, 48.324712505143424 ], [ 8.548733316162968, 48.325158932869158 ], [ 8.5495135365626, 48.325213992218572 ], [ 8.550091358486064, 48.325058811422608 ], [ 8.550113429777296, 48.325110898722386 ], [ 8.551127842327885, 48.324951481694733 ], [ 8.552651517883287, 48.325023453530392 ], [ 8.55494092706699, 48.325467595433437 ], [ 8.555500129890074, 48.32574577674584 ], [ 8.555790873672159, 48.326007984339164 ], [ 8.555365343673014, 48.327283782270065 ], [ 8.554822080101751, 48.327947077114537 ], [ 8.556906538245116, 48.327553602869791 ], [ 8.557736819807245, 48.329422894057835 ], [ 8.556748521542133, 48.331216000479877 ], [ 8.555991809811889, 48.332187064370672 ], [ 8.55520822360438, 48.332986902095996 ], [ 8.55661000839201, 48.334151268122888 ], [ 8.55957318020975, 48.334907398093669 ], [ 8.561830678411194, 48.335307645567383 ], [ 8.561809181793434, 48.335533020728889 ], [ 8.561980425042549, 48.335988455588478 ], [ 8.561705032403275, 48.33710497518662 ], [ 8.561034960613947, 48.337792915768489 ], [ 8.56103186709983, 48.338923427455477 ], [ 8.560211687690259, 48.339283760664664 ], [ 8.559636053873582, 48.339749475951947 ], [ 8.560064182159314, 48.340539763352986 ], [ 8.560235819170273, 48.341263303019055 ], [ 8.559649939114014, 48.341944629485418 ], [ 8.557748817431596, 48.342810373878528 ], [ 8.557932250794424, 48.342931544492309 ], [ 8.557369076153865, 48.343494190290819 ], [ 8.557175111408483, 48.344292708582969 ], [ 8.556563339001242, 48.344916340627208 ], [ 8.555007107534287, 48.345182300513677 ], [ 8.555269230288143, 48.34694711219057 ], [ 8.557174373181279, 48.346216284865427 ], [ 8.557428037004732, 48.346286175598102 ], [ 8.557929762648348, 48.346434120825499 ], [ 8.559219215368385, 48.347058129983687 ], [ 8.562734876096973, 48.348181736605255 ], [ 8.563700820890309, 48.348863663171329 ], [ 8.564496976999605, 48.349231225053835 ], [ 8.565227133042569, 48.349790430875828 ], [ 8.566677858200181, 48.34929110173384 ], [ 8.566946367675859, 48.349603397553565 ], [ 8.567277026252244, 48.349478328652069 ], [ 8.566523365725104, 48.348362333403593 ], [ 8.565682067552087, 48.34743025394333 ], [ 8.567085928466568, 48.346846533713403 ], [ 8.568000535549068, 48.347426568718298 ], [ 8.568549993088984, 48.346881363372333 ], [ 8.566246358454855, 48.345648882836585 ], [ 8.565641163717004, 48.344381846751958 ], [ 8.567169013254759, 48.342931763569361 ], [ 8.567379330886688, 48.342956575871597 ], [ 8.567828247132299, 48.342199123637641 ], [ 8.568706470191218, 48.34146829076483 ], [ 8.570104802540385, 48.341807301930444 ], [ 8.571532455833989, 48.342256884487 ], [ 8.572067712256676, 48.341543011261805 ], [ 8.573037648638154, 48.341520705048076 ], [ 8.573166845978427, 48.341110576083011 ], [ 8.570086182475684, 48.340763797439017 ], [ 8.571259373340599, 48.339916370377651 ], [ 8.572608268679074, 48.339095584631345 ], [ 8.573533746200741, 48.339350206883452 ], [ 8.574139117804661, 48.339802373724083 ], [ 8.574639884283558, 48.340680143384361 ], [ 8.57548882568592, 48.340779364010203 ], [ 8.576600076556987, 48.341452902511953 ], [ 8.576358345994299, 48.341636354447942 ], [ 8.577739807703137, 48.342080291805559 ], [ 8.579226639345183, 48.342792878886364 ], [ 8.579596029159667, 48.342150067445694 ], [ 8.577644911250843, 48.340841910511926 ], [ 8.57685537366822, 48.339809428791582 ], [ 8.57736964352592, 48.339271518530438 ], [ 8.576627025237404, 48.338606002090337 ], [ 8.576272918209108, 48.338038357011371 ], [ 8.575919097821416, 48.336948994061778 ], [ 8.576243095833695, 48.336003106933902 ], [ 8.578601283226506, 48.335226449339672 ], [ 8.579606197813256, 48.335037777214247 ], [ 8.580174267058222, 48.335070350715057 ], [ 8.5803041048912, 48.334671821395375 ], [ 8.581564412141804, 48.334303590134475 ], [ 8.581616595022497, 48.333895600154072 ], [ 8.581924500105963, 48.333797126316398 ], [ 8.581290101760338, 48.332440906783198 ], [ 8.581475674088432, 48.33271517153316 ], [ 8.582164709560526, 48.333181815814115 ], [ 8.582469816189159, 48.333623761533666 ], [ 8.583085691456413, 48.334179201847149 ], [ 8.583694887045448, 48.333783304751492 ], [ 8.58417735464371, 48.3334065591418 ], [ 8.583852657173189, 48.332999364263593 ], [ 8.583462452807733, 48.332104130609345 ], [ 8.583310756363803, 48.330502799512381 ], [ 8.583509360085662, 48.32891218322105 ], [ 8.583355195717745, 48.32865818794216 ], [ 8.584778102974806, 48.328614571121939 ], [ 8.586367491225422, 48.328421110710458 ], [ 8.585123780387475, 48.327380841656435 ], [ 8.585076036976385, 48.326081635873877 ], [ 8.585737599843364, 48.324919397321985 ], [ 8.584502341980903, 48.323547982568762 ], [ 8.584382704275825, 48.323562035032317 ], [ 8.582874155074533, 48.322925365301998 ], [ 8.58165211512792, 48.322526241556353 ], [ 8.578895345636749, 48.322324551941428 ], [ 8.574990328522466, 48.32217298922253 ], [ 8.571138281747029, 48.321401887992408 ], [ 8.571154571023463, 48.321325386719202 ], [ 8.569217520356084, 48.320757023405655 ] ] ] } },
{ "type": "Feature", "properties": { "Gemarkung": "Weigheim", "Schluessel": "086069", "Ebene": "Gemarkung" }, "geometry": { "type": "Polygon", "coordinates": [ [ [ 8.606867769434725, 48.048103539602664 ], [ 8.606834910354159, 48.048365963524439 ], [ 8.606142490042977, 48.049356785500059 ], [ 8.603100748534391, 48.048384344832527 ], [ 8.601320916441869, 48.048215604513963 ], [ 8.600681380173119, 48.048479338872454 ], [ 8.600059057287615, 48.048529357684615 ], [ 8.596923866403719, 48.047843436535601 ], [ 8.595354780526938, 48.047720418550902 ], [ 8.596231455079124, 48.050371808998662 ], [ 8.593713832924125, 48.051156390984836 ], [ 8.591078252656427, 48.053033469194652 ], [ 8.589362047060687, 48.053977984853539 ], [ 8.589193085213269, 48.053877782676764 ], [ 8.587974955457309, 48.054638266616166 ], [ 8.588267985085899, 48.054881429696266 ], [ 8.587001836747135, 48.055382344029518 ], [ 8.585165108235824, 48.056359022997057 ], [ 8.58455978532335, 48.057785399012822 ], [ 8.58289039268039, 48.058881498161249 ], [ 8.582068963987155, 48.059735398905133 ], [ 8.582152935487494, 48.060503878232183 ], [ 8.582450570852549, 48.061555733453133 ], [ 8.582375944397297, 48.062136765847505 ], [ 8.581939602291484, 48.064258407796082 ], [ 8.580972335255257, 48.065720153823072 ], [ 8.582015976269565, 48.065783515891638 ], [ 8.582097927382675, 48.0666533844987 ], [ 8.582742550777667, 48.068490237120976 ], [ 8.583619786933937, 48.069187455931441 ], [ 8.584466513602939, 48.07065929804407 ], [ 8.584864321785854, 48.071653925855848 ], [ 8.585712701603917, 48.072276977870651 ], [ 8.587390611165839, 48.072614108439851 ], [ 8.589396037655963, 48.072453226322551 ], [ 8.589875645949043, 48.071073974464142 ], [ 8.592273044620869, 48.072044476130536 ], [ 8.596122927569501, 48.071147026220174 ], [ 8.597260439878918, 48.071428579280884 ], [ 8.598938657074271, 48.072820631857354 ], [ 8.600442131160245, 48.073073469720136 ], [ 8.601247186442391, 48.073354096572793 ], [ 8.601969057493555, 48.073716483149788 ], [ 8.602759681237265, 48.073851206479631 ], [ 8.603428332108768, 48.073227498278179 ], [ 8.604271755994297, 48.072708574534069 ], [ 8.604958902513147, 48.072014293812067 ], [ 8.607132722447794, 48.070636913501737 ], [ 8.60772967635393, 48.070143842618926 ], [ 8.607927656426579, 48.06949285839481 ], [ 8.609066566334754, 48.068707333264797 ], [ 8.609581846123788, 48.06819903952595 ], [ 8.610634322840642, 48.067618338948925 ], [ 8.612046146894238, 48.066247007386949 ], [ 8.614205355203801, 48.064647484204073 ], [ 8.616559361025466, 48.062572173352343 ], [ 8.617922739006842, 48.061160029909423 ], [ 8.617986545321376, 48.06122529118494 ], [ 8.618290552411224, 48.060915451290541 ], [ 8.618833088082308, 48.061364588761307 ], [ 8.62059142457635, 48.060509654584507 ], [ 8.620880493646524, 48.060129491028896 ], [ 8.621230226347008, 48.059218157141075 ], [ 8.621850791075703, 48.05834172280926 ], [ 8.622784961399912, 48.056658553743183 ], [ 8.624766745581237, 48.055901457367476 ], [ 8.627184026016895, 48.054743389396371 ], [ 8.627648660905628, 48.054272637169859 ], [ 8.627846401886657, 48.053778975924395 ], [ 8.627753947007523, 48.053666392335451 ], [ 8.629456519799753, 48.054129849229291 ], [ 8.630675788682822, 48.052728784160323 ], [ 8.631430990019036, 48.052245364469329 ], [ 8.633890272985168, 48.051344697367959 ], [ 8.635751021520063, 48.050478160082946 ], [ 8.63596921667834, 48.050305926822489 ], [ 8.636578161706861, 48.048913119732234 ], [ 8.634617971496278, 48.048178585149344 ], [ 8.63469333171637, 48.048128710761155 ], [ 8.634203480673587, 48.047970692146123 ], [ 8.633453795101488, 48.047386728318244 ], [ 8.633298895428831, 48.047205661600067 ], [ 8.634022303305485, 48.046441232498346 ], [ 8.6335581566083, 48.04570747635924 ], [ 8.632927648028838, 48.045162576565957 ], [ 8.632673722795028, 48.044662693893656 ], [ 8.632360939556145, 48.04434598394738 ], [ 8.631993064660298, 48.044078940824697 ], [ 8.631002991822823, 48.043594058577355 ], [ 8.629830200846566, 48.044719516734176 ], [ 8.628119892034766, 48.043733035763779 ], [ 8.627416171438853, 48.044179353156231 ], [ 8.624458032439758, 48.044336079344447 ], [ 8.624525585872252, 48.045102496330877 ], [ 8.624384233189645, 48.048599580113674 ], [ 8.623620333231051, 48.048562441287118 ], [ 8.614790552615416, 48.046982611090932 ], [ 8.61438344359637, 48.046229174909833 ], [ 8.614268684369376, 48.045515496710046 ], [ 8.612466188432245, 48.045299887773538 ], [ 8.607702077977411, 48.044909618817471 ], [ 8.60667747363628, 48.046450474480324 ], [ 8.606528942816563, 48.047137077183216 ], [ 8.606867769434725, 48.048103539602664 ] ] ] } },
{ "type": "Feature", "properties": { "Gemarkung": "Weiler", "Schluessel": "086005", "Ebene": "Gemarkung" }, "geometry": { "type": "Polygon", "coordinates": [ [ [ 8.457241101464223, 48.160112493551146 ], [ 8.456507694715933, 48.160200437421118 ], [ 8.456266063648934, 48.160160517678186 ], [ 8.455974755580403, 48.160227696282568 ], [ 8.455847065690882, 48.160171130649807 ], [ 8.455322575197773, 48.160340308847886 ], [ 8.454814404318848, 48.160288866156115 ], [ 8.453357178377097, 48.160560761620559 ], [ 8.452417466612411, 48.160914728420366 ], [ 8.451904655392497, 48.16100828206477 ], [ 8.451916636843631, 48.161221657558151 ], [ 8.451832655738032, 48.161265882098228 ], [ 8.451552042060035, 48.161312677351653 ], [ 8.451455431887752, 48.161229624082338 ], [ 8.45113492361622, 48.161259583513697 ], [ 8.450954899067586, 48.161596110432718 ], [ 8.450845570373685, 48.161520373424509 ], [ 8.45039152242205, 48.161651178625654 ], [ 8.450273992852802, 48.161902531976814 ], [ 8.449992714631863, 48.161935554868776 ], [ 8.449734376620015, 48.162187493385879 ], [ 8.449561174379166, 48.162237137142561 ], [ 8.449168129372509, 48.162195937499284 ], [ 8.449000748922584, 48.162254425348323 ], [ 8.448266769095675, 48.1622536936693 ], [ 8.448028573390415, 48.162457321291946 ], [ 8.447976250467477, 48.162358013303859 ], [ 8.447769282724241, 48.162458595027758 ], [ 8.44770336790188, 48.162410324445659 ], [ 8.446477365348185, 48.16285580546014 ], [ 8.445764894127995, 48.162493033055128 ], [ 8.443727419247409, 48.163161922790216 ], [ 8.442699431641019, 48.163758751050949 ], [ 8.441425606077106, 48.164118025157663 ], [ 8.439973176647833, 48.164735797899105 ], [ 8.438632885919992, 48.165130705091364 ], [ 8.439513511723788, 48.166722428403979 ], [ 8.440415127489359, 48.167860889364064 ], [ 8.441784901268443, 48.168794687163199 ], [ 8.442644106092303, 48.169237638579567 ], [ 8.443676818331113, 48.169992448518379 ], [ 8.444810996682296, 48.171143965478713 ], [ 8.443666424327162, 48.171649729102946 ], [ 8.442673203725567, 48.172299266936498 ], [ 8.441120960525279, 48.172316202224479 ], [ 8.440952147739825, 48.172811923704451 ], [ 8.439524624850291, 48.173293417278614 ], [ 8.439037038669301, 48.173379209085937 ], [ 8.438333671374549, 48.173689228596572 ], [ 8.43822081996208, 48.173898396292707 ], [ 8.437393449834333, 48.17440258814031 ], [ 8.437286088953076, 48.174244705791509 ], [ 8.436969347011297, 48.174303344481523 ], [ 8.436992884525289, 48.174377234842353 ], [ 8.435919538246056, 48.174875352690485 ], [ 8.435129650022287, 48.175576295671995 ], [ 8.434580030388878, 48.176627947042405 ], [ 8.433954344015529, 48.177341115465005 ], [ 8.433797256111569, 48.177814841281958 ], [ 8.433409067784085, 48.178470785941386 ], [ 8.434566731596956, 48.17951329508341 ], [ 8.435865529683166, 48.181968646287757 ], [ 8.4403152438222, 48.181069019547856 ], [ 8.44572602446657, 48.180440798089286 ], [ 8.448425748746029, 48.18083831331726 ], [ 8.449568821435738, 48.180223542722878 ], [ 8.450405360618785, 48.179916340806741 ], [ 8.450652605085132, 48.179350984687538 ], [ 8.451095218166619, 48.17874337568184 ], [ 8.451423832303425, 48.178871711402842 ], [ 8.452813805419783, 48.177637566605235 ], [ 8.45348696411558, 48.178027727869136 ], [ 8.45435142009827, 48.178735036177358 ], [ 8.455521344401607, 48.178266534189817 ], [ 8.455996999476078, 48.178890655404494 ], [ 8.456213278860531, 48.18062368134099 ], [ 8.456657094560713, 48.180393568733471 ], [ 8.457389531853822, 48.181368068840058 ], [ 8.459986728786308, 48.180973277065171 ], [ 8.459837708434087, 48.180035005067744 ], [ 8.459980632541452, 48.180016693015283 ], [ 8.459556671040835, 48.178897189573277 ], [ 8.460105056323624, 48.178839216993588 ], [ 8.460205349714387, 48.179152511923895 ], [ 8.460376580237716, 48.17932083904843 ], [ 8.460991964846002, 48.179172757397339 ], [ 8.460919729242573, 48.178774663538064 ], [ 8.461691923240048, 48.178501446069369 ], [ 8.462416460104635, 48.178411088479493 ], [ 8.46234052634564, 48.177580944593366 ], [ 8.462932859488044, 48.177525143401226 ], [ 8.462968399142044, 48.176981623653035 ], [ 8.463459729535362, 48.177013427998794 ], [ 8.463551515622777, 48.176712548447838 ], [ 8.463905557326253, 48.176739031705914 ], [ 8.464484253354829, 48.175963672603523 ], [ 8.465770718673463, 48.177132514643944 ], [ 8.465466302459598, 48.178931389192847 ], [ 8.465186177646173, 48.179828431518281 ], [ 8.470200485242875, 48.179892047226716 ], [ 8.472670705587904, 48.179478929560986 ], [ 8.474414986751912, 48.178685379930208 ], [ 8.475960056441236, 48.17882243976711 ], [ 8.478724768968771, 48.17929952244468 ], [ 8.480289690992384, 48.179325411818219 ], [ 8.481353764456264, 48.179646460256379 ], [ 8.483444094878152, 48.180481431975146 ], [ 8.485384932634521, 48.181070889573903 ], [ 8.486373546339342, 48.181451473181745 ], [ 8.489102751585181, 48.182032781581043 ], [ 8.490293593395551, 48.180026981595901 ], [ 8.490562849256486, 48.179259566275611 ], [ 8.490454898408792, 48.179252340112455 ], [ 8.49034983608481, 48.179116560319819 ], [ 8.490213849776143, 48.179114877704997 ], [ 8.490202913874372, 48.179037455483936 ], [ 8.490007689390277, 48.179094889733101 ], [ 8.489925208578553, 48.179015350663398 ], [ 8.489341983999543, 48.178940875688454 ], [ 8.489156720352858, 48.178862228966167 ], [ 8.48926440777667, 48.178828159201849 ], [ 8.489148618551699, 48.178716352481615 ], [ 8.488839116823236, 48.178564097864928 ], [ 8.488766590695223, 48.178647177024999 ], [ 8.48843750341965, 48.178597759276585 ], [ 8.488188460834523, 48.178358771474585 ], [ 8.487142174156926, 48.178194952289893 ], [ 8.487073460699545, 48.178030451433109 ], [ 8.486893584681635, 48.177924834244386 ], [ 8.486603586572153, 48.177814316497816 ], [ 8.486343872420711, 48.177823412799967 ], [ 8.48624889584417, 48.177743185444754 ], [ 8.485223636206195, 48.177684527083301 ], [ 8.484764440430766, 48.177544906482723 ], [ 8.484687098814756, 48.177597911699003 ], [ 8.484441536065274, 48.177564151699528 ], [ 8.483939725502291, 48.177448898332678 ], [ 8.483884785766204, 48.177374066976881 ], [ 8.483756850383731, 48.177441869304822 ], [ 8.483470337291923, 48.177346924007232 ], [ 8.482986833398336, 48.177431570953338 ], [ 8.482764314594018, 48.177260167729116 ], [ 8.479762753463783, 48.176879727222079 ], [ 8.477599320333979, 48.176521194052654 ], [ 8.477463221833057, 48.17616060747072 ], [ 8.478143910541077, 48.17464555396667 ], [ 8.478715024609203, 48.172206011804207 ], [ 8.479021416503835, 48.17032154839174 ], [ 8.481139669403255, 48.168934081286629 ], [ 8.476108613999097, 48.166762516775727 ], [ 8.470954431634526, 48.165070782347669 ], [ 8.468183140987964, 48.164387179869273 ], [ 8.463367889773846, 48.16184960653711 ], [ 8.460112903180098, 48.160998365137473 ], [ 8.457576629608596, 48.160684935707664 ], [ 8.457241101464223, 48.160112493551146 ] ] ] } },
{ "type": "Feature", "properties": { "Gemarkung": "Weilersbach", "Schluessel": "086070", "Ebene": "Gemarkung" }, "geometry": { "type": "Polygon", "coordinates": [ [ [ 8.50198976199788, 48.075220013453972 ], [ 8.499377629866936, 48.076021461075115 ], [ 8.498756180220164, 48.076130675852838 ], [ 8.499299760387036, 48.076699683335441 ], [ 8.500245862663416, 48.078044370190838 ], [ 8.50110779825085, 48.078753668260717 ], [ 8.499975472452576, 48.079526005884816 ], [ 8.498642427439293, 48.080736245118345 ], [ 8.497788976159031, 48.082065977838603 ], [ 8.495069880941406, 48.08129704622278 ], [ 8.494430620427021, 48.083531632948478 ], [ 8.494203090938635, 48.084743979503322 ], [ 8.493073265984222, 48.085511131170001 ], [ 8.491870450291401, 48.086841526551098 ], [ 8.491884312346707, 48.087479121483817 ], [ 8.491527338467723, 48.087538362774474 ], [ 8.492035078600839, 48.089705397075456 ], [ 8.489396619277336, 48.091014385455701 ], [ 8.486943153815391, 48.091992596740575 ], [ 8.485771073665392, 48.093199444396525 ], [ 8.485299552591615, 48.094060423173069 ], [ 8.485549249400371, 48.095672917716882 ], [ 8.486976973139612, 48.097138715833758 ], [ 8.487643084882954, 48.097618082631399 ], [ 8.489193571338857, 48.098037770696244 ], [ 8.489163593742781, 48.098162426816671 ], [ 8.489057524411725, 48.098145130736491 ], [ 8.488521666551808, 48.09866853576132 ], [ 8.489005914730358, 48.098893997341158 ], [ 8.489167611434487, 48.098773705644959 ], [ 8.4896513354101, 48.099052514789719 ], [ 8.4949730581873, 48.103078100163685 ], [ 8.501084763556362, 48.105278216141528 ], [ 8.502355381959603, 48.105182148622674 ], [ 8.503404313848186, 48.10496445876035 ], [ 8.505758080860918, 48.104707663137496 ], [ 8.506580956382507, 48.104387305080778 ], [ 8.507009021606374, 48.103520386182161 ], [ 8.508267440103646, 48.102726029078234 ], [ 8.511273569293747, 48.101341159332584 ], [ 8.51528507560718, 48.102851841605649 ], [ 8.517318961854752, 48.104650456998549 ], [ 8.518811267048765, 48.105753546284447 ], [ 8.51979333847966, 48.105323816181837 ], [ 8.521318906857429, 48.105876032128108 ], [ 8.522819629232785, 48.106590791297243 ], [ 8.523316405289515, 48.106328249636512 ], [ 8.525365401743835, 48.107202156947949 ], [ 8.525546144157019, 48.106699248319295 ], [ 8.527524285558185, 48.10617837142734 ], [ 8.529073334205778, 48.106024941974397 ], [ 8.52952013667678, 48.105493606656673 ], [ 8.529444004279794, 48.105489966037808 ], [ 8.530937620533171, 48.103305918986791 ], [ 8.529761115775631, 48.102770284466047 ], [ 8.526853189831771, 48.102003675377439 ], [ 8.525813260330235, 48.103406798913518 ], [ 8.524870699555944, 48.104397800342149 ], [ 8.523017209343372, 48.104197945109284 ], [ 8.519587641705932, 48.103064605159659 ], [ 8.519637535112926, 48.102077926251546 ], [ 8.520047090406612, 48.101196935812801 ], [ 8.521175748348529, 48.099724956175656 ], [ 8.523500605124401, 48.100148304553954 ], [ 8.523779732192791, 48.099273957344707 ], [ 8.524304828811671, 48.096457441239451 ], [ 8.526116683848407, 48.096086780337004 ], [ 8.525931627603592, 48.095222838208102 ], [ 8.52505542264969, 48.094931673826942 ], [ 8.524510113540654, 48.094338491126045 ], [ 8.524119127330522, 48.092959420786009 ], [ 8.524202419605221, 48.091937428069791 ], [ 8.524886029529986, 48.090110161073248 ], [ 8.526042263339956, 48.088927501249572 ], [ 8.525254622473057, 48.087648193897948 ], [ 8.525370174551242, 48.08721762100582 ], [ 8.526117270082171, 48.08723842861712 ], [ 8.526044694576557, 48.086952921772365 ], [ 8.528882190210171, 48.086765124694892 ], [ 8.528932906551118, 48.086299193719086 ], [ 8.529779542767857, 48.08604930340806 ], [ 8.53065200202605, 48.085351187599862 ], [ 8.53178392491038, 48.085385675619307 ], [ 8.532476183418684, 48.085290965804418 ], [ 8.532465864196091, 48.084947954933348 ], [ 8.529283915469676, 48.0846216860621 ], [ 8.528999567154854, 48.083969131824503 ], [ 8.527460564398067, 48.081808010490008 ], [ 8.52567129637989, 48.08113575351738 ], [ 8.525318416004637, 48.080802843444182 ], [ 8.525584755479043, 48.080530341765801 ], [ 8.52430533651491, 48.08026809541564 ], [ 8.524318306777248, 48.080142819589874 ], [ 8.5232347747015, 48.080028114636512 ], [ 8.517145938003154, 48.080394333794366 ], [ 8.516498032107878, 48.080087057760899 ], [ 8.51191783664061, 48.080486689095864 ], [ 8.510239555663489, 48.080142786943284 ], [ 8.510207620286666, 48.080041703406387 ], [ 8.508673055879314, 48.07904619122759 ], [ 8.506582887622042, 48.077021794686402 ], [ 8.504539944993834, 48.076108345378451 ], [ 8.504166407603027, 48.074519734884262 ], [ 8.50390574895442, 48.074430168264861 ], [ 8.503654880345051, 48.074495303591853 ], [ 8.503641958610105, 48.07444297458985 ], [ 8.50198976199788, 48.075220013453972 ] ] ] } },
{ "type": "Feature", "properties": { "Gemarkung": "Winzeln", "Schluessel": "085801", "Ebene": "Gemarkung" }, "geometry": { "type": "Polygon", "coordinates": [ [ [ 8.478609020859977, 48.27863153319155 ], [ 8.476928410028497, 48.278167943874685 ], [ 8.476828887884464, 48.27835786327455 ], [ 8.475119305654919, 48.277869734360102 ], [ 8.474824058962451, 48.278153044931749 ], [ 8.472823451204935, 48.277644299287999 ], [ 8.469634517738131, 48.27713616225406 ], [ 8.465682227794019, 48.276010540990519 ], [ 8.462265457912894, 48.27513964908978 ], [ 8.459659222814123, 48.275416319918641 ], [ 8.458811952056793, 48.275767439382847 ], [ 8.458413616882394, 48.275774021093582 ], [ 8.457883623385781, 48.27607183699341 ], [ 8.457958502246706, 48.27612824001158 ], [ 8.45496554263687, 48.277301851077191 ], [ 8.452260560183626, 48.277232229253542 ], [ 8.449734259772294, 48.277769153305883 ], [ 8.448015306063636, 48.277776299847226 ], [ 8.44412229638273, 48.277387599485223 ], [ 8.441854224695211, 48.277409991890735 ], [ 8.440075348856764, 48.277289694076167 ], [ 8.437154573128026, 48.276253399225119 ], [ 8.432831722578795, 48.274132306160119 ], [ 8.430094257906832, 48.277194959495397 ], [ 8.427971796857415, 48.278553374680989 ], [ 8.42628707241362, 48.280195444909943 ], [ 8.425828574042018, 48.280515511877546 ], [ 8.424975344908205, 48.28080481419498 ], [ 8.424127668925495, 48.280934984653463 ], [ 8.423523710760303, 48.280943564564659 ], [ 8.420125090806433, 48.280646767180841 ], [ 8.418515810217116, 48.280589608739177 ], [ 8.416388160804319, 48.28073114662439 ], [ 8.414871089583292, 48.281062437009368 ], [ 8.415660323372693, 48.281449533630742 ], [ 8.41644358678599, 48.282006813891918 ], [ 8.418726106224511, 48.284080258952152 ], [ 8.418859610727397, 48.28408741136267 ], [ 8.420913504132217, 48.285807792089784 ], [ 8.422553887260426, 48.288453988441951 ], [ 8.424678849515921, 48.289982935700955 ], [ 8.426685506265796, 48.291156060577734 ], [ 8.428030988697209, 48.292302472098172 ], [ 8.428484636017458, 48.29340395363436 ], [ 8.429526424696698, 48.294698183986682 ], [ 8.430930892581685, 48.296689920048372 ], [ 8.432106651740552, 48.297611692966463 ], [ 8.433776615554606, 48.298449428923874 ], [ 8.436660905613639, 48.298755808017219 ], [ 8.438613876088583, 48.298584972363152 ], [ 8.442890456538986, 48.297287741554484 ], [ 8.444159017180679, 48.297097120266187 ], [ 8.446832111413894, 48.296333047534404 ], [ 8.448285338952115, 48.295818215539597 ], [ 8.449843675974966, 48.295080028382628 ], [ 8.453447355032369, 48.294940666943063 ], [ 8.456385489309403, 48.29426966833136 ], [ 8.458614149367071, 48.294206497624259 ], [ 8.46190081000903, 48.29460212582719 ], [ 8.467176968333034, 48.294732043224684 ], [ 8.468678927110552, 48.294564184726681 ], [ 8.469973700343024, 48.294287120841283 ], [ 8.470499864838064, 48.294136419549687 ], [ 8.471401379484375, 48.293724376149491 ], [ 8.471692705066898, 48.2940931428017 ], [ 8.47214423812534, 48.293765754469625 ], [ 8.472777712388202, 48.293575589579163 ], [ 8.473622112203653, 48.293575678796721 ], [ 8.474607178047828, 48.293715944390101 ], [ 8.474697625203984, 48.293323558639216 ], [ 8.477282080357634, 48.293637355819442 ], [ 8.478865200060808, 48.29392703886284 ], [ 8.47996030105495, 48.293921559666529 ], [ 8.480757275211703, 48.293679638898922 ], [ 8.481260077715453, 48.293781772009638 ], [ 8.481941810907307, 48.294095503305591 ], [ 8.48323986466132, 48.294179794963341 ], [ 8.483449248538481, 48.294620857371143 ], [ 8.485543083015905, 48.294824122963711 ], [ 8.486040882031734, 48.294593962231005 ], [ 8.488014881187665, 48.294660706105006 ], [ 8.488036745954981, 48.293781819478433 ], [ 8.48833085877679, 48.292993032339353 ], [ 8.488556291157801, 48.292762548255617 ], [ 8.488856603709495, 48.292877602517144 ], [ 8.488731057382894, 48.293069395341035 ], [ 8.488886990303532, 48.292966985495134 ], [ 8.489130022401445, 48.293093840124079 ], [ 8.489061008982455, 48.293159839710555 ], [ 8.489455753402833, 48.29318849309184 ], [ 8.489453968905696, 48.293381015971939 ], [ 8.490186455473168, 48.293476572163307 ], [ 8.490028257514716, 48.294212705872368 ], [ 8.490661472550592, 48.294313576703765 ], [ 8.490803207871835, 48.29409324378333 ], [ 8.490936436163167, 48.294077549432785 ], [ 8.491114055389477, 48.293651438990466 ], [ 8.491775202514985, 48.293776628593641 ], [ 8.491764325986736, 48.293908023268656 ], [ 8.492454404190322, 48.294025779522279 ], [ 8.492467028208068, 48.294166814536375 ], [ 8.491979791579737, 48.294884944238042 ], [ 8.492140648207423, 48.294979310981269 ], [ 8.492347206051154, 48.295441486967817 ], [ 8.494000357882763, 48.2953849851706 ], [ 8.494291648538082, 48.295419734348499 ], [ 8.4941786166541, 48.295465300696378 ], [ 8.49419292429757, 48.295586550009453 ], [ 8.495182857617699, 48.295694002385638 ], [ 8.495189216214772, 48.295486654933114 ], [ 8.496255066341638, 48.295497356222057 ], [ 8.496416963578637, 48.295349798594536 ], [ 8.496477992577212, 48.295436974526474 ], [ 8.49712121542477, 48.294974656247419 ], [ 8.497356135563278, 48.295134296133462 ], [ 8.496911241246019, 48.295446157916174 ], [ 8.497151827978032, 48.295468262506162 ], [ 8.497495207399126, 48.295237646890357 ], [ 8.49822346628536, 48.294929538599654 ], [ 8.498290269709511, 48.29499181773572 ], [ 8.497930156421644, 48.295128256547464 ], [ 8.498208898772234, 48.295301671093654 ], [ 8.49729194757221, 48.296151639277575 ], [ 8.496760779673384, 48.29716037217635 ], [ 8.497434057965974, 48.297333175053772 ], [ 8.499342552441577, 48.297561379740344 ], [ 8.499564219855909, 48.297037113723732 ], [ 8.500038299252614, 48.297105391747429 ], [ 8.499471921301582, 48.298465307256755 ], [ 8.500119009842734, 48.298588768112772 ], [ 8.500191058928962, 48.298432087844077 ], [ 8.502006291143134, 48.298758177440902 ], [ 8.50225286775431, 48.299275568656434 ], [ 8.502994894061096, 48.299427404044629 ], [ 8.502927938457844, 48.299560176683563 ], [ 8.504310861539071, 48.299893357297627 ], [ 8.504068902944141, 48.300414125910443 ], [ 8.505121258478187, 48.300799401480717 ], [ 8.506381119721384, 48.301467966192384 ], [ 8.507028087136607, 48.301819725070892 ], [ 8.506766237174046, 48.302041631843998 ], [ 8.50795585214, 48.302644471473847 ], [ 8.50847150089848, 48.302799801039718 ], [ 8.509066245264419, 48.302314897423464 ], [ 8.509566216108569, 48.301643443843346 ], [ 8.510254044796241, 48.301630900438489 ], [ 8.510366386867519, 48.30126260196338 ], [ 8.510801957988349, 48.301330491637593 ], [ 8.510900000273505, 48.300934151904926 ], [ 8.511821295424912, 48.30111296299674 ], [ 8.511974491606708, 48.300191985937893 ], [ 8.511601715152239, 48.299959636825058 ], [ 8.513060439659258, 48.299773111702507 ], [ 8.515403671790795, 48.300159432906149 ], [ 8.517705371093991, 48.299633531454802 ], [ 8.514614077581609, 48.298975279440796 ], [ 8.515864002831469, 48.298093377889984 ], [ 8.516940932099525, 48.298365109827266 ], [ 8.518316623911563, 48.298584552638133 ], [ 8.518690762689991, 48.297411862589883 ], [ 8.519955959838338, 48.297679495817661 ], [ 8.520465435240961, 48.297686299532266 ], [ 8.521479735230514, 48.297519495906371 ], [ 8.521205802469723, 48.297283450547503 ], [ 8.520987217378391, 48.29734326844644 ], [ 8.521820948117334, 48.296572117243976 ], [ 8.522242953237178, 48.2962705004377 ], [ 8.52422194034267, 48.295522077052937 ], [ 8.52448917562703, 48.293517804655139 ], [ 8.523605243171602, 48.293260167973436 ], [ 8.522389511214325, 48.293133849268841 ], [ 8.521297554168722, 48.291983211720265 ], [ 8.522203065715509, 48.291210376578455 ], [ 8.523108390183527, 48.290816657145704 ], [ 8.522954846618356, 48.290019266771452 ], [ 8.521906046851759, 48.289681221468349 ], [ 8.523004774984475, 48.289058799068506 ], [ 8.520996374141406, 48.287874213893772 ], [ 8.521450628905098, 48.2875188432591 ], [ 8.520487582451116, 48.286883168551505 ], [ 8.520557527649457, 48.286813195381448 ], [ 8.520383243691414, 48.285630472674541 ], [ 8.521335868586613, 48.285171557592705 ], [ 8.521522071892262, 48.28454642683937 ], [ 8.519226887802393, 48.2841530522048 ], [ 8.518476378237221, 48.282555863190638 ], [ 8.51652400883208, 48.282356400347105 ], [ 8.516582827833144, 48.281351257435041 ], [ 8.514656127112902, 48.280781293248488 ], [ 8.515676546159954, 48.279890955175141 ], [ 8.516442820795456, 48.27903327752751 ], [ 8.515953576431148, 48.278787946234658 ], [ 8.515630383974083, 48.275406492305734 ], [ 8.511046053862648, 48.273125208224307 ], [ 8.511059286137511, 48.274012528296382 ], [ 8.507539209805689, 48.273209298825208 ], [ 8.507441554054127, 48.273876892574549 ], [ 8.506694731936935, 48.27378426322683 ], [ 8.506241028651907, 48.274657974001336 ], [ 8.501643903995008, 48.274587581790776 ], [ 8.501583211232759, 48.274647597273869 ], [ 8.500464366104923, 48.274656597670116 ], [ 8.500209133863789, 48.274750314899343 ], [ 8.500417790017529, 48.274968853980532 ], [ 8.49996759577148, 48.275498517833888 ], [ 8.499499391653547, 48.275290724399994 ], [ 8.498862942628094, 48.275804638459832 ], [ 8.497695568071697, 48.274973279910959 ], [ 8.497075588492812, 48.27513970993072 ], [ 8.496654618447721, 48.274913308148882 ], [ 8.495771962009194, 48.275394548503129 ], [ 8.496486051647187, 48.275883504137482 ], [ 8.496081194687553, 48.276183663134518 ], [ 8.494689543834598, 48.275220297785559 ], [ 8.494072361462774, 48.275689106135161 ], [ 8.493197392046584, 48.2751167460424 ], [ 8.492679363800249, 48.275520397243312 ], [ 8.492163258271249, 48.275117222118723 ], [ 8.491378207163429, 48.275360264783707 ], [ 8.489482676810242, 48.275757081092202 ], [ 8.489234060421127, 48.275103349669457 ], [ 8.487510553226054, 48.275979706790594 ], [ 8.486038023022017, 48.276579698868751 ], [ 8.48535628247018, 48.276944888689336 ], [ 8.483180351794791, 48.277804490406027 ], [ 8.480591882071579, 48.278985712935764 ], [ 8.478658296861957, 48.278544217813547 ], [ 8.478609020859977, 48.27863153319155 ] ] ] } },
{ "type": "Feature", "properties": { "Gemarkung": "Wittendorf", "Schluessel": "084515", "Ebene": "Gemarkung" }, "geometry": { "type": "Polygon", "coordinates": [ [ [ 8.497216422981461, 48.405078381359935 ], [ 8.496389579375508, 48.404947193660291 ], [ 8.496577320731344, 48.403434788401555 ], [ 8.496519862538655, 48.402137767854391 ], [ 8.497268429763839, 48.400404517904981 ], [ 8.497166789567736, 48.399860319341443 ], [ 8.495812257216196, 48.399830640715379 ], [ 8.494152193553203, 48.399657367054573 ], [ 8.490661573006554, 48.398636867498105 ], [ 8.490134893562914, 48.399751012992077 ], [ 8.487976738067699, 48.399051389872739 ], [ 8.48790422153972, 48.399142292682939 ], [ 8.488542092360065, 48.399433560962059 ], [ 8.487491596329479, 48.400112898042025 ], [ 8.486733263536541, 48.3999640426509 ], [ 8.481536193002841, 48.398156175407124 ], [ 8.48093864732011, 48.399895763366359 ], [ 8.479071597480139, 48.399304435548132 ], [ 8.479807757364343, 48.398577152025609 ], [ 8.4807545075845, 48.397824094376553 ], [ 8.479344498627377, 48.397107350482955 ], [ 8.478122698555989, 48.39598290705797 ], [ 8.475612558846867, 48.396833189190623 ], [ 8.471428515913159, 48.398043610026626 ], [ 8.469872321405408, 48.39805498337725 ], [ 8.467391415065032, 48.398709094756747 ], [ 8.465600968008085, 48.399336312952585 ], [ 8.465797141126515, 48.400187582977892 ], [ 8.466322327385809, 48.400468644967802 ], [ 8.466868302846915, 48.400726049840081 ], [ 8.469775920556645, 48.401546211002916 ], [ 8.46889999330064, 48.403481568116277 ], [ 8.46919381641972, 48.40356425323116 ], [ 8.467635610242329, 48.405733060990116 ], [ 8.466967802232359, 48.405724481315339 ], [ 8.466768352086397, 48.405777446772177 ], [ 8.466843980261716, 48.405807036166806 ], [ 8.466638229946453, 48.405932664689551 ], [ 8.46881062383066, 48.406432668735427 ], [ 8.46816262280764, 48.407996611856746 ], [ 8.468511984646524, 48.408314906134599 ], [ 8.468435982037127, 48.408502313886039 ], [ 8.46852324004769, 48.408972428926035 ], [ 8.469206333657992, 48.409632782942055 ], [ 8.470047144853028, 48.409421730093612 ], [ 8.470926137352068, 48.409854102729909 ], [ 8.472372021956904, 48.41101806289506 ], [ 8.472537217523875, 48.411351783911854 ], [ 8.472491916143589, 48.412386903165711 ], [ 8.472983506431746, 48.412913836515486 ], [ 8.47339141427905, 48.412960507063637 ], [ 8.4732375785372, 48.413122101258033 ], [ 8.474494138690314, 48.414076176521597 ], [ 8.474769646743107, 48.414671118762783 ], [ 8.474891794513104, 48.41525069608911 ], [ 8.474990507489951, 48.415297658839478 ], [ 8.475329719629572, 48.416059686791712 ], [ 8.47596772865403, 48.41602228950164 ], [ 8.476492763130706, 48.416247254720837 ], [ 8.477244540040054, 48.416173032100438 ], [ 8.477410969225097, 48.4160350608649 ], [ 8.478399216647707, 48.416333912868318 ], [ 8.478899001389205, 48.417219191225598 ], [ 8.478829138160984, 48.417310819811455 ], [ 8.479039241417116, 48.417686658495889 ], [ 8.479397571672628, 48.417722107379667 ], [ 8.481143225275435, 48.418568652608855 ], [ 8.481898181903876, 48.419088637504267 ], [ 8.482557021354642, 48.419359160121473 ], [ 8.483742610926697, 48.419532541367666 ], [ 8.483847948864529, 48.419674350043181 ], [ 8.485864602583828, 48.420587803419814 ], [ 8.487935215634989, 48.420886456037856 ], [ 8.48873267323501, 48.421275954757313 ], [ 8.488818104433729, 48.421382853660042 ], [ 8.488121418660628, 48.421846948299951 ], [ 8.487371984571604, 48.422555150433773 ], [ 8.489101635849575, 48.423126387722299 ], [ 8.489579942068573, 48.424858909208659 ], [ 8.489293496983212, 48.425562338869838 ], [ 8.48930520070822, 48.425905249711604 ], [ 8.489437803506425, 48.426161880217933 ], [ 8.490556034805522, 48.427182547710252 ], [ 8.490588804939073, 48.42735263775279 ], [ 8.491490293852785, 48.427800515121312 ], [ 8.491968590876162, 48.427918953215716 ], [ 8.494529168866226, 48.427207715960918 ], [ 8.497940379824508, 48.428220637540299 ], [ 8.497038474186384, 48.429109876896852 ], [ 8.496125581589119, 48.429726195534322 ], [ 8.495746526500046, 48.430395767885713 ], [ 8.495600124979752, 48.431378809131552 ], [ 8.495806502486468, 48.431616592711563 ], [ 8.496374484006163, 48.431939357057331 ], [ 8.496890740239536, 48.432421851072299 ], [ 8.498441485415102, 48.433372268364316 ], [ 8.50006684917299, 48.434122815619361 ], [ 8.501438715268193, 48.434616020215891 ], [ 8.501188381168364, 48.434831932021417 ], [ 8.501646559674816, 48.435053522773138 ], [ 8.502423653984865, 48.43529106548656 ], [ 8.503692704803916, 48.435477106332762 ], [ 8.504480301224467, 48.435706853427419 ], [ 8.505449246231665, 48.435876917861023 ], [ 8.506964894768425, 48.435996508030129 ], [ 8.507618303322122, 48.435913928471805 ], [ 8.509015922702304, 48.435416723474823 ], [ 8.509476677597641, 48.435037684860632 ], [ 8.509524027450379, 48.434781665158368 ], [ 8.509234291980633, 48.434066644151081 ], [ 8.509420689258917, 48.433438490530492 ], [ 8.509337341333902, 48.43295421102011 ], [ 8.509469597989224, 48.432360283115635 ], [ 8.50976324123442, 48.43196577637287 ], [ 8.509848011225159, 48.43168400575869 ], [ 8.509626085381932, 48.431228824571512 ], [ 8.509641638665274, 48.430539665259936 ], [ 8.509513547291663, 48.430266074085601 ], [ 8.510201563854944, 48.429865869212513 ], [ 8.511158990401441, 48.429521863888318 ], [ 8.511868437804347, 48.429069380128723 ], [ 8.512167440133297, 48.428562972688376 ], [ 8.51238683552543, 48.427545852679252 ], [ 8.5138709825319, 48.426082634926615 ], [ 8.513352647596227, 48.425482083075302 ], [ 8.512370397403632, 48.424982754359377 ], [ 8.512222127926215, 48.424981406226948 ], [ 8.511407624708637, 48.424498164291577 ], [ 8.511242640242379, 48.424590847921586 ], [ 8.510292493907363, 48.424031990524938 ], [ 8.511717753483156, 48.423476931784506 ], [ 8.511491283719183, 48.423385015353098 ], [ 8.511530566496356, 48.423249244090528 ], [ 8.513100454997982, 48.423581752899949 ], [ 8.514160320361661, 48.423565450594438 ], [ 8.515189435644341, 48.423712476454021 ], [ 8.515356479485261, 48.42362960208267 ], [ 8.516167504672044, 48.423655776322008 ], [ 8.516605007960708, 48.422547439582829 ], [ 8.517133779005785, 48.422575119937449 ], [ 8.518195248005224, 48.421986336055355 ], [ 8.517252308566894, 48.421191586246387 ], [ 8.516758181486251, 48.420476444587834 ], [ 8.516673601538079, 48.420159680200619 ], [ 8.516381754215073, 48.420092779056723 ], [ 8.515893667023093, 48.420124643705066 ], [ 8.515322146938169, 48.419947434589282 ], [ 8.51622873618976, 48.418798609665501 ], [ 8.518243762714393, 48.418411394641161 ], [ 8.518663116378756, 48.418242484718334 ], [ 8.518998450132555, 48.417968232139351 ], [ 8.519226501690769, 48.417303619121931 ], [ 8.519224200143995, 48.416730708008366 ], [ 8.519497604249191, 48.416214637243371 ], [ 8.519711600988389, 48.416136720710696 ], [ 8.51985305978493, 48.415595627566255 ], [ 8.520487558187254, 48.41516571829866 ], [ 8.521022682501616, 48.414250116779961 ], [ 8.522420251233926, 48.413218980815564 ], [ 8.522331439456789, 48.412716693271683 ], [ 8.522622732864425, 48.41113558433139 ], [ 8.521356688762845, 48.410383968695918 ], [ 8.520622112205809, 48.410110653422443 ], [ 8.518611732300256, 48.40914034585898 ], [ 8.518966542315477, 48.409001123194209 ], [ 8.518413594571964, 48.408743757124697 ], [ 8.517794493862368, 48.40912387884886 ], [ 8.516122270920345, 48.409423462262588 ], [ 8.515569482718018, 48.408751970542099 ], [ 8.514973474062431, 48.408278848485743 ], [ 8.51413318615416, 48.407350094649331 ], [ 8.513577198853161, 48.407033314929009 ], [ 8.512143880703151, 48.406531624770857 ], [ 8.509819783956328, 48.405238024178956 ], [ 8.509010836475284, 48.405489988232965 ], [ 8.507578596696383, 48.405795509495661 ], [ 8.504848602658626, 48.405937815324002 ], [ 8.50144777422044, 48.405991504150137 ], [ 8.499653799702148, 48.405934325748042 ], [ 8.499691832354566, 48.405404322106321 ], [ 8.499224116496581, 48.405356314863447 ], [ 8.499074090982143, 48.405278201174895 ], [ 8.498897928150948, 48.405453767270984 ], [ 8.498261681995704, 48.405244702788863 ], [ 8.49785144825813, 48.405232387172269 ], [ 8.497688533390281, 48.405255966860196 ], [ 8.497585241526746, 48.405426810963299 ], [ 8.497418985582913, 48.405487711529943 ], [ 8.497706802804712, 48.405225638139825 ], [ 8.497667783041127, 48.4050717160601 ], [ 8.497216422981461, 48.405078381359935 ] ] ] } },
{ "type": "Feature", "properties": { "Gemarkung": "Wittershausen", "Schluessel": "085761", "Ebene": "Gemarkung" }, "geometry": { "type": "Polygon", "coordinates": [ [ [ 8.661212408771219, 48.30068694521114 ], [ 8.660565326356618, 48.300927319293038 ], [ 8.659997317140053, 48.301036661198765 ], [ 8.659492021513961, 48.301387208422682 ], [ 8.658811139982168, 48.301354961557387 ], [ 8.65863515536428, 48.301478324347102 ], [ 8.658535014493753, 48.30189565532649 ], [ 8.657929208056116, 48.302533522642861 ], [ 8.657014696989799, 48.30238955041343 ], [ 8.655635945233424, 48.302341436495347 ], [ 8.655303294171508, 48.302459376783389 ], [ 8.654960176323684, 48.302709536635554 ], [ 8.65465754050622, 48.302995084194038 ], [ 8.654599285801172, 48.303314922912705 ], [ 8.653602460629921, 48.303477554764228 ], [ 8.652953630167932, 48.303189502803974 ], [ 8.651749983048965, 48.302137115733444 ], [ 8.652323684459386, 48.303199475931855 ], [ 8.649908793841176, 48.303734923204331 ], [ 8.649049240838757, 48.303698295949495 ], [ 8.646787304496755, 48.30338017478789 ], [ 8.645783696141365, 48.303194094781276 ], [ 8.644901213361328, 48.302907256791777 ], [ 8.644665718659002, 48.303128208903338 ], [ 8.644430046691769, 48.303219067262717 ], [ 8.641165718939233, 48.304341257446609 ], [ 8.641965958876231, 48.304915403457542 ], [ 8.640349674668267, 48.305443416765627 ], [ 8.638470537458977, 48.306351232876672 ], [ 8.63837726130766, 48.306173074368644 ], [ 8.637065508731922, 48.306496873202434 ], [ 8.636222456901649, 48.30697949318921 ], [ 8.636264685450332, 48.306863119154471 ], [ 8.63578312878893, 48.305988103093455 ], [ 8.634922558626048, 48.305655284784663 ], [ 8.634206416111962, 48.305512930332085 ], [ 8.632546071119375, 48.306604338758682 ], [ 8.632870338282666, 48.306876715535715 ], [ 8.632645614793752, 48.306958767868892 ], [ 8.633987006750584, 48.308134597873874 ], [ 8.632616741533983, 48.308708088652693 ], [ 8.632221597988247, 48.308970069908518 ], [ 8.632064987000557, 48.309181171924443 ], [ 8.631186849096281, 48.308718177055304 ], [ 8.631105341011406, 48.308893621655699 ], [ 8.626878036482211, 48.307173306919566 ], [ 8.626137782900519, 48.30699024880618 ], [ 8.626851397504419, 48.311271407587135 ], [ 8.626664666671227, 48.311077732022888 ], [ 8.626403059718895, 48.310979897929393 ], [ 8.623239887153511, 48.310276922279485 ], [ 8.623330191635391, 48.312483663552122 ], [ 8.623042647914922, 48.315211155527756 ], [ 8.622921966902991, 48.315297668203328 ], [ 8.621466908689467, 48.314709631744513 ], [ 8.620139979316075, 48.316125478306596 ], [ 8.62045204474822, 48.31635088651241 ], [ 8.619963462001602, 48.316573561249513 ], [ 8.620084925654698, 48.316727896253632 ], [ 8.619997815131304, 48.316742722965557 ], [ 8.620264739764265, 48.317016924617029 ], [ 8.621236152725873, 48.317622277462213 ], [ 8.619866443308137, 48.319683313157917 ], [ 8.619661693806155, 48.319826223740058 ], [ 8.621185659002277, 48.320616485430897 ], [ 8.620701830915594, 48.321611995745435 ], [ 8.622988371193507, 48.322889037879214 ], [ 8.623796083124896, 48.323430944768731 ], [ 8.624493678322581, 48.324329205623222 ], [ 8.624717749549257, 48.324127601142777 ], [ 8.625680252631286, 48.325091224998523 ], [ 8.626725950033437, 48.325733118856128 ], [ 8.626596612757465, 48.326189731239005 ], [ 8.628967826715105, 48.327168867622483 ], [ 8.62779010268947, 48.330220159313249 ], [ 8.627443374877185, 48.331477403670505 ], [ 8.627638575930717, 48.331667236075958 ], [ 8.626725736880148, 48.335301367141767 ], [ 8.631675446189471, 48.337724924118127 ], [ 8.631975109229511, 48.337673972419623 ], [ 8.63179993283361, 48.337321371826043 ], [ 8.631870728445396, 48.337309182999768 ], [ 8.631529391529369, 48.335971633421138 ], [ 8.631029022642426, 48.333114482478749 ], [ 8.634478077688296, 48.33360015928023 ], [ 8.634584166425723, 48.333821904726584 ], [ 8.635420291814217, 48.333939985303495 ], [ 8.637316864976233, 48.333616432345472 ], [ 8.637462765668731, 48.333401061844803 ], [ 8.637366950354734, 48.332052336729419 ], [ 8.637012959232823, 48.33054328550412 ], [ 8.636836924154984, 48.3305381415461 ], [ 8.637088006414134, 48.330405783009461 ], [ 8.637600068722742, 48.330362144105202 ], [ 8.637588650755156, 48.330278888764006 ], [ 8.63838105601255, 48.330581422205711 ], [ 8.638483216079372, 48.330558801776782 ], [ 8.640823171724312, 48.327961680557571 ], [ 8.642832327466994, 48.328519523925138 ], [ 8.64378107336808, 48.328439066665425 ], [ 8.644300194201456, 48.328210987633383 ], [ 8.644927168582464, 48.327799076966478 ], [ 8.645583644893435, 48.327703577448354 ], [ 8.64589230707808, 48.327530981906868 ], [ 8.646240257333426, 48.3275100106625 ], [ 8.646247843193372, 48.327427534328379 ], [ 8.647355035343017, 48.328019677587704 ], [ 8.647299508352024, 48.327150426935276 ], [ 8.64768978105935, 48.325920335543763 ], [ 8.648240024991148, 48.325633045764761 ], [ 8.648848931872056, 48.325171126663257 ], [ 8.649104227130172, 48.323413141560252 ], [ 8.64806565260305, 48.322741243929563 ], [ 8.647974829939431, 48.322609074393796 ], [ 8.647679079613399, 48.320539917297175 ], [ 8.64879541917716, 48.321057582814703 ], [ 8.649883878771069, 48.321828409694433 ], [ 8.650458003629645, 48.322400996442845 ], [ 8.651175398912356, 48.323548364033869 ], [ 8.652486373561006, 48.323052745672065 ], [ 8.653927258885643, 48.32227383736506 ], [ 8.654915653872671, 48.321495263648366 ], [ 8.656855235488274, 48.320243147614988 ], [ 8.661008406218889, 48.317036442128035 ], [ 8.66434537889732, 48.313738678567553 ], [ 8.664544898118626, 48.312868828753935 ], [ 8.665254597107415, 48.312065960496682 ], [ 8.665410836201783, 48.311417662030159 ], [ 8.666717747775801, 48.310979897679573 ], [ 8.667515832168744, 48.309682901719306 ], [ 8.668958530025861, 48.309426608186406 ], [ 8.670796232530268, 48.309421716516212 ], [ 8.670406357451068, 48.308245808444681 ], [ 8.670620294305644, 48.306603979991635 ], [ 8.670966219576664, 48.305216865743887 ], [ 8.670916779395807, 48.304831304622233 ], [ 8.670094426986157, 48.304750587258859 ], [ 8.669623331451554, 48.304863583379124 ], [ 8.668965132622054, 48.304839828785454 ], [ 8.668352712767863, 48.304972835418511 ], [ 8.668234128123569, 48.304897100860636 ], [ 8.667710204994579, 48.304899996770899 ], [ 8.667391620490239, 48.305137759007422 ], [ 8.667221063420175, 48.304945995281003 ], [ 8.667132365022196, 48.304982085377475 ], [ 8.667142135170065, 48.30462017540205 ], [ 8.667333697216494, 48.303405541810697 ], [ 8.667449183520654, 48.303355494114051 ], [ 8.665441199147446, 48.302150586702595 ], [ 8.665319022772604, 48.30221338828116 ], [ 8.663156834912959, 48.300645333604166 ], [ 8.661414031355969, 48.299927404998087 ], [ 8.660848954572199, 48.300145620225095 ], [ 8.661212408771219, 48.30068694521114 ] ] ] } },
{ "type": "Feature", "properties": { "Gemarkung": "Wälde", "Schluessel": "084521", "Ebene": "Gemarkung" }, "geometry": { "type": "Polygon", "coordinates": [ [ [ 8.46204145112049, 48.365214392054817 ], [ 8.461601258250388, 48.365347372618729 ], [ 8.46029573320371, 48.365278638537852 ], [ 8.46006851035227, 48.365188865260308 ], [ 8.458401800476519, 48.365046800521341 ], [ 8.456017537907474, 48.364661379902095 ], [ 8.454853537878877, 48.364604498981073 ], [ 8.454151427344282, 48.364382011059206 ], [ 8.453564614110068, 48.365535925896502 ], [ 8.453751705261672, 48.366435850550644 ], [ 8.453180744453382, 48.367064433548833 ], [ 8.453099242119086, 48.36828309308337 ], [ 8.453235053518117, 48.368726374074427 ], [ 8.453554656166988, 48.36880157521253 ], [ 8.454863193236326, 48.368519800316491 ], [ 8.455732386531004, 48.368628186988047 ], [ 8.456574802657025, 48.368512513873327 ], [ 8.456958372022514, 48.368629302338789 ], [ 8.457041994200386, 48.368561682326707 ], [ 8.457388505116997, 48.368646356325186 ], [ 8.45747295360899, 48.368513604119919 ], [ 8.457604896354884, 48.368549223255727 ], [ 8.457923769727836, 48.368273809188125 ], [ 8.458522801169579, 48.368635686718953 ], [ 8.45860486596607, 48.368931343127805 ], [ 8.458419639685914, 48.369667567086239 ], [ 8.457582489611799, 48.371599882314605 ], [ 8.458469766851303, 48.371651024793714 ], [ 8.459311605699201, 48.371440954084399 ], [ 8.460884946446958, 48.370521772779902 ], [ 8.463699852277596, 48.369595589156205 ], [ 8.464689259466176, 48.369432949491426 ], [ 8.463251604288457, 48.370183499068936 ], [ 8.464443144078938, 48.370987864716582 ], [ 8.464815632746738, 48.371083163289072 ], [ 8.464969182889343, 48.371441854161532 ], [ 8.464879598576815, 48.37365119391891 ], [ 8.465128503386566, 48.37391856212718 ], [ 8.465091803540513, 48.374083299991568 ], [ 8.465281086694212, 48.374538240542996 ], [ 8.465793848471113, 48.375103812522617 ], [ 8.466205124533614, 48.376025988022263 ], [ 8.466445034714727, 48.376160790999585 ], [ 8.465426942657636, 48.376690915150711 ], [ 8.466616284151009, 48.378124201981336 ], [ 8.466239694235041, 48.378157632271197 ], [ 8.468438818934425, 48.378752325555972 ], [ 8.46692765229281, 48.379163767078794 ], [ 8.464730124548366, 48.379473034451394 ], [ 8.464593567397738, 48.379603839881199 ], [ 8.465402490651487, 48.379722848474785 ], [ 8.465025042701216, 48.379940072068138 ], [ 8.464992632148858, 48.380107438702922 ], [ 8.464738465859211, 48.380364909733132 ], [ 8.464336790092391, 48.380303302586086 ], [ 8.464235004397148, 48.38037633113629 ], [ 8.463981719644325, 48.380690843255117 ], [ 8.463854099175972, 48.380716068934163 ], [ 8.463882078721994, 48.380919613219518 ], [ 8.463463058883676, 48.381094443716457 ], [ 8.463300172161969, 48.381275326004932 ], [ 8.462171426886369, 48.383386242720562 ], [ 8.462685943226411, 48.383636234062678 ], [ 8.462832216658331, 48.383263826846708 ], [ 8.463926331614465, 48.381721329497083 ], [ 8.464966391976587, 48.380858715593043 ], [ 8.465752788399039, 48.380344703703202 ], [ 8.466149409748176, 48.380192432445206 ], [ 8.467825543130147, 48.379920402527596 ], [ 8.468575650983301, 48.379865481664758 ], [ 8.468659655566809, 48.381279690661067 ], [ 8.466683238159604, 48.381372117820234 ], [ 8.466191879729882, 48.381490933727996 ], [ 8.46561056493465, 48.381958758938396 ], [ 8.46490614764334, 48.382869812517995 ], [ 8.46442633055702, 48.383830669159096 ], [ 8.464429324979211, 48.384188928870941 ], [ 8.464648136528679, 48.384497092151456 ], [ 8.464705019659174, 48.385164816642927 ], [ 8.463669456168969, 48.38620765101183 ], [ 8.463535774979615, 48.386923878862852 ], [ 8.463702566206965, 48.386912960845322 ], [ 8.463445873673097, 48.388010791602746 ], [ 8.462605401459246, 48.388759436417217 ], [ 8.461010434906999, 48.389846774366454 ], [ 8.460464746846304, 48.390495931856243 ], [ 8.460450621030558, 48.390924914391967 ], [ 8.460032187458902, 48.391354609137537 ], [ 8.459270028663575, 48.391803379634531 ], [ 8.459589351908292, 48.392544491848057 ], [ 8.460283190705711, 48.393204681619473 ], [ 8.466098515454085, 48.393581422499338 ], [ 8.470054810625642, 48.393101930636071 ], [ 8.47349348622549, 48.391067569233279 ], [ 8.476491459234108, 48.389910249745768 ], [ 8.478548493674525, 48.3896921566473 ], [ 8.479454267860602, 48.388995601654067 ], [ 8.479791730213199, 48.388885300001718 ], [ 8.480809155596354, 48.38801839323461 ], [ 8.481308588215283, 48.38722750383382 ], [ 8.480683669994567, 48.386996440517756 ], [ 8.480088821665305, 48.386571992333344 ], [ 8.47944053583802, 48.385613889444315 ], [ 8.480004396758531, 48.385207002926307 ], [ 8.480905474060089, 48.384856245108736 ], [ 8.481476696414497, 48.384719913078861 ], [ 8.483053149170386, 48.384628224256979 ], [ 8.484021066299986, 48.384770397524804 ], [ 8.484105196495401, 48.384718414444315 ], [ 8.483601510092539, 48.384120758122123 ], [ 8.483583954846228, 48.382237955147026 ], [ 8.484333418331046, 48.381325909745264 ], [ 8.485155437968851, 48.380662401105717 ], [ 8.486234191273075, 48.379137796052667 ], [ 8.48704454549018, 48.379158955396591 ], [ 8.487285181751499, 48.379067002864048 ], [ 8.487842974999008, 48.378120612377096 ], [ 8.488014980208987, 48.377707532766514 ], [ 8.487859534596188, 48.377654480480523 ], [ 8.488068242617874, 48.377230678208328 ], [ 8.488096158732981, 48.375752744947661 ], [ 8.487978640858712, 48.375756000575656 ], [ 8.48803536081701, 48.374961040104075 ], [ 8.488154686154758, 48.37496588943624 ], [ 8.488728245665692, 48.373450166769494 ], [ 8.488013210360137, 48.373385629773352 ], [ 8.487043635064241, 48.371358595426315 ], [ 8.486467763691362, 48.371154501452537 ], [ 8.486860547945572, 48.370725764583973 ], [ 8.486289958772918, 48.370359753611503 ], [ 8.485885607640693, 48.369777753552988 ], [ 8.486106823983821, 48.369746353994366 ], [ 8.486099946068986, 48.369316103559584 ], [ 8.48572075021643, 48.368301926153812 ], [ 8.485728760403926, 48.367801388330612 ], [ 8.486024607281495, 48.366578446094813 ], [ 8.484187213203489, 48.366199920214669 ], [ 8.483755351374436, 48.366729145474586 ], [ 8.483594818260871, 48.367116270671687 ], [ 8.483585691770173, 48.368045673774219 ], [ 8.483731858222702, 48.36841231354888 ], [ 8.483346921354419, 48.368625065596007 ], [ 8.483053278542039, 48.368035185611781 ], [ 8.483006986331876, 48.367606377121689 ], [ 8.48244826257941, 48.367527933159096 ], [ 8.482369514256691, 48.368210604625823 ], [ 8.48027358261518, 48.368344021791067 ], [ 8.478970053502801, 48.368241771348679 ], [ 8.479099286078688, 48.367816365119531 ], [ 8.475604326931466, 48.366630652376912 ], [ 8.475415100497415, 48.366466410424984 ], [ 8.474597301921094, 48.367110257573749 ], [ 8.473410747875967, 48.367675220243427 ], [ 8.473275983522615, 48.367571951488465 ], [ 8.472066312584992, 48.367575493244694 ], [ 8.472013286012643, 48.368342664381238 ], [ 8.4707399186206, 48.368328176449999 ], [ 8.470037996665148, 48.368921782984749 ], [ 8.469313980697292, 48.368768291302992 ], [ 8.468608943130569, 48.369010285580636 ], [ 8.4656618680236, 48.368526470035306 ], [ 8.464957418671606, 48.368027840183316 ], [ 8.464392899009752, 48.366869053188083 ], [ 8.463399115305515, 48.366154855777346 ], [ 8.463564946635389, 48.366126030160821 ], [ 8.463876718405301, 48.365828074763805 ], [ 8.463887732519144, 48.365679141440779 ], [ 8.464243945676424, 48.36546874967641 ], [ 8.46342255502997, 48.365285887962997 ], [ 8.463053193316897, 48.365321230818331 ], [ 8.46204145112049, 48.365214392054817 ] ] ] } },
{ "type": "Feature", "properties": { "Gemarkung": "Zimmern", "Schluessel": "085920", "Ebene": "Gemarkung" }, "geometry": { "type": "Polygon", "coordinates": [ [ [ 8.597387375588497, 48.159453171319697 ], [ 8.594343098041071, 48.159518222398574 ], [ 8.593597125412533, 48.158623178722216 ], [ 8.593488779877262, 48.158669579805363 ], [ 8.593117048616207, 48.158302717959714 ], [ 8.589522729646193, 48.158265646748575 ], [ 8.589357699932989, 48.158455612976901 ], [ 8.587441254026022, 48.158438044080228 ], [ 8.58504283313121, 48.158608810122452 ], [ 8.584116213222215, 48.158624354863186 ], [ 8.582156076451373, 48.158488859475234 ], [ 8.576172506161916, 48.157537565899524 ], [ 8.576265573510405, 48.157339615886102 ], [ 8.576170802692259, 48.157287264014002 ], [ 8.5737283261833, 48.157048179566537 ], [ 8.57270905277648, 48.156808404597648 ], [ 8.571850097859061, 48.15671074015787 ], [ 8.571167971732216, 48.157838756210325 ], [ 8.570646780411352, 48.158934080497808 ], [ 8.569909239412143, 48.15992809683992 ], [ 8.568613169989609, 48.162063617227595 ], [ 8.567746521563619, 48.163736494914879 ], [ 8.567465733390097, 48.164102964385798 ], [ 8.56719295469914, 48.164284215971648 ], [ 8.565828290342518, 48.164003582719175 ], [ 8.565739512564553, 48.164149178005729 ], [ 8.561431263066437, 48.163209283290215 ], [ 8.561045954273318, 48.163747450124681 ], [ 8.560465058265578, 48.163550356234943 ], [ 8.560030663776212, 48.165061892682616 ], [ 8.559177813708184, 48.165352825652946 ], [ 8.559254368907974, 48.165443268714874 ], [ 8.558908904206262, 48.16569034952677 ], [ 8.557549722175244, 48.165085928591814 ], [ 8.556190125488387, 48.164735923859965 ], [ 8.555563864196271, 48.165696718368643 ], [ 8.555188118744899, 48.165586221856834 ], [ 8.555106708756572, 48.165715822844554 ], [ 8.556909265532859, 48.166135835542534 ], [ 8.557629018638224, 48.166374237974217 ], [ 8.557281671540776, 48.166838403127585 ], [ 8.558087552086587, 48.167228553060369 ], [ 8.557671119354598, 48.167593577196484 ], [ 8.557131952328204, 48.168326012376816 ], [ 8.556832938665661, 48.168282844202878 ], [ 8.556704092185406, 48.168548207306387 ], [ 8.556666464356585, 48.168763089326561 ], [ 8.556795133523632, 48.169127152286109 ], [ 8.557255165409547, 48.169542964734745 ], [ 8.558642631897659, 48.169356665355352 ], [ 8.561042540465589, 48.169395904742032 ], [ 8.563601727137664, 48.169542672542285 ], [ 8.564714781226074, 48.169501098314079 ], [ 8.564748652528021, 48.16967855643167 ], [ 8.564446571519557, 48.169837108057436 ], [ 8.563905878434401, 48.170773979529443 ], [ 8.564046836847908, 48.170916665967219 ], [ 8.566603102381114, 48.171499887579088 ], [ 8.566660346742458, 48.171586114191378 ], [ 8.566666305629813, 48.17249122929244 ], [ 8.565474645069292, 48.174505914708348 ], [ 8.562913882939522, 48.176224068677136 ], [ 8.562354337569014, 48.175998185879003 ], [ 8.561954163414581, 48.1765815526295 ], [ 8.559706666825607, 48.179000429694732 ], [ 8.559182207224241, 48.180454483472914 ], [ 8.559178772912055, 48.180682452568981 ], [ 8.55939905377118, 48.180644070452772 ], [ 8.558578463787191, 48.181283573188502 ], [ 8.557846966096527, 48.182276632198167 ], [ 8.557743004461086, 48.182663999947955 ], [ 8.557818074042714, 48.182898568763804 ], [ 8.557528941967314, 48.183698182860716 ], [ 8.55731509155172, 48.184113017587244 ], [ 8.556380546614522, 48.185351260677272 ], [ 8.556562003095044, 48.185480346897386 ], [ 8.556779242056699, 48.185142000593622 ], [ 8.557304920858298, 48.18548159080121 ], [ 8.558069883877037, 48.185813731570391 ], [ 8.560263604527826, 48.186391469289873 ], [ 8.564883870432672, 48.187922691970726 ], [ 8.566634833504395, 48.188132546439384 ], [ 8.569751942468386, 48.188831889419227 ], [ 8.571502886652347, 48.189066231181975 ], [ 8.574602912466405, 48.189633483953045 ], [ 8.576995304061972, 48.189901423089729 ], [ 8.578162862516113, 48.190107604092766 ], [ 8.580434189921771, 48.190310519432167 ], [ 8.580538780679316, 48.190733846036046 ], [ 8.583858239677355, 48.190730705269836 ], [ 8.584306316388188, 48.190546000311258 ], [ 8.584452273865885, 48.190366949604709 ], [ 8.584822604049467, 48.190628298453312 ], [ 8.585833532083534, 48.190374093444213 ], [ 8.586555750686733, 48.190364727229451 ], [ 8.587997450687828, 48.190553080320328 ], [ 8.589686001534325, 48.190884447857712 ], [ 8.590245249242253, 48.189343291968392 ], [ 8.590489329252266, 48.188346043902165 ], [ 8.591016930829396, 48.18729231387276 ], [ 8.591103844065126, 48.187326451459185 ], [ 8.591473225786094, 48.186557448583386 ], [ 8.592736047600413, 48.18451881872091 ], [ 8.593557912607924, 48.183653794338426 ], [ 8.593902762695562, 48.183138139823562 ], [ 8.596343511692931, 48.181367954121271 ], [ 8.597669761596228, 48.180259503667308 ], [ 8.598414040985629, 48.17950843346069 ], [ 8.600359388975704, 48.176843484340132 ], [ 8.600202685116134, 48.176513651687898 ], [ 8.600239688507896, 48.176131500658698 ], [ 8.600514917666905, 48.175697185777743 ], [ 8.600950931299973, 48.175343591164875 ], [ 8.602506431155961, 48.174631384846876 ], [ 8.60371749350519, 48.173279817744302 ], [ 8.604394148244143, 48.172814667517201 ], [ 8.604893069949192, 48.17224957630426 ], [ 8.605173991236679, 48.171346259063831 ], [ 8.605702409160251, 48.170720266251202 ], [ 8.605744862573026, 48.170551179384617 ], [ 8.605554487139427, 48.170558623529033 ], [ 8.60561309696182, 48.170457609029334 ], [ 8.605813948973912, 48.170452000103005 ], [ 8.606023779123333, 48.170240031736668 ], [ 8.606271177170989, 48.169653289039616 ], [ 8.606393485311795, 48.169260181582835 ], [ 8.606405959835186, 48.168227554955777 ], [ 8.606763577676425, 48.167489049980638 ], [ 8.606206701295521, 48.167428843363552 ], [ 8.606077221674536, 48.16735381502717 ], [ 8.606121788129322, 48.165713824043955 ], [ 8.605968631926835, 48.1655173455731 ], [ 8.606028531868189, 48.165440177117773 ], [ 8.604921764551781, 48.165607140588627 ], [ 8.604924044720578, 48.165450331584339 ], [ 8.604541702258768, 48.165502188816937 ], [ 8.604526024513033, 48.165424761106827 ], [ 8.604691222525071, 48.165331041303929 ], [ 8.604723243801738, 48.164961736622288 ], [ 8.604862176503975, 48.164785514171093 ], [ 8.605551406795016, 48.164523460957319 ], [ 8.605619040611259, 48.164384690121345 ], [ 8.605046690118041, 48.163576867943654 ], [ 8.603470765037782, 48.162188880346662 ], [ 8.602502945723337, 48.160758440319221 ], [ 8.59793055622959, 48.160651398316638 ], [ 8.597064665621783, 48.160137249007683 ], [ 8.597381663305065, 48.159719191429197 ], [ 8.597387375588497, 48.159453171319697 ] ] ] } }
]
}
